Year,Make,Model,Trim,Engine,Fuel,Odometer,Sale Date,Province,Price
2018,GMC,Acadia,SLE,4,Gasoline,149265.0,2025/11/28,Quebec,10000
2023,GMC,Canyon,AT4X,4,Gasoline,38045.0,2025/11/28,Ontario,56500
2022,GMC,Sierra 1500,Elevation,8,Gasoline,85070.0,2025/11/28,Manitoba,43300
2024,GMC,Sierra 3500HD,SLT,8,Diesel,32892.0,2025/11/28,British Columbia,78600
2024,GMC,Sierra 1500,AT4,6,Diesel,69585.0,2025/11/28,Ontario,63500
2019,GMC,Sierra 1500,"4WD DOUBLE CAB 147""",8,Gasoline,141876.0,2025/11/28,Quebec,23000
2022,GMC,Terrain,SLE,4,Gasoline,208994.0,2025/11/28,Ontario,9000
2023,GMC,Yukon,Denali,8,Gasoline,67559.0,2025/11/28,Ontario,71000
2024,GMC,Terrain,SLE,4,Gasoline,18997.0,2025/11/28,Quebec,25000
2014,GMC,Sierra 1500,Denali,8,Flex,124416.0,2025/11/28,Ontario,14900
2023,GMC,Yukon,AT4,8,Gasoline,24100.0,2025/11/28,Ontario,82300
2019,GMC,Yukon XL,SLT,8,Flex,167664.0,2025/11/28,Ontario,27000
2021,GMC,Canyon,4WD AT4,6,Gasoline,75159.0,2025/11/27,Ontario,33000
2017,GMC,Yukon,SLE,8,Gasoline,216342.0,2025/11/27,Saskatchewan,14200
2023,GMC,Sierra 3500HD,Denali,8,Diesel,62460.0,2025/11/27,Ontario,73100
2023,GMC,Sierra 1500,Pro,4,Gasoline,67000.0,2025/11/27,British Columbia,33300
2023,GMC,Terrain,SLE,4,Gasoline,21287.0,2025/11/27,Alberta,23000
2017,GMC,Sierra 1500,"4WD DOUBLE CAB 143.5""",8,Gasoline,202147.0,2025/11/27,Ontario,9700
2019,GMC,Sierra 1500,Elevation,8,Gasoline,125190.0,2025/11/27,Ontario,27400
2023,GMC,Terrain,SLE,4,Gasoline,103638.0,2025/11/27,Ontario,19500
2021,GMC,Canyon,4WD AT4,6,Gasoline,137685.0,2025/11/26,Alberta,31200
2018,GMC,Yukon,Denali,8,Flex,138761.0,2025/11/26,Ontario,35000
2025,GMC,Sierra 1500,Denali,6,Diesel,22757.0,2025/11/26,Ontario,71500
2023,GMC,Sierra 2500HD,AT4,8,Diesel,148864.0,2025/11/26,Ontario,59000
2019,GMC,Yukon,Denali,8,Flex,129431.0,2025/11/26,Manitoba,36500
2018,GMC,Sierra 1500,SLE,8,Gasoline,235308.0,2025/11/26,Ontario,10200
2018,GMC,Yukon,Denali,8,Flex,143242.0,2025/11/26,Alberta,30500
2015,GMC,Sierra 1500,SLT,8,Flex,110157.0,2025/11/26,Manitoba,24600
2023,GMC,Acadia,AT4,6,Gasoline,53844.0,2025/11/26,Quebec,36800
2015,GMC,Sierra 2500HD,SLE,8,Diesel,191435.0,2025/11/26,Ontario,22300
2019,GMC,Acadia,SLE,6,Gasoline,179117.0,2025/11/25,Alberta,12600
2022,GMC,Canyon,4WD Elevation,6,Gasoline,102828.0,2025/11/25,Manitoba,31000
2022,GMC,Sierra 1500,Pro,4,Gasoline,44384.0,2025/11/25,Ontario,32200
2023,GMC,Sierra 1500,Elevation,8,Gasoline,90988.0,2025/11/25,Ontario,47900
2015,GMC,Sierra 1500,Denali,8,Gasoline,165192.0,2025/11/25,British Columbia,21200
2018,GMC,Sierra 1500,Denali,8,Flex,150395.0,2025/11/25,British Columbia,24000
2024,GMC,Sierra 1500,Elevation,8,Gasoline,20487.0,2025/11/25,Ontario,56800
2023,GMC,Canyon,AT4,4,Gasoline,39754.0,2025/11/25,Ontario,46000
2023,GMC,Sierra 1500,Elevation,8,Gasoline,171345.0,2025/11/25,Alberta,26500
2018,GMC,Sierra 1500,SLT,8,Gasoline,163027.0,2025/11/25,Ontario,19700
2023,GMC,Sierra 1500,Pro,8,Gasoline,50697.0,2025/11/25,Quebec,35100
2015,GMC,Sierra 1500,SLE,8,Gasoline,213425.0,2025/11/25,Ontario,10200
2015,GMC,Savana Cargo Van,"RWD 2500 135""",8,Gasoline,112606.0,2025/11/25,Ontario,13500
2022,GMC,Sierra 1500,Elevation,4,Gasoline,31594.0,2025/11/25,Quebec,41200
2021,GMC,Sierra 2500HD,AT4,8,Gasoline,92242.0,2025/11/25,Manitoba,49500
2021,GMC,Yukon,Denali,8,Gasoline,232300.0,2025/11/25,Ontario,40500
2023,GMC,Sierra 1500,SLT,8,Gasoline,75407.0,2025/11/24,Ontario,46000
2017,GMC,Sierra 1500,"4WD DOUBLE CAB 143.5""",8,Gasoline,138335.0,2025/11/24,Ontario,13700
2019,GMC,Sierra 1500 Limited,4WD DOUBLE CAB,8,Flex,122810.0,2025/11/24,Ontario,20900
2018,GMC,Sierra 1500,Denali,8,Gasoline,131654.0,2025/11/24,Ontario,25600
2017,GMC,Canyon,4WD SLE,6,Gasoline,118915.0,2025/11/24,Quebec,20800
2017,GMC,Yukon XL,SLT,8,Gasoline,160877.0,2025/11/24,Ontario,19000
2023,GMC,Sierra 1500,AT4,6,Diesel,77020.0,2025/11/24,Ontario,55500
2011,GMC,Sierra 2500HD,SLT,8,Diesel,204460.0,2025/11/24,British Columbia,22200
2019,GMC,Sierra 3500HD,Denali,8,Diesel,164996.0,2025/11/24,British Columbia,46300
2019,GMC,Terrain,SLE,4,Gasoline,172134.0,2025/11/24,Nova Scotia,10000
2023,GMC,Sierra 1500,Elevation,8,Gasoline,33349.0,2025/11/24,Ontario,53800
2014,GMC,Acadia,SLE2,6,Gasoline,108916.0,2025/11/24,Alberta,9300
2024,GMC,Sierra 1500,AT4X,8,Gasoline,25583.0,2025/11/24,Ontario,71100
2022,GMC,Terrain,SLE,4,Gasoline,64808.0,2025/11/24,Quebec,22500
2022,GMC,Sierra 2500HD,Denali,8,Diesel,116324.0,2025/11/24,Ontario,67700
2016,GMC,Sierra 1500,SLE,8,Gasoline,174081.0,2025/11/24,Ontario,16800
2015,GMC,Sierra 3500HD,Denali,8,Diesel,201906.0,2025/11/24,Ontario,30000
2020,GMC,Sierra 1500,Denali,8,Gasoline,203770.0,2025/11/24,Ontario,28700
2020,GMC,Sierra 2500HD,Denali,8,Diesel,144549.0,2025/11/24,Quebec,59300
2016,GMC,Sierra 2500HD,SLT,8,Diesel,195413.0,2025/11/24,Ontario,31000
2024,GMC,Yukon,SLT,8,Gasoline,34715.0,2025/11/24,Ontario,76000
2022,GMC,Sierra 1500,AT4,6,Diesel,78241.0,2025/11/24,Ontario,54500
2021,GMC,Sierra 2500HD,SLE,8,Gasoline,74900.0,2025/11/22,Ontario,40100
2021,GMC,Sierra 2500HD,Denali,8,Diesel,112552.0,2025/11/22,Ontario,63800
2019,GMC,Sierra 3500HD,SLE,8,Diesel,53333.0,2025/11/22,Ontario,44800
2020,GMC,Sierra 1500,CREW CAB SHORT BED,4,Gasoline,118079.0,2025/11/22,Ontario,26500
2018,GMC,Sierra 1500,SLT,8,Flex,144610.0,2025/11/22,New Brunswick,24500
2022,GMC,Sierra 1500 Limited,Elevation,8,Gasoline,74411.0,2025/11/21,British Columbia,45500
2019,GMC,Sierra 1500,SLT,8,Gasoline,112085.0,2025/11/21,Ontario,38500
2017,GMC,Sierra 1500,SLT,8,Gasoline,195104.0,2025/11/21,Nova Scotia,10000
2025,GMC,Sierra 1500,AT4,6,Diesel,26152.0,2025/11/21,Ontario,71200
2019,GMC,Sierra 1500,SLE,8,Gasoline,124532.0,2025/11/21,Ontario,26500
2017,GMC,Sierra 1500,Denali,8,Flex,185181.0,2025/11/21,Alberta,22000
2019,GMC,Sierra 1500 Limited,4WD DOUBLE CAB,8,Flex,120746.0,2025/11/21,Ontario,21000
2024,GMC,Sierra 1500,AT4,8,Gasoline,37221.0,2025/11/21,Manitoba,68300
2021,GMC,Sierra 1500,Elevation,6,Diesel,55652.0,2025/11/21,Ontario,36500
2023,GMC,Sierra 1500,Elevation,6,Diesel,109939.0,2025/11/21,Ontario,46700
2018,GMC,Acadia,SLT,6,Gasoline,149063.0,2025/11/21,Manitoba,14000
2022,GMC,Sierra 2500HD,SLE,8,Diesel,114617.0,2025/11/21,Quebec,47500
2025,GMC,Terrain,AWD Elevation,4,Gasoline,15040.0,2025/11/21,Ontario,33400
2024,GMC,Sierra 1500,Elevation,6,Diesel,140374.0,2025/11/21,Ontario,36200
2022,GMC,Sierra 1500 Limited,AT4,8,Gasoline,104513.0,2025/11/20,Ontario,43000
2014,GMC,Sierra 1500,SLE,6,Flex,92846.0,2025/11/20,Ontario,9500
2018,GMC,Acadia,Denali,6,Gasoline,153323.0,2025/11/20,Ontario,19000
2022,GMC,Sierra 3500HD,SLT,8,Gasoline,52222.0,2025/11/20,Alberta,61300
2021,GMC,Sierra 2500HD,Denali,8,Diesel,192108.0,2025/11/20,Quebec,37000
2020,GMC,Acadia,AT4,6,Gasoline,120526.0,2025/11/20,Alberta,22000
2015,GMC,Sierra 1500,Denali,8,Flex,110905.0,2025/11/20,Ontario,21000
2018,GMC,Acadia,SLE,6,Gasoline,134686.0,2025/11/20,Quebec,15400
2021,GMC,Sierra 3500HD,AT4,8,Diesel,150561.0,2025/11/20,British Columbia,56000
2019,GMC,Yukon,Denali,8,Flex,206929.0,2025/11/20,New Brunswick,22200
2023,GMC,Terrain,SLT,4,Gasoline,68600.0,2025/11/20,Ontario,23000
2019,GMC,Sierra 1500,AT4,8,Gasoline,113830.0,2025/11/20,Ontario,38600
2017,GMC,Sierra 1500,SLE,8,Gasoline,144311.0,2025/11/20,Ontario,16000
2024,GMC,Sierra 3500HD,SLT,8,Diesel,24226.0,2025/11/19,British Columbia,80500
2022,GMC,Acadia,Denali,6,Gasoline,91409.0,2025/11/19,Alberta,31700
2020,GMC,Sierra 2500HD,AT4,8,Diesel,95583.0,2025/11/19,Ontario,62700
2014,GMC,Sierra 3500HD,Denali,8,Diesel,236405.0,2025/11/19,British Columbia,28100
2023,GMC,Yukon XL,AT4,8,Gasoline,39757.0,2025/11/19,Nova Scotia,78000
2019,GMC,Canyon,4WD SLE,6,Gasoline,154799.0,2025/11/19,Quebec,19600
2024,GMC,Sierra 1500,Denali,8,Gasoline,22262.0,2025/11/19,Ontario,71900
2020,GMC,Terrain,Denali,4,Gasoline,41830.0,2025/11/19,Ontario,21400
2017,GMC,Sierra 1500,"4WD DOUBLE CAB 143.5""",8,Gasoline,148530.0,2025/11/18,Quebec,17600
2020,GMC,Sierra 1500,SLE,8,Gasoline,99981.0,2025/11/18,British Columbia,33900
2022,GMC,Terrain,Denali,4,Gasoline,78867.0,2025/11/18,Ontario,24500
2022,GMC,Sierra 3500HD,Denali,8,Diesel,40738.0,2025/11/18,British Columbia,79400
2019,GMC,Sierra 1500,Elevation,8,Gasoline,94986.0,2025/11/18,British Columbia,36500
2019,GMC,Sierra 1500,Denali,8,Gasoline,188574.0,2025/11/18,Manitoba,29000
2017,GMC,Sierra 1500,Denali,8,Gasoline,144928.0,2025/11/18,Ontario,26300
2022,GMC,Terrain,Denali,4,Gasoline,54978.0,2025/11/18,Quebec,24600
2023,GMC,Sierra 1500,AT4X,8,Gasoline,35193.0,2025/11/17,Alberta,61000
2022,GMC,Terrain,SLT,4,Gasoline,90794.0,2025/11/17,Ontario,20500
2018,GMC,Sierra 1500,"4WD DOUBLE CAB 143.5""",8,Gasoline,71287.0,2025/11/17,Quebec,18800
2023,GMC,Yukon,Denali,6,Diesel,57636.0,2025/11/17,Ontario,78000
2022,GMC,Yukon,SLE,8,Gasoline,171252.0,2025/11/17,Quebec,32500
2018,GMC,Yukon,SLT,8,Flex,121529.0,2025/11/17,Ontario,33100
2020,GMC,Sierra 1500,AT4,8,Gasoline,123877.0,2025/11/17,Quebec,39500
2019,GMC,Sierra 3500HD,Denali,8,Diesel,185764.0,2025/11/17,Alberta,35100
2015,GMC,Sierra 1500,"4WD DOUBLE CAB 143.5""",8,Gasoline,111574.0,2025/11/17,British Columbia,14800
2018,GMC,Sierra 1500,SLT,8,Gasoline,140696.0,2025/11/17,Ontario,26000
2017,GMC,Sierra 1500,SLE,8,Gasoline,197325.0,2025/11/17,Ontario,9000
2023,GMC,Sierra 2500HD,Pro,8,Diesel,53604.0,2025/11/17,Ontario,51100
2021,GMC,Sierra 1500,Elevation,8,Gasoline,52503.0,2025/11/17,Ontario,42900
2022,GMC,Sierra 3500HD,SLE,8,Diesel,128866.0,2025/11/17,Ontario,55000
2020,GMC,Yukon XL,Denali,8,Gasoline,188246.0,2025/11/17,Ontario,31000
2020,GMC,Sierra 1500,Elevation,8,Gasoline,121191.0,2025/11/17,Ontario,35000
2018,GMC,Terrain,Denali,4,Gasoline,154579.0,2025/11/17,Manitoba,16100
2016,GMC,Yukon XL,Denali,8,Gasoline,174925.0,2025/11/17,Ontario,21600
2019,GMC,Sierra 1500,SLT,8,Gasoline,176762.0,2025/11/17,Ontario,21700
2017,GMC,Sierra 1500,SLE,8,Gasoline,167026.0,2025/11/17,Ontario,18400
2016,GMC,Sierra 1500,SLE,8,Gasoline,188042.0,2025/11/17,Ontario,13300
2014,GMC,Sierra 1500,SLE,6,Flex,149639.0,2025/11/17,Ontario,14900
2013,GMC,Sierra 1500,SLE,8,Flex,136725.0,2025/11/17,Ontario,11200
2021,GMC,Sierra 2500HD,AT4,8,Diesel,50804.0,2025/11/17,Ontario,75000
2019,GMC,Sierra 1500,SLE,8,Gasoline,43624.0,2025/11/17,Ontario,37000
2020,GMC,Terrain,SLE,4,Gasoline,64851.0,2025/11/17,Quebec,17600
2019,GMC,Sierra 1500,Elevation,8,Gasoline,121969.0,2025/11/17,Quebec,32000
2022,GMC,Savana Cargo Van,"RWD 2500 135""",6,Gasoline,29798.0,2025/11/17,Ontario,31000
2018,GMC,Yukon,Denali,8,Flex,195500.0,2025/11/16,British Columbia,25500
2011,GMC,Sierra 1500,SLE,8,Flex,155258.0,2025/11/15,British Columbia,12000
2020,GMC,Sierra 3500HD,SLE,8,Diesel,134552.0,2025/11/15,British Columbia,56000
2024,GMC,Acadia,AT4,4,Gasoline,29000.0,2025/11/15,Ontario,54500
2023,GMC,Sierra 1500,Pro,8,Gasoline,124321.0,2025/11/15,Ontario,32000
2025,GMC,Sierra 3500HD,SLE,8,Diesel,23793.0,2025/11/15,British Columbia,80800
2018,GMC,Terrain,Denali,4,Gasoline,127533.0,2025/11/15,Alberta,15100
2023,GMC,Yukon,AT4,8,Gasoline,99007.0,2025/11/15,Ontario,66400
2023,GMC,Yukon XL,SLE,8,Gasoline,32444.0,2025/11/14,Ontario,61000
2021,GMC,Canyon,4WD Denali,6,Gasoline,79531.0,2025/11/14,Quebec,37000
2017,GMC,Sierra 1500,SLE,8,Gasoline,210646.0,2025/11/14,Saskatchewan,15100
2020,GMC,Sierra 3500HD,SLE,8,Gasoline,238204.0,2025/11/14,Alberta,27800
2017,GMC,Sierra 1500,Denali,8,Gasoline,144921.0,2025/11/14,Ontario,20700
2023,GMC,Sierra 1500,AT4X,8,Gasoline,98685.0,2025/11/14,Alberta,57100
2024,GMC,Sierra 3500HD,SLE,8,Gasoline,66951.0,2025/11/14,Alberta,58000
2018,GMC,Canyon,4WD,6,Gasoline,175343.0,2025/11/14,British Columbia,15000
2021,GMC,Yukon XL,Denali,8,Gasoline,113888.0,2025/11/14,British Columbia,61300
2018,GMC,Sierra 1500,4WD CREW CAB,8,Gasoline,89885.0,2025/11/14,Ontario,25500
2019,GMC,Sierra 1500,Elevation,8,Gasoline,95453.0,2025/11/14,New Brunswick,32000
2022,GMC,Sierra 1500,AT4X,8,Gasoline,104450.0,2025/11/14,Ontario,46200
2017,GMC,Acadia,SLE,6,Gasoline,115118.0,2025/11/14,Quebec,14500
2018,GMC,Sierra 1500,SLT,8,Gasoline,219952.0,2025/11/14,Ontario,14100
2021,GMC,Terrain,SLE,4,Gasoline,95724.0,2025/11/14,Ontario,18400
2023,GMC,Yukon,Denali,8,Gasoline,91757.0,2025/11/13,Quebec,67500
2021,GMC,Sierra 1500,Elevation,8,Gasoline,65440.0,2025/11/13,Ontario,39100
2022,GMC,Sierra 1500,AT4,8,Gasoline,39397.0,2025/11/13,Ontario,48000
2020,GMC,Acadia,SLE,6,Gasoline,103456.0,2025/11/13,Nova Scotia,21600
2023,GMC,Terrain,Denali,4,Gasoline,100334.0,2025/11/13,Ontario,23600
2022,GMC,Sierra 2500HD,Denali,8,Diesel,69798.0,2025/11/12,Ontario,73500
2021,GMC,Sierra 1500,SLT,6,Diesel,195127.0,2025/11/12,Alberta,26200
2023,GMC,Yukon,AT4,8,Gasoline,98617.0,2025/11/12,Alberta,70000
2022,GMC,Sierra 1500 Limited,Elevation,8,Gasoline,75918.0,2025/11/12,Ontario,41500
2021,GMC,Terrain,SLE,4,Gasoline,133109.0,2025/11/12,Ontario,10500
2016,GMC,Sierra 1500,SLT,8,Gasoline,106844.0,2025/11/12,Alberta,22600
2024,GMC,Sierra 1500,Denali,6,Diesel,64395.0,2025/11/12,Quebec,66100
2020,GMC,Sierra 1500,Elevation,8,Gasoline,103173.0,2025/11/12,Ontario,37500
2022,GMC,Canyon,4WD AT4,6,Gasoline,60817.0,2025/11/12,Ontario,37000
2021,GMC,Sierra 1500,Elevation,8,Gasoline,178574.0,2025/11/12,Ontario,21600
2023,GMC,Terrain,AT4,4,Gasoline,24568.0,2025/11/12,Quebec,29300
2019,GMC,Sierra 3500HD,SLT,8,Diesel,68990.0,2025/11/11,Ontario,58500
2021,GMC,Sierra 1500,Denali,8,Gasoline,96328.0,2025/11/11,Ontario,42000
2020,GMC,Acadia,SLE,6,Gasoline,69225.0,2025/11/11,Quebec,24700
2018,GMC,Sierra 1500,SLE,8,Gasoline,184759.0,2025/11/11,Quebec,11900
2023,GMC,Sierra 1500,Elevation,8,Gasoline,64403.0,2025/11/11,Quebec,43500
2016,GMC,Sierra 1500,SLT,8,Gasoline,233000.0,2025/11/11,Ontario,12000
2024,GMC,Yukon,SLT,6,Diesel,30301.0,2025/11/11,Ontario,76000
2021,GMC,Sierra 1500,SLE,8,Gasoline,167181.0,2025/11/10,Manitoba,22800
2018,GMC,Sierra 1500,Denali,8,Flex,120748.0,2025/11/10,Ontario,29500
2018,GMC,Savana Cargo Van,"RWD 2500 135""",8,Flex,153370.0,2025/11/10,Ontario,17000
2022,GMC,Sierra 1500,Elevation,8,Gasoline,61847.0,2025/11/10,Ontario,43000
2018,GMC,Sierra 1500,Denali,8,Flex,144703.0,2025/11/10,British Columbia,29500
2018,GMC,Sierra 1500,"4WD DOUBLE CAB 143.5""",8,Gasoline,138062.0,2025/11/10,Alberta,21500
2023,GMC,Canyon,Denali,4,Gasoline,21200.0,2025/11/10,Ontario,52000
2020,GMC,Sierra 3500HD,Denali,8,Diesel,145177.0,2025/11/10,British Columbia,60300
2024,GMC,Sierra 1500,Denali,8,Gasoline,31563.0,2025/11/10,Ontario,70800
2020,GMC,Terrain,Denali,4,Gasoline,47200.0,2025/11/10,Alberta,26000
2024,GMC,Sierra 1500,Denali Ultimate,8,Gasoline,57849.0,2025/11/10,Ontario,74100
2021,GMC,Sierra 1500,Denali,8,Gasoline,114227.0,2025/11/10,Ontario,44400
2017,GMC,Sierra 1500,SLT,8,Flex,150763.0,2025/11/10,Manitoba,23800
2018,GMC,Acadia,SLE,6,Gasoline,143538.0,2025/11/10,Manitoba,11900
2020,GMC,Terrain,SLE,4,Gasoline,170596.0,2025/11/10,Quebec,9500
2015,GMC,Sierra 1500,SLE,8,Gasoline,169870.0,2025/11/10,Ontario,10500
2019,GMC,Terrain,SLE,4,Gasoline,103816.0,2025/11/10,Quebec,15100
2017,GMC,Sierra 1500,"4WD DOUBLE CAB 143.5""",8,Gasoline,105588.0,2025/11/10,Quebec,22500
2017,GMC,Sierra 1500,"4WD DOUBLE CAB 143.5""",8,Gasoline,115327.0,2025/11/10,Quebec,18000
2025,GMC,Terrain,AWD Elevation,4,Gasoline,30161.0,2025/11/10,Alberta,33100
2025,GMC,Acadia,Elevation,4,Gasoline,22064.0,2025/11/10,Alberta,47100
2017,GMC,Yukon,SLT,8,Gasoline,142753.0,2025/11/08,Saskatchewan,27500
2021,GMC,Savana Cargo Van,"RWD 2500 135""",6,Flex,231397.0,2025/11/08,Ontario,10500
2016,GMC,Sierra 2500HD,"4WD REG CAB 133.6""",8,Flex,127399.0,2025/11/08,British Columbia,17200
2021,GMC,Sierra 2500HD,SLE,8,Gasoline,127015.0,2025/11/08,Ontario,39800
2018,GMC,Terrain,SLT,4,Gasoline,174995.0,2025/11/08,Ontario,11300
2021,GMC,Sierra 1500,SLE,8,Gasoline,134140.0,2025/11/08,Ontario,29600
2022,GMC,Sierra 3500HD,AT4,8,Diesel,98517.0,2025/11/08,British Columbia,61900
2018,GMC,Sierra 1500,SLE,8,Gasoline,103373.0,2025/11/07,Ontario,27100
2022,GMC,Sierra 3500HD,Denali,8,Diesel,70050.0,2025/11/07,Ontario,71900
2024,GMC,Sierra 1500,AT4,6,Diesel,60178.0,2025/11/07,Ontario,64500
2016,GMC,Sierra 1500,SLE,8,Gasoline,226857.0,2025/11/06,Alberta,12100
2023,GMC,Yukon,SLT,6,Diesel,16702.0,2025/11/06,Ontario,84000
2018,GMC,Sierra 1500,SLE,8,Gasoline,209802.0,2025/11/06,Alberta,14100
2024,GMC,Terrain,Denali,4,Gasoline,55178.0,2025/11/06,Ontario,27500
2024,GMC,Sierra 1500,Pro,4,Gasoline,39329.0,2025/11/06,Ontario,40100
2017,GMC,Sierra 1500,SLT,8,Gasoline,146752.0,2025/11/06,Ontario,21700
2015,GMC,Yukon XL,SLT,8,Gasoline,221413.0,2025/11/06,Saskatchewan,12500
2021,GMC,Acadia,SLE,6,Gasoline,152740.0,2025/11/06,Ontario,18600
2024,GMC,Sierra 1500,Denali Ultimate,8,Gasoline,41062.0,2025/11/06,Ontario,78000
2015,GMC,Yukon,SLT,8,Gasoline,188956.0,2025/11/05,Ontario,14000
2020,GMC,Sierra 1500,"4WD DOUBLE CAB 147""",4,Gasoline,227337.0,2025/11/05,Alberta,14600
2017,GMC,Sierra 1500,SLT,8,Gasoline,118651.0,2025/11/05,Newfoundland and Labrador,18600
2023,GMC,Yukon XL,AT4,8,Gasoline,62000.0,2025/11/05,Ontario,74500
2018,GMC,Yukon,Denali,8,Flex,212392.0,2025/11/05,Ontario,22000
2024,GMC,Sierra 2500HD,AT4,8,Diesel,82237.0,2025/11/05,Nova Scotia,82000
2022,GMC,Canyon,4WD AT4,6,Gasoline,74145.0,2025/11/04,New Brunswick,36500
2017,GMC,Sierra 1500,SLE,8,Gasoline,180307.0,2025/11/04,Quebec,13600
2023,GMC,Acadia,SLE,6,Gasoline,98991.0,2025/11/04,Ontario,29500
2020,GMC,Sierra 1500,AT4,8,Gasoline,146482.0,2025/11/04,Nova Scotia,34500
2015,GMC,Canyon,4WD SLE,6,Gasoline,219499.0,2025/11/04,Manitoba,10000
2024,GMC,Sierra 1500,Elevation,4,Gasoline,31332.0,2025/11/04,Ontario,48800
2019,GMC,Acadia,SLE,6,Gasoline,183035.0,2025/11/04,Ontario,9300
2024,GMC,Sierra 1500,Denali,8,Gasoline,30342.0,2025/11/04,Ontario,69900
2015,GMC,Yukon XL,SLE,8,Gasoline,244755.0,2025/11/03,Ontario,12200
2017,GMC,Sierra 1500,SLT,8,Gasoline,132022.0,2025/11/03,Quebec,14000
2024,GMC,Sierra 1500,Denali Ultimate,8,Gasoline,61657.0,2025/11/03,Ontario,74000
2019,GMC,Canyon,4WD Denali,6,Gasoline,105301.0,2025/11/03,Ontario,31100
2018,GMC,Sierra 1500,SLT,8,Gasoline,130098.0,2025/11/03,Alberta,24200
2023,GMC,Sierra 1500,AT4,6,Diesel,88506.0,2025/11/03,Quebec,56000
2018,GMC,Sierra 1500,Denali,8,Flex,173800.0,2025/11/03,Alberta,26500
2018,GMC,Sierra 1500,SLT,8,Flex,159275.0,2025/11/03,Ontario,27300
2023,GMC,Sierra 1500,Pro,4,Gasoline,43993.0,2025/11/03,Ontario,37200
2019,GMC,Sierra 1500,Denali,8,Gasoline,97541.0,2025/11/03,Ontario,43400
2016,GMC,Yukon,SLT,8,Gasoline,160815.0,2025/11/01,Ontario,17200
2021,GMC,Sierra 1500,Elevation,8,Gasoline,86700.0,2025/11/01,Ontario,39000
2020,GMC,Sierra 1500,Elevation,8,Gasoline,159362.0,2025/11/01,Ontario,32700
2019,GMC,Sierra 1500 Limited,4WD DOUBLE CAB,8,Flex,198742.0,2025/11/01,Ontario,11200
2018,GMC,Terrain,SLE,4,Gasoline,108651.0,2025/10/31,Manitoba,12300
2016,GMC,Canyon,4WD SLE,6,Gasoline,193337.0,2025/10/31,British Columbia,13000
2020,GMC,Sierra 1500,Denali,6,Diesel,185591.0,2025/10/31,British Columbia,27000
2018,GMC,Acadia,SLE,4,Gasoline,120368.0,2025/10/31,Ontario,9800
2018,GMC,Canyon,4WD,6,Gasoline,50524.0,2025/10/31,Ontario,27600
2023,GMC,Terrain,Denali,4,Gasoline,37327.0,2025/10/31,Ontario,30000
2017,GMC,Acadia,SLT,6,Gasoline,132355.0,2025/10/31,Alberta,13500
2017,GMC,Sierra 1500,Denali,8,Gasoline,102203.0,2025/10/31,Ontario,31500
2021,GMC,Yukon XL,SLT,8,Gasoline,139965.0,2025/10/31,New Brunswick,45000
2016,GMC,Yukon,SLE,8,Gasoline,172846.0,2025/10/31,Ontario,16500
2019,GMC,Yukon,Denali,8,Flex,162414.0,2025/10/31,Ontario,34000
2023,GMC,Sierra 1500,Denali,8,Gasoline,64848.0,2025/10/31,Ontario,61500
2022,GMC,Sierra 1500 Limited,SLE,8,Gasoline,55649.0,2025/10/31,Quebec,36500
2022,GMC,Acadia,Denali,6,Gasoline,86600.0,2025/10/31,Ontario,35700
2014,GMC,Sierra 1500,REGULAR CAB LONG BED,8,Flex,142300.0,2025/10/31,Ontario,13500
2022,GMC,Sierra 1500,AT4,6,Diesel,52203.0,2025/10/31,Quebec,60200
2020,GMC,Sierra 2500HD,SLE,8,Gasoline,231042.0,2025/10/31,Saskatchewan,20000
2014,GMC,Sierra 1500,SLT,8,Flex,140790.0,2025/10/30,Ontario,11800
2023,GMC,Sierra 1500,AT4,6,Diesel,88630.0,2025/10/30,Ontario,57500
2012,GMC,Sierra 1500,SLE,8,Flex,140476.0,2025/10/30,British Columbia,9000
2021,GMC,Sierra 1500,Elevation,6,Diesel,96760.0,2025/10/30,Ontario,33300
2020,GMC,Acadia,SLE,4,Gasoline,203689.0,2025/10/30,Ontario,10000
2018,GMC,Yukon XL,SLE,8,Flex,152618.0,2025/10/29,Newfoundland and Labrador,17500
2023,GMC,Yukon XL,Denali,8,Gasoline,54577.0,2025/10/29,Nova Scotia,77000
2022,GMC,Sierra 1500 Limited,AT4,8,Gasoline,57255.0,2025/10/29,British Columbia,48000
2018,GMC,Sierra 1500,SLE,8,Gasoline,159307.0,2025/10/29,Newfoundland and Labrador,12400
2020,GMC,Canyon,4WD SLE,6,Gasoline,112548.0,2025/10/29,Ontario,27100
2019,GMC,Acadia,SLE,4,Gasoline,120441.0,2025/10/29,Quebec,17500
2015,GMC,Sierra 2500HD,SLT,8,Diesel,222681.0,2025/10/28,British Columbia,22300
2020,GMC,Terrain,Denali,4,Gasoline,175713.0,2025/10/28,Ontario,13100
2013,GMC,Sierra 2500HD,SLE,8,Flex,235715.0,2025/10/28,Manitoba,10500
2020,GMC,Yukon,SLT,8,Gasoline,77267.0,2025/10/28,Ontario,31900
2015,GMC,Sierra 1500,Denali,8,Flex,220200.0,2025/10/28,Alberta,14000
2021,GMC,Sierra 1500,Elevation,6,Diesel,65658.0,2025/10/28,Quebec,38600
2021,GMC,Sierra 1500,Elevation,6,Diesel,90460.0,2025/10/28,Quebec,34500
2022,GMC,Sierra 1500,Pro,8,Gasoline,142554.0,2025/10/28,Ontario,30000
2022,GMC,Canyon,4WD Elevation Standard,6,Gasoline,86997.0,2025/10/28,Ontario,29300
2019,GMC,Sierra 1500,SLE,8,Gasoline,173497.0,2025/10/28,Manitoba,23400
2017,GMC,Acadia,SLE,4,Gasoline,149358.0,2025/10/28,Ontario,12800
2018,GMC,Sierra 1500,"4WD DOUBLE CAB 143.5""",8,Gasoline,123322.0,2025/10/28,Ontario,20500
2021,GMC,Sierra 1500,Denali,8,Gasoline,100811.0,2025/10/28,Ontario,49000
2022,GMC,Canyon,4WD Denali,6,Gasoline,42343.0,2025/10/28,Ontario,40000
2023,GMC,Sierra 1500,SLE,8,Gasoline,28402.0,2025/10/27,Ontario,45300
2024,GMC,Canyon,Denali,4,Gasoline,34365.0,2025/10/27,Ontario,53200
2022,GMC,Sierra 1500 Limited,Elevation,8,Gasoline,65111.0,2025/10/27,Ontario,41500
2020,GMC,Yukon,Denali,8,Gasoline,155173.0,2025/10/27,Ontario,37000
2019,GMC,Yukon,SLT,8,Flex,129928.0,2025/10/27,British Columbia,35900
2018,GMC,Sierra 1500,SLE,8,Gasoline,96495.0,2025/10/27,Ontario,27000
2022,GMC,Sierra 1500 Limited,AT4,8,Gasoline,86875.0,2025/10/27,Quebec,41500
2022,GMC,Yukon,Denali,8,Gasoline,90158.0,2025/10/27,Ontario,60000
2021,GMC,Sierra 2500HD,Denali,8,Diesel,134445.0,2025/10/27,Manitoba,61000
2015,GMC,Sierra 1500,SLE,8,Gasoline,177677.0,2025/10/27,Ontario,10800
2018,GMC,Canyon,4WD,6,Gasoline,196177.0,2025/10/27,Ontario,16200
2018,GMC,Sierra 1500,"4WD DOUBLE CAB 143.5""",8,Gasoline,171604.0,2025/10/27,Quebec,15800
2019,GMC,Sierra 1500,Elevation,8,Gasoline,150753.0,2025/10/27,Ontario,27100
2024,GMC,Canyon,AT4,4,Gasoline,57112.0,2025/10/27,Ontario,45600
2020,GMC,Sierra 1500,Elevation,8,Gasoline,116293.0,2025/10/27,Quebec,35200
2021,GMC,Sierra 1500,Denali,8,Gasoline,66885.0,2025/10/25,British Columbia,50000
2024,GMC,Sierra 1500,Denali,8,Gasoline,69845.0,2025/10/25,Ontario,66500
2019,GMC,Sierra 1500 Limited,4WD DOUBLE CAB,8,Flex,129104.0,2025/10/25,Manitoba,22000
2017,GMC,Sierra 1500,"4WD DOUBLE CAB 143.5""",8,Gasoline,209222.0,2025/10/25,Manitoba,10700
2019,GMC,Acadia,SLT,6,Gasoline,151179.0,2025/10/25,Ontario,11500
2019,GMC,Sierra 1500 Limited,4WD DOUBLE CAB,8,Flex,53456.0,2025/10/25,Ontario,27000
2018,GMC,Sierra 1500,SLT,8,Flex,178379.0,2025/10/24,British Columbia,15000
2023,GMC,Sierra 1500,Elevation,8,Gasoline,95325.0,2025/10/24,Ontario,38500
2025,GMC,Acadia,AT4,4,Gasoline,28071.0,2025/10/24,Ontario,57500
2024,GMC,Acadia,Denali,4,Gasoline,27114.0,2025/10/24,Ontario,62900
2019,GMC,Sierra 1500,SLE,8,Gasoline,228123.0,2025/10/24,Alberta,17800
2021,GMC,Yukon XL,Denali,8,Gasoline,207708.0,2025/10/24,Ontario,45100
2019,GMC,Sierra 1500,AT4,8,Gasoline,93201.0,2025/10/24,New Brunswick,38000
2016,GMC,Sierra 1500,"4WD DOUBLE CAB 143.5""",6,Flex,103965.0,2025/10/24,Ontario,18600
2020,GMC,Sierra 2500HD,AT4,8,Diesel,141414.0,2025/10/24,Quebec,59100
2018,GMC,Sierra 1500,Denali,8,Flex,223937.0,2025/10/24,Ontario,19100
2021,GMC,Sierra 1500,Elevation,6,Diesel,89067.0,2025/10/24,Ontario,41300
2023,GMC,Canyon,AT4X,4,Gasoline,89203.0,2025/10/24,Ontario,49000
2018,GMC,Yukon XL,Denali,8,Flex,177086.0,2025/10/24,Manitoba,25500
2020,GMC,Yukon XL,SLE,8,Gasoline,137644.0,2025/10/23,Alberta,27100
2015,GMC,Sierra 1500,SLT,8,Gasoline,246348.0,2025/10/23,Alberta,10500
2023,GMC,Sierra 2500HD,Denali,8,Diesel,59278.0,2025/10/23,Ontario,73500
2015,GMC,Sierra 1500,Denali,8,Flex,219764.0,2025/10/23,Alberta,12500
2021,GMC,Terrain,SLE,4,Gasoline,97224.0,2025/10/23,Quebec,19900
2022,GMC,Sierra 1500,AT4,8,Gasoline,58809.0,2025/10/23,Ontario,55700
2025,GMC,Sierra 1500,Elevation,8,Gasoline,20142.0,2025/10/23,Ontario,63600
2023,GMC,Sierra 1500,Pro,4,Gasoline,84136.0,2025/10/23,Ontario,33000
2017,GMC,Sierra 1500,4WD CREW CAB,8,Gasoline,97272.0,2025/10/23,Ontario,16500
2018,GMC,Sierra 1500,SLE,8,Gasoline,58629.0,2025/10/23,Ontario,31600
2015,GMC,Sierra 1500,Denali,8,Gasoline,171370.0,2025/10/23,Ontario,12500
2025,GMC,Sierra 1500,Elevation,8,Gasoline,26414.0,2025/10/23,Quebec,62800
2022,GMC,Sierra 1500,Elevation,8,Gasoline,47446.0,2025/10/23,Quebec,51300
2023,GMC,Acadia,Denali,6,Gasoline,55997.0,2025/10/23,Ontario,42500
2004,GMC,Sierra 3500,"DRW SLT EXT CAB 157.5"" WB 4WD",8,Diesel,165480.0,2025/10/23,British Columbia,17900
2022,GMC,Canyon,4WD Elevation,6,Gasoline,46317.0,2025/10/22,British Columbia,37000
2019,GMC,Sierra 1500,SLT,8,Gasoline,166164.0,2025/10/22,Ontario,30100
2022,GMC,Sierra 2500HD,SLE,8,Gasoline,54369.0,2025/10/22,Ontario,52000
2018,GMC,Acadia,SLE,6,Gasoline,135337.0,2025/10/22,Alberta,14400
2016,GMC,Sierra 1500,SLT,8,Gasoline,224402.0,2025/10/22,Manitoba,16600
2023,GMC,Sierra 1500,Denali,6,Diesel,73770.0,2025/10/22,Quebec,57000
2022,GMC,Sierra 1500 Limited,Denali,8,Gasoline,64193.0,2025/10/22,Nova Scotia,50000
2024,GMC,Canyon,AT4,4,Gasoline,30257.0,2025/10/22,Quebec,46400
2023,GMC,Acadia,SLE,6,Gasoline,36504.0,2025/10/22,Quebec,35200
2020,GMC,Yukon XL,Denali,8,Gasoline,110512.0,2025/10/22,Quebec,43000
2023,GMC,Sierra 1500,Elevation,8,Gasoline,45853.0,2025/10/22,Ontario,52800
2015,GMC,Sierra 1500,2WD REG CAB,6,Flex,118786.0,2025/10/21,Ontario,14800
2024,GMC,Sierra 1500,Elevation,6,Diesel,78287.0,2025/10/21,Ontario,53200
2020,GMC,Yukon,Denali,8,Gasoline,109619.0,2025/10/21,Ontario,43500
2023,GMC,Acadia,Denali,6,Gasoline,55805.0,2025/10/21,Quebec,42600
2014,GMC,Sierra 1500,SLT,8,Flex,186285.0,2025/10/21,Ontario,10400
2023,GMC,Yukon,SLT,6,Diesel,79407.0,2025/10/21,Ontario,71500
2021,GMC,Canyon,4WD Elevation,6,Gasoline,20284.0,2025/10/21,Quebec,37000
2023,GMC,Sierra 3500HD,Denali,8,Diesel,98359.0,2025/10/20,Ontario,73100
2024,GMC,Sierra 2500HD,SLE,8,Gasoline,29483.0,2025/10/20,Alberta,59200
2023,GMC,Yukon XL,Denali,8,Gasoline,34778.0,2025/10/20,Ontario,81200
2021,GMC,Sierra 1500,Elevation,6,Diesel,147771.0,2025/10/20,Ontario,33400
2018,GMC,Sierra 1500,SLE,8,Gasoline,62913.0,2025/10/20,Quebec,28100
2023,GMC,Acadia,SLT,6,Gasoline,70687.0,2025/10/20,Ontario,36900
2021,GMC,Sierra 1500,Denali,8,Gasoline,94667.0,2025/10/20,Ontario,49000
2023,GMC,Sierra 1500,Pro,8,Gasoline,36383.0,2025/10/20,Ontario,43000
2016,GMC,Terrain,SLT,6,Gasoline,78530.0,2025/10/18,British Columbia,13000
2019,GMC,Terrain,Denali,4,Gasoline,78192.0,2025/10/18,Alberta,21000
2017,GMC,Sierra 1500,SLT,8,Gasoline,143408.0,2025/10/18,British Columbia,21600
2022,GMC,Yukon,Denali,8,Gasoline,144800.0,2025/10/17,Alberta,57200
2024,GMC,Sierra 1500,Elevation,8,Gasoline,57452.0,2025/10/17,Quebec,53400
2021,GMC,Canyon,4WD Denali,6,Gasoline,74439.0,2025/10/17,Ontario,37900
2014,GMC,Sierra 1500,SLE,8,Flex,161383.0,2025/10/17,British Columbia,12300
2019,GMC,Yukon,Denali,8,Flex,115868.0,2025/10/17,Quebec,39600
2018,GMC,Yukon,SLT,8,Flex,229000.0,2025/10/17,Alberta,17200
2015,GMC,Sierra 1500,SLT,8,Gasoline,145373.0,2025/10/17,Quebec,18500
2020,GMC,Terrain,SLT,4,Gasoline,168941.0,2025/10/17,Ontario,14200
2015,GMC,Sierra 1500,SLE,8,Gasoline,94461.0,2025/10/17,Quebec,18100
2024,GMC,Sierra 1500,Elevation,8,Gasoline,26400.0,2025/10/17,Ontario,58000
2016,GMC,Sierra 1500,SLE,8,Gasoline,159049.0,2025/10/17,Quebec,15500
2025,GMC,Sierra 1500,Denali,8,Gasoline,16343.0,2025/10/16,Alberta,75000
2024,GMC,Terrain,SLE,4,Gasoline,51246.0,2025/10/16,Alberta,28500
2023,GMC,Sierra 1500,Denali,8,Gasoline,36050.0,2025/10/16,British Columbia,59300
2023,GMC,Canyon,Denali,4,Gasoline,25852.0,2025/10/16,Ontario,52900
2022,GMC,Terrain,SLE,4,Gasoline,77951.0,2025/10/16,Ontario,20000
2018,GMC,Sierra 1500,SLE,8,Gasoline,189841.0,2025/10/16,Saskatchewan,15000
2019,GMC,Sierra 2500HD,SLE,8,Flex,169002.0,2025/10/16,Saskatchewan,21000
2024,GMC,Sierra 1500,Elevation,8,Gasoline,42636.0,2025/10/16,Quebec,57700
2022,GMC,Yukon XL,Denali,8,Gasoline,62458.640640000005,2025/10/16,Ontario,72300
2022,GMC,Yukon XL,Denali,8,Gasoline,56009.0,2025/10/16,Ontario,74200
2022,GMC,Terrain,SLT,4,Gasoline,72957.0,2025/10/16,Ontario,21000
2023,GMC,Canyon,Denali,4,Gasoline,48154.0,2025/10/16,Ontario,50500
2017,GMC,Sierra 1500,Denali,8,Flex,196485.0,2025/10/16,Alberta,16100
2021,GMC,Sierra 1500,Denali,6,Diesel,104545.0,2025/10/16,Ontario,43000
2016,GMC,Canyon,4WD SLE,6,Gasoline,123900.0,2025/10/16,Ontario,21600
2016,GMC,Canyon,4WD SLE,6,Gasoline,153557.0,2025/10/16,Ontario,15900
2025,GMC,Terrain,AWD Elevation,4,Gasoline,25416.0,2025/10/16,Alberta,34300
2025,GMC,Terrain,AWD Elevation,4,Gasoline,27447.0,2025/10/16,Alberta,34100
2022,GMC,Sierra 1500,AT4,8,Gasoline,66884.0,2025/10/15,Ontario,54500
2024,GMC,Terrain,SLE,4,Gasoline,95286.0,2025/10/15,Quebec,21200
2020,GMC,Sierra 1500,4WD CREW CAB,8,Gasoline,84693.0,2025/10/15,Ontario,31500
2021,GMC,Sierra 1500,Denali,8,Gasoline,105481.0,2025/10/15,Newfoundland and Labrador,38200
2021,GMC,Sierra 1500,Elevation,8,Gasoline,127629.0,2025/10/15,Newfoundland and Labrador,29000
2023,GMC,Terrain,Denali,4,Gasoline,22930.0,2025/10/15,Ontario,31500
2020,GMC,Sierra 1500,4WD Crew Cab,8,Gasoline,246756.0,2025/10/15,Ontario,12500
2019,GMC,Sierra 1500,SLE,8,Gasoline,126145.0,2025/10/15,Newfoundland and Labrador,23500
2023,GMC,Terrain,Denali,4,Gasoline,19010.0,2025/10/15,Ontario,32000
2023,GMC,Sierra 1500,Denali Ultimate,8,Gasoline,72443.0,2025/10/15,Ontario,70000
2021,GMC,Sierra 1500,Denali,8,Gasoline,64031.0,2025/10/15,Ontario,53000
2017,GMC,Acadia,SLE,6,Gasoline,164398.0,2025/10/15,Ontario,12100
2020,GMC,Sierra 3500HD,Denali,8,Diesel,128249.0,2025/10/15,British Columbia,64200
2016,GMC,Sierra 1500,SLT,8,Gasoline,146710.0,2025/10/15,British Columbia,21200
2022,GMC,Yukon,AT4,8,Gasoline,93543.0,2025/10/15,Ontario,67000
2022,GMC,Terrain,Denali,4,Gasoline,53848.0,2025/10/15,British Columbia,28500
2024,GMC,Sierra 1500,Denali Ultimate,6,Diesel,58841.0,2025/10/15,Ontario,79400
2023,GMC,Acadia,AT4,6,Gasoline,47419.0,2025/10/15,Ontario,40000
2020,GMC,Terrain,SLE,4,Gasoline,111863.0,2025/10/15,Ontario,17300
2023,GMC,Sierra 1500,Denali,6,Diesel,59642.0,2025/10/15,Ontario,55600
2024,GMC,Sierra 1500,Denali,6,Diesel,63000.0,2025/10/14,Ontario,67700
2018,GMC,Terrain,Denali,4,Gasoline,220055.0,2025/10/14,Manitoba,9400
2015,GMC,Acadia,Denali,6,Gasoline,188614.0,2025/10/14,Ontario,9300
2023,GMC,Savana Commercial Cutaway,"3500 Van 139""",6,Gasoline,30751.0,2025/10/14,Ontario,43000
2016,GMC,Sierra 1500,Denali,8,Flex,173851.0,2025/10/14,Ontario,18100
2022,GMC,Sierra 2500HD,Denali,8,Diesel,205415.0,2025/10/14,Ontario,40200
2020,GMC,Sierra 3500HD,AT4,8,Diesel,199012.0,2025/10/14,British Columbia,50200
2016,GMC,Canyon,4WD SLT,6,Gasoline,94696.0,2025/10/14,Manitoba,22600
2016,GMC,Sierra 1500,SLE,8,Gasoline,174962.0,2025/10/14,Ontario,10500
2018,GMC,Sierra 1500,Denali,8,Flex,241720.0,2025/10/14,Alberta,16000
2018,GMC,Terrain,SLE,4,Gasoline,145920.0,2025/10/14,Ontario,10000
2018,GMC,Yukon XL,Denali,8,Flex,135265.0,2025/10/14,Ontario,32000
2024,GMC,Sierra 2500HD,Denali Ultimate,8,Diesel,80036.0,2025/10/14,Ontario,82000
2023,GMC,Sierra 1500,Elevation,8,Gasoline,64874.0,2025/10/14,Ontario,44700
2021,GMC,Sierra 1500,Denali,8,Gasoline,96823.0,2025/10/14,Ontario,48200
2023,GMC,Sierra 1500,AT4,8,Gasoline,158161.0,2025/10/14,Quebec,47300
2021,GMC,Sierra 1500,Elevation,8,Gasoline,74567.0,2025/10/14,Ontario,43900
2017,GMC,Sierra 1500,SLE,8,Gasoline,187974.0,2025/10/14,Ontario,13900
2021,GMC,Sierra 1500,Denali,8,Gasoline,67886.0,2025/10/11,Ontario,49100
2018,GMC,Sierra 1500,SLT,8,Flex,130002.0,2025/10/11,Ontario,27100
2023,GMC,Terrain,Denali,4,Gasoline,23888.0,2025/10/11,Ontario,31000
2021,GMC,Acadia,SLE,6,Gasoline,129472.0,2025/10/11,Ontario,22600
2023,GMC,Sierra 3500HD,AT4,8,Diesel,59677.0,2025/10/11,British Columbia,74000
2018,GMC,Canyon,4WD,6,Gasoline,89369.0,2025/10/10,British Columbia,28000
2022,GMC,Sierra 1500,Denali,8,Gasoline,119522.0,2025/10/10,Quebec,48000
2021,GMC,Sierra 3500HD,SLE,8,Diesel,126292.0,2025/10/10,British Columbia,55000
2019,GMC,Sierra 1500,AT4,8,Gasoline,129338.0,2025/10/10,Ontario,38800
2019,GMC,Sierra 1500,Denali,8,Gasoline,84761.0,2025/10/10,Manitoba,47600
2020,GMC,Canyon,4WD,6,Gasoline,86451.0,2025/10/10,Ontario,34300
2019,GMC,Terrain,Denali,4,Gasoline,78094.0,2025/10/10,Quebec,19700
2024,GMC,Canyon,AT4,4,Gasoline,30037.0,2025/10/10,Ontario,50300
2018,GMC,Sierra 1500,SLT,8,Gasoline,140371.0,2025/10/10,Ontario,27000
2018,GMC,Acadia,SLT,6,Gasoline,159425.0,2025/10/10,Ontario,15000
2022,GMC,Sierra 1500,Elevation,8,Gasoline,65050.0,2025/10/10,Ontario,50500
2015,GMC,Sierra 1500,SLE,8,Gasoline,146696.0,2025/10/10,British Columbia,18000
2024,GMC,Sierra 1500,Elevation,8,Gasoline,122096.0,2025/10/10,Ontario,44700
2020,GMC,Yukon,Denali,8,Gasoline,118032.0,2025/10/09,Ontario,43800
2024,GMC,Terrain,Denali,4,Gasoline,16946.0,2025/10/09,Ontario,33100
2022,GMC,Sierra 1500,AT4,6,Diesel,144080.0,2025/10/09,Ontario,46100
2019,GMC,Terrain,SLT,4,Gasoline,127146.0,2025/10/09,Alberta,12000
2024,GMC,Sierra 1500,Denali,8,Gasoline,22828.0,2025/10/09,Ontario,73500
2021,GMC,Yukon XL,Denali,8,Gasoline,106004.0,2025/10/09,Ontario,58000
2020,GMC,Sierra 1500,Elevation,6,Diesel,207777.0,2025/10/09,Ontario,13200
2024,GMC,Yukon XL,SLT,6,Diesel,24005.0,2025/10/09,Ontario,82000
2020,GMC,Sierra 1500,Elevation,4,Gasoline,24000.0,2025/10/09,Ontario,40500
2022,GMC,Terrain,AT4,4,Gasoline,60900.0,2025/10/09,Ontario,25100
2023,GMC,Sierra 1500,Denali Ultimate,8,Gasoline,58500.0,2025/10/09,Ontario,71000
2023,GMC,Canyon,AT4,4,Gasoline,31987.0,2025/10/08,Ontario,50000
2014,GMC,Sierra 1500,SLT,8,Flex,199202.0,2025/10/08,Alberta,15000
2018,GMC,Sierra 1500,SLE,8,Gasoline,199600.0,2025/10/08,Alberta,11800
2016,GMC,Sierra 2500HD,4WD CREW CAB,8,Flex,200541.0,2025/10/08,Ontario,17000
2020,GMC,Sierra 1500,AT4,8,Gasoline,118302.0,2025/10/08,British Columbia,44200
2023,GMC,Sierra 1500,AT4,8,Gasoline,91393.0,2025/10/08,Ontario,59800
2019,GMC,Sierra 1500,"4WD DOUBLE CAB 147""",8,Gasoline,216619.0,2025/10/08,Newfoundland and Labrador,11600
2021,GMC,Terrain,SLE,4,Gasoline,141096.0,2025/10/08,Ontario,17400
2022,GMC,Sierra 2500HD,AT4,8,Gasoline,105330.0,2025/10/08,Ontario,59700
2019,GMC,Sierra 1500,AT4,8,Gasoline,134573.0,2025/10/08,Ontario,38700
2014,GMC,Sierra 1500,SLT,8,Flex,136940.0,2025/10/08,Ontario,15000
2017,GMC,Yukon,SLT,8,Gasoline,183147.0,2025/10/08,Ontario,22300
2023,GMC,Sierra 1500,AT4,6,Diesel,25110.0,2025/10/07,British Columbia,68900
2015,GMC,Sierra 1500,SLT,8,Flex,187505.0,2025/10/07,Ontario,14700
2021,GMC,Sierra 1500,Elevation,8,Gasoline,93240.0,2025/10/07,Ontario,41500
2022,GMC,Sierra 1500,AT4,8,Gasoline,79219.0,2025/10/07,Alberta,53000
2021,GMC,Yukon,AT4,8,Gasoline,130580.0,2025/10/07,Alberta,57200
2023,GMC,Sierra 1500,SLE,8,Gasoline,97684.0,2025/10/07,Alberta,38000
2019,GMC,Terrain,SLE,4,Gasoline,134255.0,2025/10/07,Ontario,13300
2016,GMC,Yukon XL,Denali,8,Gasoline,231525.0,2025/10/07,Ontario,16000
2022,GMC,Sierra 1500,Elevation,8,Gasoline,84360.0,2025/10/07,Ontario,48200
2019,GMC,Yukon XL,Denali,8,Flex,82644.0,2025/10/07,Quebec,45600
2024,GMC,Sierra 1500,Elevation,8,Gasoline,55066.0,2025/10/07,Ontario,55100
2023,GMC,Sierra 1500,AT4,8,Gasoline,91568.0,2025/10/07,New Brunswick,56000
2015,GMC,Canyon,4WD SLE,6,Gasoline,176730.0,2025/10/07,Ontario,9700
2024,GMC,Terrain,SLE,4,Gasoline,33778.0,2025/10/06,Ontario,26500
2019,GMC,Canyon,4WD All Terrain w/Leather,6,Gasoline,132115.0,2025/10/06,Alberta,16900
2019,GMC,Sierra 1500,Denali,8,Gasoline,123959.0,2025/10/06,Nova Scotia,38000
2022,GMC,Acadia,SLT,4,Gasoline,132474.0,2025/10/06,Ontario,27800
2015,GMC,Yukon XL,SLE,8,Gasoline,193000.0,2025/10/06,British Columbia,17200
2018,GMC,Sierra 1500,SLE,8,Gasoline,221227.0,2025/10/06,Ontario,11000
2016,GMC,Yukon XL,Denali,8,Gasoline,177498.0,2025/10/06,Ontario,19500
2023,GMC,Sierra 1500,Denali,8,Gasoline,36492.0,2025/10/06,British Columbia,65500
2018,GMC,Terrain,Denali,4,Gasoline,79931.0,2025/10/06,Quebec,18000
2022,GMC,Terrain,SLE,4,Gasoline,108924.0,2025/10/06,Ontario,19700
2020,GMC,Sierra 2500HD,Denali,8,Diesel,79089.0,2025/10/06,Ontario,63500
2023,GMC,Terrain,Denali,4,Gasoline,67270.0,2025/10/06,Manitoba,29600
2012,GMC,Sierra 2500HD,SLE,8,Flex,101690.0,2025/10/06,Quebec,13400
2018,GMC,Sierra 1500,SLE,8,Gasoline,173013.0,2025/10/06,Ontario,15400
2019,GMC,Sierra 1500,Elevation,8,Gasoline,38833.0,2025/10/06,Ontario,40600
2022,GMC,Terrain,SLE,4,Gasoline,63007.0,2025/10/06,Quebec,20000
2015,GMC,Sierra 1500,SLE,8,Gasoline,216287.0,2025/10/06,Ontario,10700
2024,GMC,Sierra 1500,Elevation,6,Diesel,29118.0,2025/10/06,Ontario,59800
2016,GMC,Sierra 1500,"4WD DOUBLE CAB 143.5""",8,Gasoline,184613.0,2025/10/06,Ontario,9000
2019,GMC,Sierra 1500 Limited,SLE,8,Flex,162928.0,2025/10/04,Ontario,18000
2022,GMC,Sierra 1500,AT4,8,Gasoline,47600.0,2025/10/04,Ontario,52100
2023,GMC,Savana Cargo Van,"RWD 2500 135""",6,Gasoline,28711.0,2025/10/03,British Columbia,35200
2017,GMC,Canyon,4WD SLT,6,Gasoline,236000.0,2025/10/03,Ontario,11300
2021,GMC,Sierra 1500,Elevation,8,Gasoline,100868.0,2025/10/03,Ontario,31100
2018,GMC,Canyon,4WD All Terrain w/Cloth,6,Gasoline,159124.0,2025/10/03,British Columbia,22200
2017,GMC,Sierra 1500,SLT,8,Gasoline,139750.0,2025/10/03,Alberta,27000
2023,GMC,Sierra 1500,AT4,6,Diesel,69100.0,2025/10/03,Ontario,62500
2021,GMC,Sierra 1500,Denali,6,Diesel,56747.0,2025/10/03,Ontario,52200
2018,GMC,Sierra 1500,SLT,8,Gasoline,221382.0,2025/10/03,Ontario,18000
2024,GMC,Sierra 1500,Pro,8,Gasoline,45501.0,2025/10/03,Quebec,43900
2023,GMC,Sierra 1500,AT4,6,Diesel,92235.0,2025/10/03,Ontario,52200
2016,GMC,Sierra 1500,"4WD DOUBLE CAB 143.5""",8,Gasoline,186585.0,2025/10/03,Ontario,12300
2020,GMC,Acadia,SLE,6,Gasoline,122301.0,2025/10/02,Alberta,19200
2016,GMC,Sierra 1500,SLE,8,Gasoline,220073.0,2025/10/02,Ontario,13000
2022,GMC,Terrain,Denali,4,Gasoline,65560.0,2025/10/02,Quebec,26000
2019,GMC,Sierra 1500,SLE,8,Gasoline,85444.0,2025/10/02,Ontario,34500
2022,GMC,Terrain,SLT,4,Gasoline,100975.0,2025/10/02,Ontario,20700
2020,GMC,Terrain,SLE,4,Gasoline,106395.0,2025/10/02,Ontario,14200
2017,GMC,Acadia,SLT,6,Gasoline,104401.0,2025/10/01,British Columbia,17500
2024,GMC,Canyon,AT4X,4,Gasoline,16000.0,2025/10/01,Alberta,61900
2021,GMC,Sierra 1500,SLT,8,Gasoline,161888.0,2025/10/01,Ontario,33100
2023,GMC,Sierra 1500,SLE,8,Gasoline,93776.0,2025/10/01,Alberta,36000
2024,GMC,Canyon,Elevation,4,Gasoline,66639.0,2025/10/01,Ontario,39500
2016,GMC,Sierra 1500,"4WD DOUBLE CAB 143.5""",8,Gasoline,174878.0,2025/10/01,Ontario,13600
2022,GMC,Yukon,Denali,8,Gasoline,79383.0,2025/10/01,Ontario,66000
2024,GMC,Yukon,SLE,6,Diesel,25384.0,2025/09/30,Ontario,66600
2020,GMC,Yukon XL,SLT,8,Gasoline,110932.0,2025/09/30,Alberta,37000
2023,GMC,Yukon,Denali,8,Gasoline,62735.0,2025/09/30,Ontario,74700
2014,GMC,Sierra 1500,SLE,8,Flex,115284.0,2025/09/30,Ontario,16600
2022,GMC,Terrain,Denali,4,Gasoline,62015.0,2025/09/30,Ontario,27000
2023,GMC,Sierra 1500,Elevation,8,Gasoline,66296.0,2025/09/30,Alberta,44200
2021,GMC,Yukon,Denali,8,Gasoline,193500.0,2025/09/30,Nova Scotia,43000
2019,GMC,Acadia,SLE,6,Gasoline,80125.0,2025/09/30,Quebec,22900
2020,GMC,Terrain,SLT,4,Gasoline,142030.0,2025/09/30,Quebec,17100
2021,GMC,Terrain,SLE,4,Gasoline,68972.0,2025/09/30,Ontario,22000
2020,GMC,Sierra 1500,SLT,6,Diesel,91621.0,2025/09/30,Ontario,45000
2024,GMC,Canyon,AT4,4,Gasoline,48466.0,2025/09/30,Ontario,48000
2022,GMC,Sierra 1500,Elevation,8,Gasoline,134142.0,2025/09/30,Ontario,44000
2015,GMC,Yukon XL,SLT,8,Gasoline,153418.0,2025/09/30,Quebec,16000
2018,GMC,Sierra 1500,"4WD DOUBLE CAB 143.5""",8,Gasoline,159076.0,2025/09/30,Quebec,14200
2022,GMC,Yukon XL,Denali,8,Gasoline,69883.0,2025/09/29,Ontario,72500
2018,GMC,Sierra 1500,2WD REG CAB,8,Gasoline,128798.0,2025/09/29,Ontario,9800
2015,GMC,Sierra 1500,SLT,8,Gasoline,219359.0,2025/09/29,Alberta,12000
2021,GMC,Sierra 1500,AT4,6,Diesel,167930.0,2025/09/29,Alberta,33000
2017,GMC,Yukon,Denali,8,Gasoline,133406.0,2025/09/29,Alberta,34500
2015,GMC,Yukon,Denali,8,Gasoline,221549.0,2025/09/29,Manitoba,16900
2023,GMC,Sierra 1500,Denali,8,Gasoline,139994.0,2025/09/29,Ontario,52300
2016,GMC,Sierra 1500,SLE,8,Gasoline,121425.0,2025/09/29,Quebec,18300
2019,GMC,Canyon,4WD SLE,6,Gasoline,124836.0,2025/09/29,Ontario,24300
2019,GMC,Sierra 1500,Elevation,8,Gasoline,80324.0,2025/09/29,Quebec,37300
2025,GMC,Acadia,AT4,4,Gasoline,20200.0,2025/09/29,Ontario,56900
2022,GMC,Sierra 3500HD,SLT,8,Diesel,87344.0,2025/09/29,Ontario,67200
2018,GMC,Terrain,SLE,4,Gasoline,118755.0,2025/09/29,Ontario,11200
2022,GMC,Sierra 1500,AT4,8,Gasoline,87115.0,2025/09/29,Ontario,46500
2017,GMC,Sierra 1500,SLT,8,Gasoline,158149.0,2025/09/27,Ontario,22500
2018,GMC,Sierra 1500,"4WD DOUBLE CAB 143.5""",8,Gasoline,103390.0,2025/09/27,Ontario,23200
2023,GMC,Sierra 1500,AT4,8,Gasoline,92812.0,2025/09/27,New Brunswick,56600
2023,GMC,Terrain,Denali,4,Gasoline,80871.0,2025/09/27,Ontario,27100
2023,GMC,Yukon,SLT,6,Diesel,54726.0,2025/09/27,British Columbia,72500
2017,GMC,Sierra 1500,Denali,8,Gasoline,155195.0,2025/09/26,Ontario,17500
2018,GMC,Sierra 1500,Denali,8,Gasoline,87582.0,2025/09/26,Ontario,31300
2021,GMC,Sierra 1500,AT4,6,Diesel,100879.0,2025/09/26,British Columbia,44000
2013,GMC,Sierra 2500HD,SLT,8,Flex,233473.0,2025/09/26,Alberta,9100
2017,GMC,Sierra 1500,SLT,8,Gasoline,196866.0,2025/09/26,Ontario,19000
2018,GMC,Canyon,4WD,6,Gasoline,129985.0,2025/09/26,Quebec,23900
2017,GMC,Acadia,SLE,6,Gasoline,124018.0,2025/09/26,Quebec,17200
2024,GMC,Sierra 1500,Elevation,6,Diesel,56070.0,2025/09/26,British Columbia,57500
2023,GMC,Yukon XL,Denali,8,Gasoline,35600.0,2025/09/25,New Brunswick,79300
2020,GMC,Yukon XL,SLT,8,Gasoline,197299.0,2025/09/25,Ontario,26000
2024,GMC,Terrain,Denali,4,Gasoline,40400.0,2025/09/25,Ontario,32100
2022,GMC,Sierra 1500,Elevation,8,Gasoline,54290.0,2025/09/25,Ontario,52100
2023,GMC,Yukon,Denali,8,Gasoline,61541.0,2025/09/25,Ontario,79800
2019,GMC,Sierra 1500,Denali,8,Gasoline,38129.0,2025/09/25,Ontario,52000
2023,GMC,Sierra 1500,Pro,4,Gasoline,89322.0,2025/09/25,Ontario,33000
2022,GMC,Sierra 2500HD,SLE,8,Diesel,65107.0,2025/09/25,Ontario,53300
2017,GMC,Sierra 2500HD,"4WD Reg Cab 133.6""",8,Diesel,222650.0,2025/09/25,Ontario,19800
2013,GMC,Sierra 1500,SLE,8,Flex,128751.0,2025/09/25,British Columbia,11800
2017,GMC,Yukon,Denali,8,Gasoline,152416.0,2025/09/24,Alberta,26100
2023,GMC,Acadia,SLE,6,Gasoline,34600.0,2025/09/24,Ontario,36400
2015,GMC,Yukon,Denali,8,Gasoline,181349.0,2025/09/24,Alberta,15700
2014,GMC,Sierra 1500,SLT,8,Flex,207737.0,2025/09/24,Ontario,12000
2020,GMC,Sierra 1500,4WD CREW CAB,4,Gasoline,129680.0,2025/09/24,Ontario,26500
2023,GMC,Terrain,SLE,4,Gasoline,42295.0,2025/09/24,Ontario,25900
2020,GMC,Sierra 2500HD,SLT,8,Diesel,159723.0,2025/09/24,Ontario,50500
2016,GMC,Sierra 1500,"4WD DOUBLE CAB 143.5""",8,Gasoline,191393.0,2025/09/24,British Columbia,9600
2022,GMC,Sierra 1500,AT4,6,Diesel,112223.0,2025/09/24,Ontario,52500
2015,GMC,Sierra 1500,SLT,8,Gasoline,150315.0,2025/09/24,British Columbia,20000
2024,GMC,Sierra 1500,AT4,6,Diesel,50547.0,2025/09/24,Ontario,68200
2020,GMC,Sierra 1500,SLE,8,Gasoline,110000.0,2025/09/24,Ontario,35600
2018,GMC,Sierra 1500,Denali,8,Gasoline,166510.0,2025/09/24,Ontario,24800
2023,GMC,Sierra 1500,AT4X,8,Gasoline,88300.0,2025/09/24,Ontario,56000
2011,GMC,Savana Passenger,SL,8,Flex,146483.0,2025/09/23,British Columbia,10700
2021,GMC,Terrain,SLE,4,Gasoline,56453.0,2025/09/23,Quebec,20000
2022,GMC,Sierra 1500 Limited,AT4,8,Gasoline,67635.0,2025/09/23,Ontario,44000
2017,GMC,Yukon,SLT,8,Gasoline,202477.0,2025/09/23,Alberta,17300
2022,GMC,Terrain,SLT,4,Gasoline,50091.0,2025/09/23,Ontario,25800
2023,GMC,Sierra 1500,Pro,8,Gasoline,58714.0,2025/09/23,Ontario,40600
2021,GMC,Canyon,4WD Elevation,6,Gasoline,95779.0,2025/09/23,Quebec,30200
2018,GMC,Canyon,4WD,4,Diesel,98332.0,2025/09/23,Ontario,27000
2018,GMC,Sierra 1500,"4WD DOUBLE CAB 143.5""",8,Gasoline,164797.0,2025/09/22,Ontario,13500
2021,GMC,Yukon XL,SLT,8,Gasoline,116605.0,2025/09/22,Ontario,53500
2016,GMC,Sierra 3500HD,Denali,8,Diesel,145772.0,2025/09/22,British Columbia,41800
2022,GMC,Sierra 1500,AT4,6,Diesel,82150.0,2025/09/22,Ontario,55500
2024,GMC,Terrain,Denali,4,Gasoline,41569.0,2025/09/22,Alberta,32800
2023,GMC,Terrain,SLE,4,Gasoline,44793.0,2025/09/22,Ontario,26300
2018,GMC,Sierra 1500,SLT,8,Gasoline,125458.0,2025/09/22,Saskatchewan,25000
2022,GMC,Acadia,SLE,6,Gasoline,122196.0,2025/09/22,Ontario,27000
2023,GMC,Sierra 1500,AT4,8,Gasoline,119537.0,2025/09/22,Alberta,52000
2016,GMC,Canyon,4WD SLT,6,Gasoline,184678.0,2025/09/22,Ontario,14000
2017,GMC,Yukon,Denali,8,Gasoline,195125.0,2025/09/22,Alberta,19700
2024,GMC,Sierra 1500,Denali Ultimate,8,Gasoline,27200.0,2025/09/22,Manitoba,83000
2017,GMC,Sierra 2500HD,4WD CREW CAB,8,Flex,153194.0,2025/09/22,Alberta,23900
2015,GMC,Sierra 1500,SLE,8,Gasoline,199653.0,2025/09/22,Manitoba,13300
2023,GMC,Canyon,AT4,4,Gasoline,55846.0,2025/09/22,Alberta,46600
2023,GMC,Terrain,SLE,4,Gasoline,72085.0,2025/09/22,Ontario,25100
2015,GMC,Acadia,SLT,6,Gasoline,145409.0,2025/09/22,Ontario,11200
2017,GMC,Acadia,SLE,6,Gasoline,121909.0,2025/09/22,Manitoba,14500
2020,GMC,Sierra 1500,Denali,8,Gasoline,186507.0,2025/09/22,Ontario,30900
2013,GMC,Sierra 3500HD,Denali,8,Diesel,113828.0,2025/09/22,Quebec,43500
2009,GMC,Sierra 2500HD,4WD EXT CAB,8,Diesel,208650.0,2025/09/22,Manitoba,12000
2023,GMC,Yukon,SLT,8,Gasoline,44226.0,2025/09/22,Ontario,74800
2017,GMC,Canyon,4WD SLT,6,Gasoline,218074.0,2025/09/22,Ontario,11200
2020,GMC,Sierra 1500,4WD CREW CAB,8,Gasoline,188493.0,2025/09/22,New Brunswick,21300
2021,GMC,Sierra 1500,Elevation,8,Gasoline,77575.0,2025/09/22,Ontario,39600
2020,GMC,Terrain,SLE,4,Gasoline,86617.0,2025/09/22,Quebec,15700
2017,GMC,Sierra 1500,SLE,8,Gasoline,191277.0,2025/09/22,Ontario,11100
2019,GMC,Sierra 1500,Elevation,8,Gasoline,105997.0,2025/09/22,Ontario,36100
2019,GMC,Sierra 1500,Elevation,8,Gasoline,83354.0,2025/09/22,Quebec,36100
2022,GMC,Sierra 1500,SLE,4,Gasoline,52240.0,2025/09/22,Ontario,37000
2017,GMC,Sierra 1500,SLE,8,Gasoline,209903.0,2025/09/20,Ontario,12100
2022,GMC,Acadia,AT4,6,Gasoline,137593.0,2025/09/20,Ontario,26900
2022,GMC,Yukon,Denali,8,Gasoline,74870.0,2025/09/20,Ontario,70800
2022,GMC,Sierra 1500,AT4,8,Gasoline,85107.0,2025/09/20,Alberta,53300
2024,GMC,Canyon,Denali,4,Gasoline,18147.0,2025/09/20,Ontario,57300
2016,GMC,Sierra 1500,SLE,8,Gasoline,128629.0,2025/09/20,Ontario,20300
2017,GMC,Sierra 1500,SLE,8,Gasoline,159951.0,2025/09/20,Ontario,15800
2014,GMC,Sierra 1500,REGULAR CAB STD BED,8,Flex,89779.0,2025/09/20,British Columbia,15700
2022,GMC,Sierra 2500HD,Denali,8,Diesel,81332.0,2025/09/19,Ontario,72700
2017,GMC,Acadia,Denali,6,Gasoline,116128.0,2025/09/19,Ontario,18200
2018,GMC,Sierra 1500,SLE,8,Gasoline,155161.0,2025/09/19,Quebec,23500
2022,GMC,Terrain,Denali,4,Gasoline,31900.0,2025/09/19,Ontario,28000
2024,GMC,Terrain,AT4,4,Gasoline,46300.0,2025/09/19,Ontario,31100
2022,GMC,Sierra 2500HD,Denali,8,Diesel,87899.0,2025/09/19,Nova Scotia,72000
2016,GMC,Yukon XL,SLE,8,Gasoline,161326.0,2025/09/19,Ontario,16000
2024,GMC,Sierra 1500,Elevation,6,Diesel,15359.0,2025/09/19,Ontario,61800
2023,GMC,Sierra 1500,SLE,4,Gasoline,52173.0,2025/09/19,Ontario,40000
2022,GMC,Yukon,AT4,8,Gasoline,150041.0,2025/09/19,Nova Scotia,54000
2017,GMC,Terrain,Denali,6,Gasoline,111805.0,2025/09/19,Quebec,12800
2022,GMC,Canyon,4WD AT4,6,Gasoline,79788.0,2025/09/19,Ontario,36500
2022,GMC,Sierra 1500,Pro,8,Gasoline,113262.0,2025/09/19,Ontario,28800
2017,GMC,Yukon XL,SLT,8,Gasoline,76011.0,2025/09/19,Quebec,34200
2018,GMC,Acadia,Denali,6,Gasoline,236280.0,2025/09/19,Ontario,10300
2021,GMC,Sierra 3500HD,AT4,8,Diesel,100986.0,2025/09/19,Ontario,58900
2014,GMC,Sierra 1500,SLE,8,Flex,100625.0,2025/09/19,Ontario,16800
2016,GMC,Terrain,Denali,6,Gasoline,75267.0,2025/09/19,Nova Scotia,10500
2022,GMC,Sierra 1500 Limited,AT4,8,Gasoline,46220.0,2025/09/18,British Columbia,55200
2016,GMC,Yukon,Denali,8,Gasoline,189513.0,2025/09/18,Quebec,16000
2021,GMC,Sierra 1500,AT4,6,Diesel,105271.0,2025/09/18,Ontario,46600
2019,GMC,Sierra 1500,Elevation,8,Gasoline,100663.0,2025/09/18,Nova Scotia,35400
2022,GMC,Sierra 1500,SLT,8,Gasoline,55115.0,2025/09/18,Nova Scotia,51300
2014,GMC,Sierra 1500,SLE,8,Flex,163741.0,2025/09/18,Ontario,9600
2023,GMC,Yukon,Denali Ultimate,8,Gasoline,69470.0,2025/09/18,Alberta,82000
2023,GMC,Acadia,Denali,6,Gasoline,53892.0,2025/09/18,Ontario,43400
2018,GMC,Sierra 1500,SLE,8,Gasoline,117036.0,2025/09/18,Ontario,26100
2023,GMC,Acadia,Denali,6,Gasoline,63185.0,2025/09/18,Ontario,44000
2022,GMC,Sierra 1500,AT4,6,Diesel,79688.0,2025/09/18,Ontario,51900
2021,GMC,Canyon,4WD Elevation,6,Gasoline,98120.0,2025/09/17,Ontario,28800
2021,GMC,Sierra 1500,AT4,8,Gasoline,120122.0,2025/09/17,Ontario,44400
2017,GMC,Terrain,SLE,6,Gasoline,88972.0,2025/09/17,Ontario,9100
2017,GMC,Yukon XL,SLT,8,Gasoline,198275.0,2025/09/17,Manitoba,20000
2016,GMC,Sierra 1500,Denali,8,Flex,249558.0,2025/09/17,Quebec,13000
2022,GMC,Acadia,SLE,6,Gasoline,57223.0,2025/09/17,British Columbia,29100
2020,GMC,Sierra 1500,Elevation,8,Gasoline,129000.0,2025/09/17,New Brunswick,35400
2015,GMC,Sierra 1500,4WD CREW CAB,8,Gasoline,110566.0,2025/09/17,Manitoba,14000
2022,GMC,Yukon,AT4,8,Gasoline,69000.0,2025/09/17,Alberta,68400
2023,GMC,Sierra 1500,Denali Ultimate,8,Gasoline,45265.0,2025/09/17,Manitoba,72400
2017,GMC,Sierra 1500,SLE,8,Gasoline,198799.0,2025/09/17,Manitoba,13900
2022,GMC,Sierra 1500,Denali,6,Diesel,40954.0,2025/09/17,Ontario,60700
2023,GMC,Canyon,Denali,4,Gasoline,57882.0,2025/09/17,Ontario,48900
2023,GMC,Sierra 1500,Denali Ultimate,8,Gasoline,54500.0,2025/09/16,Quebec,75000
2024,GMC,Sierra 1500,Denali,6,Diesel,64575.0,2025/09/16,Ontario,68500
2022,GMC,Acadia,Denali,6,Gasoline,79996.0,2025/09/16,Quebec,39600
2019,GMC,Sierra 1500 Limited,4WD Double Cab,8,Flex,193301.0,2025/09/16,Ontario,17000
2022,GMC,Sierra 3500HD,Denali,8,Diesel,170474.0,2025/09/16,Alberta,41000
2020,GMC,Sierra 1500,AT4,8,Gasoline,105896.0,2025/09/16,Ontario,49100
2017,GMC,Acadia,SLE,6,Gasoline,142901.0,2025/09/16,Quebec,15100
2019,GMC,Terrain,SLE,4,Gasoline,76974.0,2025/09/16,Ontario,19100
2023,GMC,Sierra 1500,Elevation,6,Diesel,58234.0,2025/09/16,Ontario,56600
2024,GMC,Sierra 3500HD,AT4,8,Diesel,106974.0,2025/09/16,Ontario,74300
2017,GMC,Sierra 1500,"4WD DOUBLE CAB 143.5""",8,Gasoline,120799.0,2025/09/15,British Columbia,20500
2023,GMC,Sierra 1500,Pro,4,Gasoline,72649.0,2025/09/15,Ontario,34000
2021,GMC,Sierra 1500,AT4,6,Diesel,140225.0,2025/09/15,Quebec,40000
2023,GMC,Terrain,Denali,4,Gasoline,22400.0,2025/09/15,Ontario,33100
2023,GMC,Yukon,Denali,8,Gasoline,68296.0,2025/09/15,Ontario,75400
2021,GMC,Sierra 1500,Elevation,6,Diesel,52107.0,2025/09/15,British Columbia,44600
2021,GMC,Yukon,Denali,6,Diesel,151758.0,2025/09/15,Quebec,48300
2016,GMC,Sierra 1500,Denali,8,Gasoline,193449.0,2025/09/15,Manitoba,10700
2021,GMC,Sierra 1500,Elevation,6,Diesel,110317.0,2025/09/15,Ontario,37000
2016,GMC,Yukon XL,Denali,8,Gasoline,65284.0,2025/09/15,Ontario,37000
2021,GMC,Canyon,4WD Denali,6,Gasoline,140765.0,2025/09/15,Ontario,27000
2019,GMC,Sierra 1500,Denali,8,Gasoline,101070.0,2025/09/15,Ontario,43500
2025,GMC,Sierra 1500,AT4,6,Diesel,23461.0,2025/09/15,Alberta,71300
2022,GMC,Sierra 1500,Elevation,4,Gasoline,88621.0,2025/09/15,Ontario,41900
2019,GMC,Sierra 1500,AT4,8,Gasoline,166341.0,2025/09/15,Alberta,35000
2021,GMC,Sierra 1500,Elevation,6,Diesel,90608.0,2025/09/15,Ontario,38800
2023,GMC,Yukon,Denali,8,Gasoline,98199.0,2025/09/15,Ontario,69300
2022,GMC,Sierra 1500,AT4,6,Diesel,82899.0,2025/09/15,Quebec,48000
2021,GMC,Yukon,Denali,8,Gasoline,108122.0,2025/09/15,Manitoba,62300
2021,GMC,Sierra 1500,"4WD DOUBLE CAB 147""",8,Gasoline,72730.0,2025/09/15,Ontario,32500
2024,GMC,Sierra 3500HD,Denali,8,Diesel,107290.0,2025/09/15,New Brunswick,76500
2015,GMC,Sierra 1500,SLE,8,Gasoline,75649.0,2025/09/15,Ontario,21800
2017,GMC,Yukon,SLE,8,Gasoline,119259.0,2025/09/15,Quebec,26100
2022,GMC,Canyon,4WD AT4,6,Gasoline,147967.0,2025/09/15,Ontario,30100
2017,GMC,Terrain,SLE,4,Gasoline,117616.0,2025/09/15,Ontario,9900
2017,GMC,Canyon,4WD SLE,6,Gasoline,170732.0,2025/09/15,Ontario,15000
2021,GMC,Sierra 1500,Elevation,6,Diesel,65687.0,2025/09/15,Ontario,42000
2023,GMC,Sierra 1500,Pro,8,Gasoline,59861.0,2025/09/15,Ontario,43500
2023,GMC,Yukon,Denali,8,Gasoline,57241.0,2025/09/15,Ontario,83500
2016,GMC,Acadia,SLE,6,Gasoline,103353.0,2025/09/15,Quebec,13700
2021,GMC,Yukon XL,SLT,8,Gasoline,81000.0,2025/09/15,Ontario,61400
2019,GMC,Yukon,Denali,8,Flex,105346.0,2025/09/15,Ontario,46300
2018,GMC,Sierra 1500,Denali,8,Flex,113151.0,2025/09/13,Alberta,36000
2021,GMC,Sierra 1500,Elevation,8,Gasoline,120111.0,2025/09/13,Ontario,33100
2024,GMC,Sierra 1500,AT4,6,Diesel,75368.0,2025/09/13,Alberta,63800
2021,GMC,Sierra 1500,Elevation,8,Gasoline,153000.0,2025/09/13,Ontario,30600
2021,GMC,Canyon,4WD Elevation,6,Gasoline,36393.0,2025/09/13,Ontario,36000
2021,GMC,Sierra 1500,Denali,8,Gasoline,85273.0,2025/09/13,New Brunswick,50600
2020,GMC,Sierra 2500HD,AT4,8,Diesel,177903.0,2025/09/12,Ontario,57800
2020,GMC,Sierra 1500,4WD Crew Cab,8,Gasoline,246742.0,2025/09/12,Ontario,13000
2023,GMC,Canyon,AT4,4,Gasoline,36541.0,2025/09/12,Ontario,50000
2020,GMC,Sierra 1500,Elevation,8,Gasoline,115770.0,2025/09/12,Ontario,36600
2025,GMC,Sierra 1500,Elevation,8,Gasoline,19265.0,2025/09/12,Quebec,57800
2021,GMC,Sierra 1500,Elevation,6,Diesel,141625.0,2025/09/11,Nova Scotia,33000
2021,GMC,Canyon,4WD Denali,6,Gasoline,86338.0,2025/09/11,Ontario,36500
2023,GMC,Acadia,SLT,4,Gasoline,53730.0,2025/09/11,British Columbia,37000
2024,GMC,Acadia,Denali,4,Gasoline,23093.0,2025/09/11,Ontario,64700
2020,GMC,Sierra 1500,SLE,8,Gasoline,95185.0,2025/09/11,Ontario,37600
2020,GMC,Sierra 3500HD,4WD Crew Cab,8,Gasoline,185561.0,2025/09/11,Ontario,35100
2019,GMC,Sierra 1500,Denali,8,Gasoline,47782.0,2025/09/11,Ontario,52100
2023,GMC,Sierra 1500,AT4,8,Gasoline,74457.0,2025/09/11,Ontario,61200
2019,GMC,Sierra 1500,Elevation,8,Gasoline,122318.0,2025/09/10,British Columbia,30600
2020,GMC,Terrain,Denali,4,Gasoline,77168.0,2025/09/10,Ontario,23000
2022,GMC,Sierra 1500,Elevation,8,Gasoline,98218.0,2025/09/10,Alberta,32300
2022,GMC,Sierra 1500,Elevation,8,Gasoline,37495.0,2025/09/10,Ontario,55700
2024,GMC,Sierra 1500,Elevation,6,Diesel,35500.0,2025/09/10,Ontario,58500
2024,GMC,Terrain,Denali,4,Gasoline,15445.0,2025/09/10,Ontario,32700
2016,GMC,Yukon XL,SLE,8,Gasoline,163759.0,2025/09/10,Quebec,17000
2014,GMC,Sierra 1500,SLE,8,Flex,85115.0,2025/09/10,Ontario,14000
2022,GMC,Terrain,SLE,4,Gasoline,99909.0,2025/09/10,Newfoundland and Labrador,18000
2023,GMC,Sierra 2500HD,Denali,8,Diesel,41663.0,2025/09/10,Ontario,80700
2022,GMC,Canyon,4WD Elevation,6,Gasoline,146412.0,2025/09/10,Newfoundland and Labrador,29300
2017,GMC,Sierra 1500,Denali,8,Flex,81112.0,2025/09/10,Ontario,30800
2017,GMC,Sierra 1500,"4WD Double Cab 143.5""",8,Gasoline,159088.0,2025/09/10,Ontario,14900
2023,GMC,Acadia,AT4,6,Gasoline,27640.0,2025/09/09,British Columbia,43000
2023,GMC,Sierra 1500,SLT,8,Gasoline,94404.0,2025/09/09,Alberta,47300
2024,GMC,Sierra 1500,AT4,8,Gasoline,38335.0,2025/09/09,Alberta,68100
2017,GMC,Sierra 1500,SLE,8,Gasoline,147542.0,2025/09/09,Alberta,13400
2024,GMC,Terrain,SLE,4,Gasoline,28524.0,2025/09/09,Alberta,27700
2023,GMC,Sierra 3500HD,Denali,8,Diesel,115228.0,2025/09/09,Alberta,74000
2021,GMC,Acadia,Denali,6,Gasoline,174236.0,2025/09/09,Alberta,23500
2024,GMC,Sierra 1500,Denali Ultimate,6,Diesel,45835.0,2025/09/09,Alberta,82000
2024,GMC,Sierra 1500,AT4,6,Diesel,56479.0,2025/09/09,Alberta,63800
2024,GMC,Sierra 1500,AT4,8,Gasoline,32506.0,2025/09/09,Alberta,65500
2021,GMC,Sierra 2500HD,Denali,8,Diesel,219855.0,2025/09/09,Ontario,41000
2023,GMC,Sierra 1500,AT4,8,Gasoline,26756.0,2025/09/09,Ontario,58500
2021,GMC,Yukon,Denali,8,Gasoline,46528.0,2025/09/09,Ontario,71800
2021,GMC,Canyon,4WD AT4,6,Gasoline,139998.0,2025/09/09,Alberta,31200
2017,GMC,Acadia,Denali,6,Gasoline,136920.0,2025/09/09,British Columbia,18600
2018,GMC,Yukon,SLE,8,Flex,152187.0,2025/09/09,British Columbia,24000
2022,GMC,Sierra 1500 Limited,Denali,8,Gasoline,65916.0,2025/09/09,Quebec,51400
2023,GMC,Acadia,SLE,6,Gasoline,115515.0,2025/09/09,Ontario,28600
2019,GMC,Terrain,Denali,4,Gasoline,65338.0,2025/09/09,Quebec,18000
2022,GMC,Sierra 1500,Denali,8,Gasoline,32452.0,2025/09/08,Manitoba,62200
2022,GMC,Yukon,Denali,6,Diesel,69150.0,2025/09/08,Ontario,71700
2018,GMC,Sierra 1500,2WD Reg Cab,6,Flex,25234.0,2025/09/08,Ontario,19000
2023,GMC,Sierra 1500,AT4X,8,Gasoline,102753.0,2025/09/08,Manitoba,55000
2021,GMC,Sierra 1500,Elevation,8,Gasoline,107679.0,2025/09/08,British Columbia,39400
2018,GMC,Sierra 1500,Denali,8,Gasoline,133962.0,2025/09/08,British Columbia,32200
2022,GMC,Sierra 1500 Limited,Pro,8,Gasoline,147280.0,2025/09/08,Ontario,24000
2017,GMC,Sierra 1500,SLE,8,Gasoline,241542.0,2025/09/08,Ontario,9600
2023,GMC,Sierra 1500,Denali,8,Gasoline,128751.0,2025/09/08,Alberta,53000
2016,GMC,Sierra 1500,"2WD DOUBLE CAB 143.5""",6,Flex,186046.0,2025/09/08,Manitoba,10100
2023,GMC,Acadia,Denali,6,Gasoline,32842.0,2025/09/08,Quebec,47000
2015,GMC,Sierra 1500,SLE,8,Gasoline,210813.0,2025/09/08,Ontario,11000
2016,GMC,Canyon,4WD SLT,6,Gasoline,94854.0,2025/09/08,Ontario,21000
2023,GMC,Yukon,Denali,6,Diesel,72967.0,2025/09/08,Manitoba,79200
2019,GMC,Sierra 1500,Elevation,8,Gasoline,160758.0,2025/09/08,Nova Scotia,29800
2024,GMC,Sierra 1500,Denali,8,Gasoline,81537.0,2025/09/08,Ontario,65800
2024,GMC,Terrain,SLE,4,Gasoline,27269.0,2025/09/08,Quebec,30500
2019,GMC,Sierra 1500,Elevation,8,Gasoline,107920.0,2025/09/06,Ontario,33700
2021,GMC,Acadia,SLE,6,Gasoline,173108.0,2025/09/06,Ontario,16200
2015,GMC,Sierra 1500,"4WD Double Cab 143.5""",8,Gasoline,159433.0,2025/09/06,Alberta,13900
2019,GMC,Acadia,SLT,6,Gasoline,177678.0,2025/09/06,Alberta,12200
2022,GMC,Sierra 1500,Denali,8,Gasoline,68693.0,2025/09/06,Ontario,53400
2020,GMC,Sierra 1500,Denali,8,Gasoline,30736.0,2025/09/06,Nova Scotia,51900
2019,GMC,Acadia,SLE,6,Gasoline,120680.0,2025/09/06,Nova Scotia,17100
2022,GMC,Sierra 2500HD,SLE,8,Gasoline,95632.0,2025/09/05,Quebec,49000
2024,GMC,Sierra 1500,AT4,8,Gasoline,23955.0,2025/09/05,Nova Scotia,73600
2023,GMC,Terrain,Denali,4,Gasoline,46925.0,2025/09/05,Ontario,30200
2019,GMC,Yukon XL,Denali,8,Flex,159728.0,2025/09/05,British Columbia,36700
2017,GMC,Sierra 1500,SLE,8,Gasoline,237972.0,2025/09/05,Alberta,10100
2021,GMC,Sierra 1500,Denali,8,Gasoline,71000.0,2025/09/05,Alberta,52000
2019,GMC,Sierra 1500,Denali,8,Gasoline,190097.0,2025/09/05,Ontario,27900
2021,GMC,Yukon,Denali,8,Gasoline,112319.0,2025/09/04,Saskatchewan,60000
2024,GMC,Sierra 1500,Denali,6,Diesel,35263.0,2025/09/04,British Columbia,68000
2018,GMC,Yukon XL,SLT,8,Flex,194262.0,2025/09/04,British Columbia,20500
2007,GMC,Yukon Denali,AWD 4dr,8,Gasoline,156000.0,2025/09/04,British Columbia,14000
2022,GMC,Terrain,SLE,4,Gasoline,37808.0,2025/09/04,Quebec,23200
2021,GMC,Acadia,AT4,6,Gasoline,117762.0,2025/09/04,Quebec,28400
2023,GMC,Sierra 1500,Elevation,4,Gasoline,42247.0,2025/09/04,Ontario,48200
2023,GMC,Sierra 1500,Elevation,6,Diesel,66245.0,2025/09/04,Quebec,54700
2017,GMC,Sierra 1500,SLE,8,Gasoline,215828.0,2025/09/04,Ontario,13700
2022,GMC,Savana Cargo Van,"RWD 2500 135""",8,Gasoline,42049.0,2025/09/03,British Columbia,38000
2022,GMC,Sierra 1500,AT4,8,Gasoline,92499.0,2025/09/03,British Columbia,55800
2021,GMC,Canyon,4WD AT4,6,Gasoline,75574.0,2025/09/03,British Columbia,34700
2020,GMC,Sierra 1500,4WD Crew Cab,4,Gasoline,89536.0,2025/09/03,Nova Scotia,32500
2019,GMC,Sierra 1500,SLE,8,Gasoline,87000.0,2025/09/03,New Brunswick,35600
2016,GMC,Sierra 2500HD,Denali,8,Diesel,168665.0,2025/09/03,Ontario,33200
2024,GMC,Yukon XL,SLT,6,Diesel,54097.0,2025/09/03,Alberta,77000
2016,GMC,Sierra 1500,SLE,8,Gasoline,155669.0,2025/09/03,Newfoundland and Labrador,13000
2023,GMC,Sierra 1500,Denali,8,Gasoline,38698.0,2025/09/03,Ontario,64000
2023,GMC,Acadia,AT4,6,Gasoline,99545.0,2025/09/03,Ontario,36000
2024,GMC,Yukon XL,SLT,6,Diesel,56376.0,2025/09/03,Ontario,76000
2019,GMC,Yukon,Denali,8,Flex,126588.0,2025/09/03,Ontario,44600
2017,GMC,Sierra 1500,SLE,8,Gasoline,161876.0,2025/09/03,Ontario,21000
2021,GMC,Yukon,Denali,8,Gasoline,74876.0,2025/09/03,Ontario,66000
2014,GMC,Sierra 1500,SLE,8,Flex,124900.0,2025/09/02,Alberta,15000
2017,GMC,Sierra 1500,SLT,8,Gasoline,142697.0,2025/09/02,Ontario,24500
2023,GMC,HUMMER EV Pickup,3X e4WD Crew Cab,0,Electric,58690.0,2025/09/02,Ontario,80400
2011,GMC,Sierra 2500HD,SLE,8,Diesel,202519.0,2025/09/02,British Columbia,22500
2021,GMC,Sierra 1500,Denali,8,Gasoline,106930.0,2025/09/02,British Columbia,45400
2014,GMC,Sierra 1500,SLE,8,Flex,159950.0,2025/09/02,Alberta,14700
2021,GMC,Sierra 1500,Elevation,8,Gasoline,92874.0,2025/09/02,Alberta,40100
2023,GMC,Sierra 1500,AT4,6,Diesel,69937.0,2025/09/02,Ontario,59500
2020,GMC,Sierra 1500,Denali,8,Gasoline,79098.0,2025/09/02,Manitoba,49900
2023,GMC,Terrain,SLT,4,Gasoline,76294.0,2025/09/02,Ontario,25700
2022,GMC,Sierra 2500HD,Pro,8,Gasoline,42493.0,2025/09/02,Ontario,44100
2022,GMC,Sierra 1500,Elevation,6,Diesel,58077.0,2025/09/02,Ontario,53400
2018,GMC,Sierra 1500,SLE,8,Gasoline,203721.0,2025/09/02,Ontario,14200
2023,GMC,Sierra 1500,Pro,4,Gasoline,60781.0,2025/09/02,Ontario,36300
2024,GMC,Acadia,Denali,4,Gasoline,24474.0,2025/09/02,Ontario,62900
2024,GMC,Sierra 1500,SLT,8,Gasoline,20021.0,2025/09/02,Ontario,62000
2023,GMC,Sierra 1500,AT4,8,Gasoline,152888.0,2025/09/02,Ontario,43100
2022,GMC,Acadia,SLE,4,Gasoline,147136.0,2025/08/30,Ontario,21000
2020,GMC,Sierra 1500,SLE,8,Gasoline,88680.0,2025/08/30,Quebec,37500
2017,GMC,Sierra 1500,SLE,8,Gasoline,230298.0,2025/08/30,Ontario,10100
2018,GMC,Acadia,SLE,4,Gasoline,103820.0,2025/08/30,British Columbia,16500
2017,GMC,Canyon,4WD SLE,6,Gasoline,203763.0,2025/08/29,Alberta,13400
2019,GMC,Yukon XL,Denali,8,Flex,186588.0,2025/08/29,Ontario,36700
2017,GMC,Canyon,4WD SLE,6,Gasoline,83442.0,2025/08/29,Alberta,22500
2019,GMC,Terrain,Denali,4,Gasoline,194258.0,2025/08/29,Manitoba,12000
2015,GMC,Sierra 2500HD,SLE,8,Flex,155117.0,2025/08/29,Ontario,24900
2024,GMC,Sierra 2500HD,Denali,8,Diesel,77737.0,2025/08/29,Ontario,83800
2021,GMC,Sierra 1500,"4WD Reg Cab 140""",8,Gasoline,37800.0,2025/08/29,Quebec,31700
2019,GMC,Sierra 1500,Denali,8,Gasoline,35000.0,2025/08/29,British Columbia,53000
2024,GMC,Sierra 1500,AT4,8,Gasoline,35267.0,2025/08/28,Alberta,69500
2012,GMC,Sierra 1500,SLE,8,Flex,84337.0,2025/08/28,Ontario,13400
2021,GMC,Terrain,SLT,4,Gasoline,47191.0,2025/08/28,Alberta,25000
2016,GMC,Sierra 1500,SLE,8,Gasoline,170372.0,2025/08/28,Saskatchewan,11400
2017,GMC,Sierra 3500HD,REGULAR CAB LONG BED,8,Flex,121109.0,2025/08/28,Nova Scotia,15500
2014,GMC,Sierra 1500,4WD Double Cab Standard Box,8,Flex,167611.0,2025/08/28,Ontario,12200
2024,GMC,Sierra 1500,Elevation,8,Gasoline,23796.0,2025/08/28,Ontario,58100
2014,GMC,Sierra 1500,4WD Crew Cab Box,8,Flex,232556.0,2025/08/28,Ontario,9100
2018,GMC,Sierra 2500HD,SLE,8,Flex,109164.0,2025/08/28,Ontario,30800
2017,GMC,Sierra 1500,4WD Crew Cab,8,Gasoline,188460.0,2025/08/28,Nova Scotia,9200
2022,GMC,Acadia,Denali,6,Gasoline,76806.0,2025/08/28,Ontario,40100
2019,GMC,Yukon XL,SLT,8,Flex,181885.0,2025/08/28,Alberta,25000
2022,GMC,Terrain,SLE,4,Gasoline,167777.0,2025/08/28,Ontario,17000
2024,GMC,Yukon,SLT,8,Gasoline,30700.0,2025/08/28,Ontario,77900
2019,GMC,Sierra 3500HD,Denali,8,Diesel,56873.0,2025/08/28,Ontario,66000
2021,GMC,Acadia,Denali,6,Gasoline,44183.0,2025/08/28,Quebec,37200
2022,GMC,Sierra 1500,AT4,8,Gasoline,91910.0,2025/08/28,Ontario,51500
2021,GMC,Canyon,2WD Elevation Standard,6,Gasoline,69524.0,2025/08/28,British Columbia,25000
2021,GMC,Yukon XL,SLT,8,Gasoline,37709.0,2025/08/28,Ontario,67000
2017,GMC,Sierra 1500,SLE,8,Gasoline,104789.0,2025/08/27,Quebec,18500
2022,GMC,Sierra 1500,AT4,6,Diesel,30975.0,2025/08/27,Ontario,63100
2017,GMC,Yukon XL,Denali,8,Gasoline,226400.0,2025/08/27,Ontario,18100
2020,GMC,Sierra 1500,Elevation,8,Gasoline,150877.0,2025/08/27,Ontario,32100
2019,GMC,Sierra 1500,Denali,8,Gasoline,131393.0,2025/08/27,Quebec,42400
2022,GMC,Sierra 1500,Pro,8,Gasoline,81055.0,2025/08/27,Quebec,26000
2023,GMC,Sierra 1500,AT4,6,Diesel,102701.0,2025/08/27,Ontario,56000
2023,GMC,Sierra 1500,AT4,8,Gasoline,98504.0,2025/08/27,Ontario,53500
2018,GMC,Sierra 1500,SLE,8,Gasoline,200237.0,2025/08/27,Manitoba,10000
2023,GMC,Sierra 1500,Denali,6,Diesel,72825.0,2025/08/27,Newfoundland and Labrador,54500
2016,GMC,Yukon,Denali,8,Gasoline,223318.0,2025/08/27,Saskatchewan,17900
2023,GMC,Canyon,AT4,4,Gasoline,51782.0,2025/08/27,Ontario,47300
2022,GMC,Terrain,AT4,4,Gasoline,42023.0,2025/08/27,Quebec,26500
2024,GMC,Yukon,SLT,8,Gasoline,20694.0,2025/08/27,Nova Scotia,78500
2023,GMC,Sierra 1500,Elevation,6,Diesel,47822.0,2025/08/27,Quebec,57200
2021,GMC,Sierra 1500,AT4,6,Diesel,71990.0,2025/08/27,Ontario,51800
2023,GMC,Sierra 2500HD,Denali,8,Diesel,110579.0,2025/08/27,Ontario,73500
2022,GMC,Sierra 1500,AT4,8,Gasoline,67965.0,2025/08/27,Manitoba,59500
2023,GMC,Acadia,AT4,6,Gasoline,25693.0,2025/08/27,British Columbia,41900
2023,GMC,Canyon,Denali,4,Gasoline,56709.0,2025/08/26,Quebec,46000
2023,GMC,Sierra 1500,Denali Ultimate,8,Gasoline,21517.0,2025/08/26,Ontario,78400
2020,GMC,Sierra 1500,Denali,8,Gasoline,157012.0,2025/08/26,Ontario,39100
2025,GMC,Canyon,Denali,4,Gasoline,15525.0,2025/08/26,New Brunswick,55100
2023,GMC,Sierra 1500,AT4,8,Gasoline,61400.0,2025/08/26,New Brunswick,63000
2017,GMC,Sierra 1500,Denali,8,Gasoline,154926.0,2025/08/26,Ontario,23200
2020,GMC,Sierra 1500,AT4,8,Gasoline,88900.0,2025/08/26,Ontario,46500
2023,GMC,Acadia,AT4,6,Gasoline,35250.0,2025/08/26,Ontario,44000
2022,GMC,Sierra 1500,AT4,8,Gasoline,49999.0,2025/08/26,Ontario,57000
2018,GMC,Sierra 1500,SLE,8,Gasoline,229158.0,2025/08/25,Ontario,15500
2023,GMC,Yukon XL,Denali,8,Gasoline,58625.0,2025/08/25,Ontario,75500
2024,GMC,Sierra 1500,Denali,8,Gasoline,53402.0,2025/08/25,Ontario,66500
2019,GMC,Terrain,SLE,4,Gasoline,107597.0,2025/08/25,Quebec,15900
2023,GMC,Sierra 1500,AT4,6,Diesel,60628.0,2025/08/25,Nova Scotia,61800
2023,GMC,Sierra 1500,Denali,8,Gasoline,70791.0,2025/08/25,Ontario,62200
2024,GMC,Sierra 1500,Denali,8,Gasoline,112821.0,2025/08/25,Manitoba,61000
2024,GMC,Terrain,AT4,4,Gasoline,59586.0,2025/08/25,Manitoba,32000
2022,GMC,Sierra 2500HD,AT4,8,Diesel,46325.0,2025/08/25,Ontario,71900
2018,GMC,Sierra 1500,4WD Reg Cab,8,Gasoline,133516.0,2025/08/25,Quebec,14900
2023,GMC,Yukon,Denali,8,Gasoline,87159.0,2025/08/25,Ontario,73300
2020,GMC,Sierra 2500HD,Denali,8,Diesel,60326.0,2025/08/25,Nova Scotia,70000
2018,GMC,Yukon,Denali,8,Flex,169725.0,2025/08/25,Ontario,31900
2020,GMC,Canyon,4WD SLE,6,Gasoline,47734.0,2025/08/25,Ontario,32900
2022,GMC,Canyon,4WD AT4 w/Cloth,6,Gasoline,140733.0,2025/08/25,Ontario,30000
2018,GMC,Sierra 1500,SLE,8,Gasoline,90163.0,2025/08/25,Quebec,30000
2023,GMC,Canyon,AT4X,4,Gasoline,33585.0,2025/08/25,Quebec,58600
2016,GMC,Canyon,4WD SLE,6,Gasoline,121842.0,2025/08/25,Ontario,20500
2018,GMC,Sierra 1500,SLE,8,Gasoline,76366.0,2025/08/25,Quebec,27700
2017,GMC,Savana Cargo Van,"RWD 2500 155""",8,Gasoline,161208.0,2025/08/25,Ontario,12200
2021,GMC,Yukon,SLT,8,Gasoline,58091.0,2025/08/25,Ontario,62900
2022,GMC,Canyon,4WD Elevation,6,Gasoline,156243.0,2025/08/25,Ontario,27500
2021,GMC,Sierra 1500,Elevation,8,Gasoline,34999.0,2025/08/25,Ontario,46100
2024,GMC,Terrain,SLE,4,Gasoline,18625.0,2025/08/23,Ontario,27400
2021,GMC,Sierra 1500,Elevation,8,Gasoline,78562.0,2025/08/23,Quebec,39000
2017,GMC,Sierra 1500,SLT,8,Gasoline,140801.0,2025/08/22,Ontario,24400
2022,GMC,Sierra 2500HD,Denali,8,Diesel,87749.0,2025/08/22,Ontario,71100
2017,GMC,Yukon,Denali,8,Gasoline,95137.0,2025/08/22,British Columbia,37500
2024,GMC,Sierra 2500HD,SLT,8,Diesel,23027.0,2025/08/22,New Brunswick,80000
2022,GMC,Terrain,AT4,4,Gasoline,140348.0,2025/08/22,Ontario,19000
2023,GMC,Yukon XL,AT4,8,Gasoline,49518.0,2025/08/22,Ontario,79500
2022,GMC,Sierra 1500 Limited,Denali,8,Gasoline,63485.0,2025/08/22,Ontario,55600
2024,GMC,Sierra 2500HD,Denali,8,Diesel,65266.0,2025/08/22,Ontario,84900
2018,GMC,Canyon,4WD,4,Diesel,199222.0,2025/08/22,Ontario,15000
2017,GMC,Acadia,Denali,6,Gasoline,88350.0,2025/08/22,Ontario,24400
2011,GMC,Sierra 2500HD,SLE,8,Flex,192627.0,2025/08/22,British Columbia,9800
2022,GMC,Sierra 1500,Elevation,8,Gasoline,72569.0,2025/08/21,British Columbia,45200
2021,GMC,Sierra 1500,Denali,6,Diesel,167500.0,2025/08/21,Ontario,47000
2022,GMC,Sierra 1500 Limited,AT4,8,Gasoline,87588.0,2025/08/21,British Columbia,49500
2020,GMC,Sierra 1500,Elevation,8,Gasoline,148192.0,2025/08/21,British Columbia,29500
2017,GMC,Canyon,4WD SLE,4,Diesel,168779.0,2025/08/21,British Columbia,18000
2022,GMC,Yukon,SLT,8,Gasoline,47800.0,2025/08/21,Ontario,70000
2020,GMC,Sierra 1500,AT4,8,Gasoline,166996.0,2025/08/21,Ontario,34800
2024,GMC,Terrain,SLE,4,Gasoline,50607.0,2025/08/21,Saskatchewan,30600
2020,GMC,Terrain,SLE,4,Gasoline,86590.0,2025/08/21,Newfoundland and Labrador,14700
2019,GMC,Canyon,4WD SLE,6,Gasoline,136376.0,2025/08/21,British Columbia,25900
2022,GMC,Sierra 1500,AT4,8,Gasoline,56422.0,2025/08/21,Ontario,59500
2018,GMC,Sierra 1500,Denali,8,Gasoline,189001.0,2025/08/21,Ontario,18600
2018,GMC,Sierra 1500,Denali,8,Flex,169984.0,2025/08/21,Ontario,27000
2023,GMC,Canyon,AT4X,4,Gasoline,41821.0,2025/08/21,Ontario,56500
2017,GMC,Acadia,SLE,6,Gasoline,121159.0,2025/08/21,Quebec,15100
2022,GMC,Yukon XL,Denali,8,Gasoline,58660.0,2025/08/21,British Columbia,72700
2018,GMC,Canyon,4WD,6,Gasoline,144422.0,2025/08/21,Nova Scotia,19500
2020,GMC,Sierra 1500,Denali,6,Diesel,94704.0,2025/08/20,British Columbia,48000
2022,GMC,Sierra 1500 Limited,SLT,8,Gasoline,64920.0,2025/08/20,Ontario,48500
2016,GMC,Sierra 3500HD,SLT,8,Flex,169815.0,2025/08/20,British Columbia,31800
2022,GMC,Terrain,Denali,4,Gasoline,57847.0,2025/08/20,Ontario,29500
2017,GMC,Acadia,SLE,6,Gasoline,144481.0,2025/08/20,Ontario,11000
2020,GMC,Terrain,SLT,4,Gasoline,130423.0,2025/08/20,Alberta,20000
2022,GMC,Yukon,Denali,8,Gasoline,109086.0,2025/08/20,New Brunswick,58000
2014,GMC,Sierra 1500,SLE,8,Flex,189031.0,2025/08/20,Ontario,14200
2023,GMC,Acadia,Denali,6,Gasoline,51176.0,2025/08/20,Ontario,45800
2018,GMC,Sierra 1500,SLT,8,Gasoline,202744.0,2025/08/20,Ontario,16500
2021,GMC,Sierra 1500,Elevation,8,Gasoline,75551.0,2025/08/20,Ontario,39500
2022,GMC,Canyon,4WD Denali,6,Gasoline,71159.0,2025/08/20,Prince Edward Island,37900
2022,GMC,Yukon,Denali,8,Gasoline,26370.0,2025/08/20,Ontario,80000
2019,GMC,Terrain,SLE,4,Gasoline,77158.0,2025/08/19,Alberta,21000
2018,GMC,Sierra 1500,SLT,8,Gasoline,103384.0,2025/08/19,Ontario,30300
2021,GMC,Sierra 1500,SLT,8,Gasoline,94497.0,2025/08/19,Ontario,45000
2021,GMC,Acadia,AT4,6,Gasoline,71601.0,2025/08/19,British Columbia,37000
2022,GMC,Sierra 1500,Elevation,6,Diesel,47460.0,2025/08/19,Quebec,44500
2023,GMC,Sierra 1500,Denali,8,Gasoline,46000.0,2025/08/19,Ontario,58500
2021,GMC,Yukon,Denali,8,Gasoline,136986.0,2025/08/19,Ontario,56200
2020,GMC,Sierra 1500,AT4,8,Gasoline,147003.0,2025/08/19,Ontario,40700
2015,GMC,Sierra 1500,SLT,8,Gasoline,229997.0,2025/08/19,Quebec,11500
2021,GMC,Sierra 3500HD,SLE,8,Diesel,130452.0,2025/08/19,Ontario,55000
2024,GMC,Canyon,AT4,4,Gasoline,37634.0,2025/08/19,Quebec,50500
2019,GMC,Sierra 1500,4WD Crew Cab,8,Gasoline,132854.0,2025/08/19,Quebec,28300
2024,GMC,Yukon,SLT,8,Gasoline,38892.0,2025/08/18,Ontario,75500
2021,GMC,Sierra 2500HD,Denali,8,Diesel,120750.0,2025/08/18,Ontario,63700
2023,GMC,Sierra 1500,AT4,6,Diesel,91509.0,2025/08/18,Ontario,48000
2020,GMC,Sierra 3500HD,Denali,8,Diesel,132152.0,2025/08/18,Ontario,59000
2022,GMC,Sierra 1500,Denali,8,Gasoline,77500.0,2025/08/18,Ontario,42500
2016,GMC,Sierra 1500,Denali,8,Flex,243000.0,2025/08/18,Ontario,10000
2021,GMC,Sierra 1500,Denali,8,Gasoline,119812.0,2025/08/18,Manitoba,40000
2017,GMC,Yukon,Denali,8,Gasoline,191052.0,2025/08/18,Alberta,23800
2019,GMC,Acadia,Denali,6,Gasoline,93473.0,2025/08/18,Manitoba,24900
2017,GMC,Sierra 1500,SLT,8,Gasoline,205231.0,2025/08/18,British Columbia,15600
2013,GMC,Yukon XL,Denali,8,Flex,181321.0,2025/08/18,Alberta,10000
2018,GMC,Sierra 3500HD,SLT,8,Diesel,198172.0,2025/08/18,Alberta,46100
2015,GMC,Yukon XL,Denali,8,Gasoline,223078.0,2025/08/18,Alberta,15700
2018,GMC,Terrain,SLT,4,Gasoline,107547.0,2025/08/18,Quebec,16800
2023,GMC,Savana Cargo Van,"RWD 2500 135""",6,Gasoline,31187.0,2025/08/18,Ontario,34100
2025,GMC,Sierra 1500,Denali,8,Gasoline,18174.0,2025/08/18,Ontario,74500
2021,GMC,Sierra 1500,Denali,8,Gasoline,185945.0,2025/08/18,Ontario,33600
2023,GMC,Terrain,SLE,4,Gasoline,96918.0,2025/08/18,Ontario,22900
2021,GMC,Sierra 1500,Elevation,8,Gasoline,137075.0,2025/08/18,Quebec,33700
2019,GMC,Sierra 1500,AT4,8,Gasoline,130482.0,2025/08/18,Quebec,40900
2021,GMC,Yukon,SLT,8,Gasoline,113989.0,2025/08/18,Ontario,57600
2023,GMC,Acadia,SLE,4,Gasoline,42793.0,2025/08/18,Ontario,34700
2022,GMC,Terrain,SLE,4,Gasoline,67797.0,2025/08/18,Ontario,22800
2023,GMC,Sierra 1500,Denali Ultimate,8,Gasoline,44970.0,2025/08/18,Ontario,73000
2020,GMC,Sierra 3500HD,SLT,8,Diesel,158469.0,2025/08/18,Ontario,45000
2021,GMC,Sierra 1500,Denali,8,Gasoline,93490.0,2025/08/18,Ontario,48900
2020,GMC,Yukon XL,SLT,8,Gasoline,179099.0,2025/08/16,Saskatchewan,26500
2022,GMC,Canyon,4WD AT4,6,Gasoline,53870.0,2025/08/16,Ontario,38000
2022,GMC,Sierra 2500HD,Denali,8,Diesel,129500.0,2025/08/16,Ontario,67100
2022,GMC,Sierra 2500HD,SLT,8,Gasoline,107330.0,2025/08/16,Ontario,50000
2023,GMC,Sierra 1500,Elevation,8,Gasoline,50032.0,2025/08/16,Ontario,54300
2019,GMC,Sierra 1500,Elevation,8,Gasoline,135356.0,2025/08/15,Quebec,31800
2016,GMC,Canyon,4WD SLE,6,Gasoline,214488.0,2025/08/15,Ontario,17700
2025,GMC,Sierra 1500,Denali Ultimate,6,Diesel,25061.0,2025/08/15,Ontario,83400
2021,GMC,Sierra 2500HD,Denali,8,Diesel,105637.0,2025/08/15,Manitoba,70300
2020,GMC,Terrain,SLE,4,Gasoline,111096.0,2025/08/15,Quebec,16800
2023,GMC,Terrain,Denali,4,Gasoline,27608.0,2025/08/15,Ontario,31000
2018,GMC,Sierra 1500,"4WD Double Cab 143.5""",8,Gasoline,150473.0,2025/08/15,Prince Edward Island,17800
2018,GMC,Acadia,SLT,6,Gasoline,144455.0,2025/08/15,Quebec,18400
2021,GMC,Acadia,AT4,6,Gasoline,53446.0,2025/08/15,Ontario,36800
2021,GMC,Sierra 1500,Elevation,8,Gasoline,90397.0,2025/08/14,Quebec,40000
2023,GMC,Sierra 1500,AT4,8,Gasoline,27000.0,2025/08/14,Alberta,69200
2022,GMC,Terrain,Denali,4,Gasoline,69492.0,2025/08/14,Ontario,24400
2020,GMC,Sierra 1500,4WD Crew Cab,8,Gasoline,246735.0,2025/08/14,Ontario,9600
2024,GMC,Terrain,Denali,4,Gasoline,18629.0,2025/08/14,Ontario,35000
2023,GMC,Sierra 1500,Elevation,8,Gasoline,99993.0,2025/08/14,Ontario,47500
2024,GMC,Sierra 1500,Elevation,6,Diesel,46356.0,2025/08/14,Ontario,59500
2023,GMC,Sierra 1500,SLE,8,Gasoline,122912.0,2025/08/14,Ontario,34000
2019,GMC,Sierra 1500 Limited,4WD Double Cab,8,Flex,137940.0,2025/08/14,Quebec,21600
2024,GMC,Canyon,Elevation,4,Gasoline,24500.0,2025/08/14,Ontario,46700
2023,GMC,Yukon XL,Denali,8,Gasoline,36553.0,2025/08/14,Ontario,80000
2017,GMC,Sierra 1500,4WD CREW CAB,8,Gasoline,117354.0,2025/08/13,Quebec,19000
2024,GMC,Sierra 1500,Pro,8,Gasoline,49326.0,2025/08/13,Ontario,37500
2015,GMC,Yukon XL,SLE,8,Gasoline,245951.0,2025/08/13,Ontario,9500
2018,GMC,Sierra 2500HD,SLE,8,Flex,115218.0,2025/08/13,Alberta,30500
2024,GMC,Sierra 1500,Elevation,8,Gasoline,26805.0,2025/08/13,Manitoba,55400
2021,GMC,Yukon,Denali,8,Gasoline,63862.0,2025/08/13,Quebec,73300
2022,GMC,Yukon XL,AT4,8,Gasoline,138435.0,2025/08/13,Saskatchewan,56200
2019,GMC,Acadia,SLT,6,Gasoline,215211.0,2025/08/13,British Columbia,11300
2015,GMC,Sierra 1500,Denali,8,Gasoline,165422.0,2025/08/13,Newfoundland and Labrador,16200
2022,GMC,Acadia,SLE,6,Gasoline,70957.0,2025/08/13,Ontario,33900
2021,GMC,Yukon,Denali,8,Gasoline,109399.0,2025/08/13,Ontario,64700
2023,GMC,Yukon XL,Denali,8,Gasoline,63986.0,2025/08/12,Ontario,79200
2024,GMC,Sierra 1500,AT4,6,Diesel,44107.0,2025/08/12,Ontario,68400
2025,GMC,Sierra 1500,Elevation,6,Diesel,19768.0,2025/08/12,Quebec,63200
2015,GMC,Yukon XL,SLT,8,Gasoline,152971.0,2025/08/12,Quebec,13700
2023,GMC,Canyon,AT4X,4,Gasoline,40900.0,2025/08/12,Quebec,57500
2024,GMC,Sierra 1500,AT4,6,Diesel,68980.0,2025/08/12,Ontario,59900
2019,GMC,Sierra 1500,Denali,8,Gasoline,21546.0,2025/08/12,Ontario,54100
2017,GMC,Sierra 1500,"4WD Double Cab 143.5""",8,Gasoline,132040.0,2025/08/12,Ontario,23500
2023,GMC,Sierra 1500,SLE,8,Gasoline,99323.0,2025/08/12,Ontario,40000
2017,GMC,Acadia,SLE,6,Gasoline,147304.0,2025/08/12,Ontario,11700
2018,GMC,Sierra 1500,SLE,8,Gasoline,175559.0,2025/08/12,Ontario,12800
2023,GMC,Sierra 1500,AT4,8,Gasoline,44588.0,2025/08/11,Alberta,66500
2021,GMC,Sierra 1500,Elevation,6,Diesel,129125.0,2025/08/11,Ontario,36800
2021,GMC,Canyon,2WD Elevation Standard,4,Gasoline,80128.0,2025/08/11,British Columbia,25000
2017,GMC,Yukon,Denali,8,Gasoline,167572.0,2025/08/11,Manitoba,26200
2022,GMC,Terrain,SLE,4,Gasoline,69582.0,2025/08/11,Quebec,20300
2018,GMC,Sierra 1500,Denali,8,Flex,145188.0,2025/08/11,British Columbia,28200
2022,GMC,Sierra 1500 Limited,SLE,6,Diesel,88619.0,2025/08/11,Quebec,36000
2019,GMC,Terrain,SLE,4,Gasoline,165242.0,2025/08/11,Alberta,11700
2023,GMC,Terrain,AT4,4,Gasoline,103150.0,2025/08/11,Ontario,24000
2021,GMC,Canyon,4WD Elevation Standard,6,Gasoline,35695.0,2025/08/11,Ontario,32000
2022,GMC,Sierra 1500 Limited,AT4,8,Gasoline,74154.0,2025/08/11,Ontario,52000
2017,GMC,Sierra 1500,"4WD Double Cab 143.5""",8,Gasoline,181057.0,2025/08/11,Ontario,14500
2024,GMC,Sierra 1500,Denali Ultimate,8,Gasoline,26036.0,2025/08/11,Ontario,81400
2023,GMC,Acadia,AT4,6,Gasoline,47341.0,2025/08/11,Quebec,41300
2021,GMC,Terrain,SLE,4,Gasoline,87794.0,2025/08/11,Ontario,21300
2018,GMC,Sierra 1500,SLT,8,Gasoline,164241.0,2025/08/11,Ontario,19200
2021,GMC,Canyon,4WD AT4,6,Gasoline,105661.0,2025/08/11,Ontario,31200
2020,GMC,Acadia,SLE,6,Gasoline,117510.0,2025/08/11,Ontario,21700
2024,GMC,Terrain,Denali,4,Gasoline,39381.0,2025/08/09,Ontario,32500
2022,GMC,Sierra 1500,AT4,8,Gasoline,57109.0,2025/08/09,Ontario,60000
2023,GMC,Canyon,AT4,4,Gasoline,39103.0,2025/08/09,Ontario,48600
2020,GMC,Terrain,Denali,4,Gasoline,72362.0,2025/08/09,Ontario,24400
2019,GMC,Acadia,SLE,4,Gasoline,50064.0,2025/08/08,British Columbia,20600
2023,GMC,Sierra 1500,AT4X,8,Gasoline,115687.0,2025/08/08,Ontario,57000
2024,GMC,Canyon,Elevation,4,Gasoline,15000.0,2025/08/08,Ontario,46600
2025,GMC,Sierra 1500,Denali,6,Diesel,25300.0,2025/08/08,Alberta,72100
2021,GMC,Sierra 1500,AT4,8,Gasoline,139030.0,2025/08/08,Ontario,42400
2017,GMC,Terrain,SLE,4,Gasoline,125165.0,2025/08/08,British Columbia,10700
2023,GMC,Sierra 3500HD,Denali,8,Diesel,52230.0,2025/08/08,Ontario,81900
2019,GMC,Sierra 1500 Limited,SLE,8,Flex,88052.0,2025/08/08,Ontario,26000
2023,GMC,Acadia,AT4,6,Gasoline,96650.0,2025/08/07,British Columbia,32300
2015,GMC,Sierra 1500,SLT,8,Gasoline,181065.0,2025/08/07,Ontario,14500
2019,GMC,Sierra 1500,SLE,8,Gasoline,142863.0,2025/08/07,Ontario,20400
2011,GMC,Sierra 3500HD,SLE,8,Diesel,150335.0,2025/08/07,British Columbia,26000
2021,GMC,Sierra 3500HD,AT4,8,Diesel,100008.0,2025/08/07,Ontario,55500
2017,GMC,Acadia,Denali,6,Gasoline,116487.0,2025/08/07,Ontario,19700
2023,GMC,Terrain,Denali,4,Gasoline,29752.0,2025/08/07,Alberta,32100
2025,GMC,Sierra 1500,Denali,6,Diesel,21767.0,2025/08/07,Alberta,75900
2014,GMC,Sierra 1500,4WD Double Cab Standard Box,8,Flex,173175.0,2025/08/07,Alberta,9000
2021,GMC,Canyon,4WD Elevation,6,Gasoline,99399.0,2025/08/07,Quebec,30000
2016,GMC,Sierra 1500,SLE,8,Gasoline,173354.0,2025/08/07,Ontario,13400
2018,GMC,Sierra 1500,SLE,8,Gasoline,201759.0,2025/08/07,Ontario,14200
2013,GMC,Sierra 1500,SLE,8,Flex,180575.0,2025/08/07,Ontario,10100
2018,GMC,Sierra 1500,SLE,8,Gasoline,114642.0,2025/08/07,Quebec,25100
2018,GMC,Sierra 1500,SLE,8,Gasoline,124863.0,2025/08/07,Manitoba,22300
2024,GMC,Sierra 2500HD,Denali,8,Diesel,58994.0,2025/08/07,Nova Scotia,80000
2021,GMC,Terrain,SLT,4,Gasoline,66300.0,2025/08/07,Alberta,26000
2024,GMC,Sierra 1500,Denali Ultimate,6,Diesel,58929.0,2025/08/07,Quebec,79500
2022,GMC,Canyon,4WD Elevation,6,Gasoline,171161.0,2025/08/07,Quebec,22200
2017,GMC,Acadia,SLT,6,Gasoline,151931.0,2025/08/07,Quebec,16300
2020,GMC,Sierra 1500,Elevation,8,Gasoline,179209.0,2025/08/07,Ontario,20300
2018,GMC,Terrain,Denali,4,Gasoline,202710.0,2025/08/06,Ontario,10500
2014,GMC,Savana Cargo Van,"RWD 2500 135""",8,Gasoline,186249.0,2025/08/06,British Columbia,12600
2023,GMC,Canyon,AT4,4,Gasoline,31177.0,2025/08/06,Ontario,50100
2019,GMC,Sierra 1500,Elevation,8,Gasoline,223263.0,2025/08/06,Saskatchewan,12500
2020,GMC,Sierra 1500,Elevation,8,Gasoline,165934.0,2025/08/06,Ontario,31000
2018,GMC,Canyon,2WD,4,Gasoline,88188.0,2025/08/06,Quebec,17500
2015,GMC,Acadia,SLT,6,Gasoline,151689.0,2025/08/06,Ontario,9000
2025,GMC,Sierra 1500,AT4,6,Diesel,21314.0,2025/08/06,Alberta,71000
2020,GMC,Terrain,SLT,4,Gasoline,103073.0,2025/08/06,Alberta,21300
2022,GMC,Acadia,SLE,6,Gasoline,60900.0,2025/08/06,Quebec,35500
2018,GMC,Sierra 1500,SLE,8,Gasoline,109854.0,2025/08/06,Newfoundland and Labrador,20000
2024,GMC,Sierra 3500HD,AT4,8,Diesel,66654.0,2025/08/05,Ontario,83700
2018,GMC,Sierra 1500,SLE,8,Gasoline,191036.0,2025/08/05,Ontario,14500
2022,GMC,Sierra 1500,Denali Ultimate,6,Diesel,78908.0,2025/08/05,Quebec,66400
2019,GMC,Sierra 1500,SLT,8,Gasoline,34871.0,2025/08/05,Ontario,49200
2018,GMC,Sierra 1500,SLE,8,Gasoline,191875.0,2025/08/05,Ontario,13000
2020,GMC,Sierra 1500,AT4,8,Gasoline,143100.0,2025/08/05,Alberta,38500
2021,GMC,Sierra 3500HD,SLE,8,Diesel,124897.0,2025/08/05,British Columbia,56900
2023,GMC,Acadia,SLE,4,Gasoline,25734.0,2025/08/05,British Columbia,38300
2021,GMC,Yukon,Denali,8,Gasoline,88957.0,2025/08/05,Ontario,65000
2017,GMC,Sierra 1500,SLT,8,Gasoline,142539.0,2025/08/05,Manitoba,25000
2017,GMC,Sierra 2500HD,4WD Crew Cab,8,Flex,181727.0,2025/08/05,Ontario,12600
2017,GMC,Savana Commercial Cutaway,"3500 Van 177""",8,Flex,97467.0,2025/08/05,Ontario,18000
2022,GMC,Yukon,Denali,8,Gasoline,141242.0,2025/08/05,Ontario,53800
2021,GMC,Sierra 1500,Denali,6,Diesel,85336.0,2025/08/05,Ontario,51500
2016,GMC,Acadia,SLT,6,Gasoline,127467.0,2025/08/05,Ontario,12000
2019,GMC,Sierra 1500,4WD Crew Cab,8,Gasoline,147512.0,2025/08/05,Ontario,26600
2019,GMC,Savana Cargo Van,"RWD 2500 155""",8,Flex,126282.0,2025/08/05,Ontario,21000
2018,GMC,Sierra 1500,SLE,8,Gasoline,144815.0,2025/08/05,Ontario,21000
2022,GMC,Terrain,AT4,4,Gasoline,52098.0,2025/08/05,Quebec,27100
2018,GMC,Sierra 1500,SLE,8,Gasoline,127204.0,2025/08/04,Quebec,26000
2019,GMC,Savana Cargo Van,"RWD 2500 135""",8,Flex,68456.0,2025/08/02,Ontario,20000
2022,GMC,Sierra 1500,Elevation,6,Diesel,81208.0,2025/08/02,Ontario,45500
2018,GMC,Sierra 1500,SLT,8,Hybrid,58750.0,2025/08/02,Alberta,33800
2019,GMC,Terrain,Denali,4,Gasoline,215921.0,2025/08/01,Alberta,10000
2020,GMC,Terrain,SLT,4,Gasoline,144502.0,2025/08/01,Quebec,16000
2020,GMC,Sierra 3500HD,Denali,8,Gasoline,140178.0,2025/08/01,British Columbia,50100
2024,GMC,Terrain,SLE,4,Gasoline,15251.0,2025/08/01,Quebec,29400
2020,GMC,Canyon,4WD All Terrain w/Leather,6,Gasoline,98711.0,2025/08/01,Alberta,28500
2018,GMC,Sierra 1500,SLE,8,Gasoline,127000.0,2025/07/31,Alberta,21300
2021,GMC,Sierra 1500,Elevation,8,Gasoline,42000.0,2025/07/31,Ontario,35000
2023,GMC,Terrain,Denali,4,Gasoline,26307.0,2025/07/31,Quebec,29700
2023,GMC,Sierra 1500,AT4,8,Gasoline,25120.0,2025/07/31,Quebec,67000
2014,GMC,Sierra 1500,SLE,8,Flex,174335.0,2025/07/31,Alberta,13800
2013,GMC,Sierra 1500,SLT,8,Flex,159673.0,2025/07/31,Saskatchewan,10100
2024,GMC,Yukon XL,Denali,8,Gasoline,39500.0,2025/07/31,Nova Scotia,85000
2016,GMC,Sierra 1500,SLE,8,Gasoline,183062.0,2025/07/31,Ontario,15000
2017,GMC,Sierra 1500,"4WD Double Cab 143.5""",8,Gasoline,160571.0,2025/07/31,New Brunswick,10900
2024,GMC,Sierra 3500HD,Denali,8,Diesel,79440.0,2025/07/31,British Columbia,81600
2023,GMC,Sierra 1500,Elevation,8,Gasoline,76682.0,2025/07/31,Quebec,44900
2017,GMC,Sierra 1500,SLE,8,Gasoline,170225.0,2025/07/31,Ontario,14300
2023,GMC,Acadia,SLE,6,Gasoline,104000.0,2025/07/31,Ontario,29200
2024,GMC,Sierra 1500,SLE,6,Diesel,37727.0,2025/07/31,New Brunswick,54500
2021,GMC,Terrain,SLE,4,Gasoline,113460.0,2025/07/30,Quebec,20000
2023,GMC,Sierra 1500,Elevation,8,Gasoline,51358.0,2025/07/30,Saskatchewan,50000
2021,GMC,Sierra 1500,AT4,8,Gasoline,75574.0,2025/07/30,Ontario,50000
2017,GMC,Sierra 1500,"4WD Double Cab 143.5""",8,Gasoline,137726.0,2025/07/30,Alberta,16600
2021,GMC,Sierra 1500,SLE,8,Gasoline,134098.0,2025/07/30,Newfoundland and Labrador,20000
2024,GMC,Canyon,Elevation,4,Gasoline,27862.0,2025/07/30,Ontario,47800
2021,GMC,Sierra 1500,Denali,8,Gasoline,90829.0,2025/07/30,Alberta,50200
2023,GMC,Sierra 1500,Elevation,8,Gasoline,85965.0,2025/07/30,Ontario,49300
2022,GMC,Terrain,Denali,4,Gasoline,148925.0,2025/07/30,Quebec,21800
2016,GMC,Sierra 1500,SLT,8,Gasoline,161303.0,2025/07/29,Ontario,17500
2023,GMC,Sierra 3500HD,SLE,8,Gasoline,49114.0,2025/07/29,Alberta,62000
2017,GMC,Sierra 1500,4WD Crew Cab,8,Gasoline,68184.0,2025/07/29,Ontario,23000
2019,GMC,Terrain,SLT Diesel,4,Diesel,78496.0,2025/07/29,Ontario,18000
2019,GMC,Terrain,SLE,4,Gasoline,172793.0,2025/07/29,Quebec,9200
2017,GMC,Savana Cargo Van,"RWD 2500 135""",8,Gasoline,195436.0,2025/07/29,Ontario,9300
2023,GMC,Yukon XL,Denali,6,Diesel,61102.0,2025/07/29,Ontario,78100
2024,GMC,Terrain,SLE,4,Gasoline,45836.0,2025/07/28,Alberta,30100
2006,GMC,Sierra 3500,"Crew Cab 167"" WB 4WD",8,Diesel,225365.0,2025/07/28,British Columbia,26300
2018,GMC,Sierra 3500HD,SLT,8,Diesel,143980.0,2025/07/28,Ontario,42000
2022,GMC,Sierra 1500,Elevation,8,Gasoline,69685.0,2025/07/28,Ontario,44500
2020,GMC,Acadia,SLE,6,Gasoline,75350.0,2025/07/28,Ontario,28200
2021,GMC,Sierra 1500,Elevation,8,Gasoline,74611.0,2025/07/28,Ontario,37700
2023,GMC,Sierra 1500,Pro,4,Gasoline,16231.0,2025/07/28,Ontario,40400
2015,GMC,Sierra 1500,SLT,8,Gasoline,155853.0,2025/07/28,Ontario,14700
2020,GMC,Yukon XL,Denali,8,Gasoline,185653.0,2025/07/28,Ontario,33500
2018,GMC,Terrain,SLE,4,Gasoline,140342.0,2025/07/28,Ontario,9000
2023,GMC,Yukon XL,AT4,8,Gasoline,156120.0,2025/07/28,Ontario,51000
2017,GMC,Sierra 1500,SLT,8,Gasoline,90538.0,2025/07/28,Ontario,26500
2023,GMC,Terrain,Denali,4,Gasoline,44374.0,2025/07/28,Quebec,32000
2021,GMC,Sierra 1500,AT4,8,Gasoline,127549.0,2025/07/28,Ontario,44400
2017,GMC,Sierra 1500,SLE,8,Gasoline,142505.0,2025/07/28,Ontario,14300
2023,GMC,Yukon XL,Denali,8,Gasoline,35915.0,2025/07/28,Ontario,70000
2024,GMC,Canyon,Elevation,4,Gasoline,26287.0,2025/07/28,Ontario,48100
2021,GMC,Sierra 1500,Elevation,6,Diesel,75126.0,2025/07/28,Quebec,33300
2018,GMC,Savana Cargo Van,"RWD 2500 135""",6,Flex,168108.0,2025/07/28,Ontario,13000
2023,GMC,Sierra 2500HD,SLT,8,Gasoline,54722.0,2025/07/28,Ontario,61800
2023,GMC,Sierra 1500,AT4,8,Gasoline,51126.0,2025/07/28,Ontario,65800
2019,GMC,Sierra 1500,Denali,8,Gasoline,60341.0,2025/07/28,Ontario,49500
2021,GMC,Yukon,SLT,6,Diesel,68287.0,2025/07/28,Ontario,64900
2022,GMC,Sierra 1500 Limited,AT4,8,Gasoline,58196.0,2025/07/28,Ontario,48000
2022,GMC,Canyon,4WD Elevation,6,Gasoline,45893.0,2025/07/28,Ontario,36600
2023,GMC,Sierra 1500,Denali,6,Diesel,30536.0,2025/07/26,British Columbia,66000
2017,GMC,Acadia,SLE,6,Gasoline,128564.0,2025/07/26,Quebec,13500
2017,GMC,Sierra 1500,SLE,8,Gasoline,157501.0,2025/07/26,Ontario,18700
2023,GMC,Terrain,SLE,4,Gasoline,53653.0,2025/07/25,Saskatchewan,27500
2018,GMC,Sierra 1500,SLE,8,Gasoline,67955.0,2025/07/25,Ontario,33300
2018,GMC,Sierra 3500HD,"4WD Reg Cab 133.6""",8,Flex,127452.0,2025/07/25,Ontario,31000
2020,GMC,Acadia,Denali,6,Gasoline,90480.0,2025/07/25,Alberta,28300
2023,GMC,Sierra 2500HD,Pro,8,Diesel,35177.0,2025/07/25,Quebec,62000
2020,GMC,Terrain,Denali,4,Gasoline,87236.0,2025/07/25,Quebec,22000
2023,GMC,Sierra 1500,Pro,8,Gasoline,70322.0,2025/07/25,Ontario,38100
2015,GMC,Sierra 1500,SLT,8,Gasoline,212825.0,2025/07/24,British Columbia,13200
2018,GMC,Sierra 1500,Denali,8,Flex,208172.0,2025/07/24,Alberta,21100
2007,GMC,Sierra 2500HD Classic,4WD Ext Cab,8,Diesel,170947.0,2025/07/24,Alberta,15200
2023,GMC,Terrain,Denali,4,Gasoline,34370.0,2025/07/24,Quebec,30500
2021,GMC,Sierra 1500,Denali,8,Gasoline,88800.0,2025/07/24,Ontario,50200
2023,GMC,Sierra 1500,Elevation,4,Gasoline,36000.0,2025/07/24,Ontario,47000
2023,GMC,Sierra 1500,Pro,4,Gasoline,25137.0,2025/07/24,Ontario,43000
2017,GMC,Yukon,SLT,8,Gasoline,187275.0,2025/07/24,Ontario,19800
2018,GMC,Acadia,Denali,6,Gasoline,154205.0,2025/07/24,Ontario,14200
2022,GMC,Sierra 1500,Elevation,8,Gasoline,67626.0,2025/07/24,Ontario,43000
2023,GMC,Acadia,AT4,6,Gasoline,57462.0,2025/07/24,Ontario,39700
2020,GMC,Sierra 1500,Elevation,8,Gasoline,57898.0,2025/07/24,Ontario,42700
2020,GMC,Sierra 1500,Elevation,8,Gasoline,66176.0,2025/07/24,Ontario,42000
2015,GMC,Sierra 1500,SLT,8,Gasoline,127782.0,2025/07/24,Ontario,19800
2022,GMC,Sierra 1500,Elevation,6,Diesel,85898.0,2025/07/24,Ontario,50000
2021,GMC,Sierra 2500HD,Denali,8,Diesel,37640.0,2025/07/24,Ontario,79900
2024,GMC,Sierra 1500,Elevation,6,Diesel,77834.0,2025/07/24,Ontario,51000
2020,GMC,Terrain,SLE,4,Gasoline,51275.0,2025/07/23,Ontario,20600
2020,GMC,Sierra 1500,Elevation,8,Gasoline,139200.0,2025/07/23,Ontario,32500
2020,GMC,Sierra 1500,Denali,6,Diesel,215843.0,2025/07/23,Ontario,25000
2023,GMC,Yukon XL,AT4,8,Gasoline,38934.0,2025/07/23,Ontario,80100
2017,GMC,Sierra 1500,Denali,8,Flex,184586.0,2025/07/23,Ontario,20800
2021,GMC,Sierra 1500,AT4,8,Gasoline,88500.0,2025/07/23,New Brunswick,45500
2018,GMC,Acadia,SLT,6,Gasoline,95738.0,2025/07/23,Ontario,21500
2024,GMC,Terrain,SLT,4,Gasoline,34846.0,2025/07/23,Ontario,30500
2017,GMC,Sierra 1500,SLE,8,Gasoline,156413.0,2025/07/23,Ontario,22400
2023,GMC,Canyon,AT4,4,Gasoline,22428.0,2025/07/23,Quebec,49500
2021,GMC,Sierra 2500HD,4WD Crew Cab,8,Gasoline,198088.0,2025/07/23,Ontario,25500
2021,GMC,Sierra 1500,SLE,4,Gasoline,63172.0,2025/07/23,Ontario,30800
2020,GMC,Sierra 1500,SLT,8,Gasoline,152699.0,2025/07/23,British Columbia,25500
2024,GMC,Canyon,AT4,4,Gasoline,24651.0,2025/07/23,Ontario,55000
2021,GMC,Sierra 1500,Elevation,6,Diesel,86130.0,2025/07/22,British Columbia,41700
2020,GMC,Sierra 1500,SLT,8,Gasoline,71103.0,2025/07/22,British Columbia,47400
2022,GMC,Sierra 3500HD,Denali,8,Diesel,175584.0,2025/07/22,Alberta,43600
2021,GMC,Yukon,AT4,8,Gasoline,98420.0,2025/07/22,Alberta,67600
2019,GMC,Terrain,SLE,4,Gasoline,135045.0,2025/07/22,Alberta,13700
2016,GMC,Sierra 1500,Denali,8,Gasoline,163816.0,2025/07/22,Alberta,24000
2022,GMC,Sierra 1500,Elevation,8,Gasoline,84154.0,2025/07/22,Quebec,47500
2024,GMC,Terrain,SLE,4,Gasoline,22584.0,2025/07/22,Ontario,30300
2021,GMC,Sierra 1500,Denali,8,Gasoline,58703.0,2025/07/22,Ontario,46500
2022,GMC,Sierra 1500,Elevation,6,Diesel,125518.0,2025/07/21,Quebec,42500
1997,GMC,Yukon,1500 4dr 4WD,8,Gasoline,125093.0,2025/07/21,Alberta,9300
2023,GMC,Terrain,Denali,4,Gasoline,24012.0,2025/07/21,Quebec,32500
2018,GMC,Sierra 3500HD,SLT,8,Diesel,209431.0,2025/07/21,Alberta,36500
2019,GMC,Sierra 1500,AT4,8,Gasoline,96516.0,2025/07/21,Alberta,46600
2022,GMC,Sierra 2500HD,AT4,8,Diesel,70329.0,2025/07/21,Nova Scotia,72000
2023,GMC,Yukon XL,Denali,6,Diesel,198474.0,2025/07/21,Ontario,50500
2021,GMC,Sierra 1500,Elevation,8,Gasoline,121045.0,2025/07/21,Ontario,31500
2016,GMC,Yukon XL,SLT,8,Gasoline,239377.0,2025/07/21,Ontario,13500
2021,GMC,Sierra 1500,Denali,8,Gasoline,117325.0,2025/07/21,Ontario,41000
2018,GMC,Canyon,4WD,6,Gasoline,214324.0,2025/07/21,New Brunswick,15100
2021,GMC,Acadia,SLE,6,Gasoline,142920.0,2025/07/21,Ontario,20800
2021,GMC,Sierra 1500,Denali,6,Diesel,88354.0,2025/07/21,Ontario,50500
2018,GMC,Sierra 1500,Denali,8,Gasoline,122178.0,2025/07/21,Ontario,32100
2020,GMC,Acadia,Denali,6,Gasoline,92722.0,2025/07/21,Ontario,32500
2021,GMC,Sierra 1500,AT4,8,Gasoline,127640.0,2025/07/21,Ontario,45300
2021,GMC,Yukon XL,Denali,8,Gasoline,82225.0,2025/07/21,Ontario,63400
2019,GMC,Canyon,4WD SLT,4,Diesel,69021.0,2025/07/19,British Columbia,35700
2021,GMC,Acadia,Denali,6,Gasoline,72512.0,2025/07/19,Ontario,35500
2022,GMC,Terrain,AT4,4,Gasoline,33849.0,2025/07/19,Quebec,27000
2022,GMC,Sierra 1500 Limited,Elevation,6,Diesel,77562.0,2025/07/19,Ontario,43500
2022,GMC,Sierra 1500,Elevation,4,Gasoline,79842.0,2025/07/18,Quebec,38000
2021,GMC,Sierra 1500,Denali,8,Gasoline,45339.0,2025/07/18,Ontario,49500
2023,GMC,Terrain,Denali,4,Gasoline,27658.0,2025/07/18,Quebec,32500
2019,GMC,Sierra 1500,AT4,8,Gasoline,169554.0,2025/07/18,Ontario,34800
2024,GMC,Sierra 1500,Elevation,4,Gasoline,23593.0,2025/07/18,Alberta,55000
2022,GMC,Sierra 1500 Limited,AT4,8,Gasoline,103265.0,2025/07/18,British Columbia,47700
2023,GMC,Sierra 1500,SLE,4,Gasoline,34705.0,2025/07/18,Ontario,42100
2018,GMC,Sierra 1500,4WD Crew Cab,8,Gasoline,115305.0,2025/07/18,Alberta,19000
2023,GMC,Terrain,AT4,4,Gasoline,46897.0,2025/07/18,Quebec,29200
2020,GMC,Sierra 3500HD,Denali,8,Diesel,113979.0,2025/07/18,British Columbia,68700
2018,GMC,Sierra 1500,SLT,8,Flex,183644.0,2025/07/18,Ontario,11000
2017,GMC,Sierra 1500,SLE,8,Gasoline,109665.0,2025/07/18,Quebec,18000
2020,GMC,Sierra 1500,Elevation,8,Gasoline,135259.0,2025/07/18,Ontario,32600
2023,GMC,Sierra 2500HD,AT4,8,Diesel,148888.0,2025/07/17,Ontario,56500
2016,GMC,Sierra 1500,"4WD Double Cab 143.5""",8,Gasoline,75356.0,2025/07/17,Ontario,23500
2021,GMC,Yukon XL,SLT,8,Gasoline,64857.0,2025/07/17,Quebec,60100
2019,GMC,Canyon,4WD SLE,6,Gasoline,121605.0,2025/07/17,Ontario,21000
2021,GMC,Yukon XL,AT4,8,Gasoline,116546.0,2025/07/17,Ontario,51800
2018,GMC,Sierra 1500,SLT,8,Gasoline,124339.0,2025/07/17,Saskatchewan,28000
2015,GMC,Sierra 2500HD,SLE,8,Flex,167173.0,2025/07/17,Ontario,18200
2020,GMC,Sierra 2500HD,SLT,8,Diesel,80853.0,2025/07/17,Saskatchewan,65000
2022,GMC,Yukon,SLT,8,Gasoline,93344.0,2025/07/17,Ontario,63600
2022,GMC,Sierra 2500HD,AT4,8,Diesel,98410.0,2025/07/17,Ontario,71500
2023,GMC,Yukon,Denali Ultimate,6,Diesel,95138.0,2025/07/17,Ontario,83700
2024,GMC,Sierra 1500,AT4,6,Diesel,73125.0,2025/07/17,Ontario,64800
2020,GMC,Yukon,Denali,8,Gasoline,158645.0,2025/07/17,Alberta,37500
2020,GMC,Sierra 2500HD,SLT,8,Gasoline,95863.0,2025/07/16,Ontario,53500
2021,GMC,Sierra 1500,AT4,6,Diesel,139530.0,2025/07/16,Manitoba,41000
2022,GMC,Sierra 1500,Denali Ultimate,8,Gasoline,112985.0,2025/07/16,Manitoba,62800
2022,GMC,Terrain,Denali,4,Gasoline,54630.0,2025/07/16,Quebec,29300
2021,GMC,Sierra 3500HD,AT4,8,Diesel,97189.0,2025/07/16,Alberta,75300
2024,GMC,Terrain,SLT,4,Gasoline,26204.0,2025/07/16,Manitoba,33100
2011,GMC,Sierra 2500HD,Denali,8,Diesel,118522.0,2025/07/16,Quebec,23500
2024,GMC,Yukon,SLE,8,Gasoline,56221.0,2025/07/16,Ontario,61600
2018,GMC,Yukon XL,SLE,8,Flex,150761.0,2025/07/15,Alberta,17500
2012,GMC,Sierra 1500,SLT,8,Flex,171812.0,2025/07/15,Alberta,11200
2021,GMC,Terrain,SLE,4,Gasoline,82813.0,2025/07/15,Quebec,22500
2024,GMC,Acadia,Denali,4,Gasoline,32391.0,2025/07/15,Ontario,61800
2016,GMC,Sierra 2500HD,SLE,8,Diesel,136311.0,2025/07/15,British Columbia,44900
2018,GMC,Sierra 1500,4WD Crew Cab,8,Gasoline,167280.0,2025/07/15,Alberta,16000
2017,GMC,Acadia,SLE,6,Gasoline,102105.0,2025/07/15,Alberta,17000
2020,GMC,Canyon,4WD SLE,6,Gasoline,145242.0,2025/07/15,Ontario,14100
2023,GMC,Sierra 1500,Denali,8,Gasoline,68386.0,2025/07/15,Quebec,63800
2020,GMC,Sierra 1500,Elevation,8,Gasoline,118828.0,2025/07/15,Quebec,35600
2022,GMC,Terrain,SLT,4,Gasoline,45377.0,2025/07/15,Quebec,26500
2023,GMC,Yukon,Denali Ultimate,8,Gasoline,58271.0,2025/07/15,Ontario,85000
2023,GMC,Terrain,SLE,4,Gasoline,44067.0,2025/07/14,Ontario,25800
2018,GMC,Sierra 1500,Denali,8,Gasoline,163448.0,2025/07/14,Alberta,28400
2022,GMC,Terrain,SLE,4,Gasoline,35100.0,2025/07/14,Quebec,22000
2017,GMC,Sierra 1500,SLT,8,Hybrid,146980.0,2025/07/14,Alberta,23000
2017,GMC,Canyon,4WD SLT,6,Gasoline,102671.0,2025/07/14,Alberta,25500
2022,GMC,Sierra 1500 Limited,AT4,8,Gasoline,127184.0,2025/07/14,Ontario,40000
2018,GMC,Canyon,4WD,6,Gasoline,175664.0,2025/07/14,Alberta,14000
2018,GMC,Terrain,Denali,4,Gasoline,183385.0,2025/07/14,Ontario,11100
2019,GMC,Terrain,SLE,4,Gasoline,177317.0,2025/07/14,Ontario,9700
2024,GMC,Acadia,Elevation,4,Gasoline,25345.0,2025/07/14,Alberta,52500
2022,GMC,Terrain,AT4,4,Gasoline,61730.0,2025/07/14,Quebec,25200
2019,GMC,Acadia,SLE,6,Gasoline,105875.0,2025/07/14,Quebec,20100
2019,GMC,Sierra 1500 Limited,4WD Double Cab,8,Flex,145246.0,2025/07/14,Ontario,26000
2022,GMC,Acadia,SLE,6,Gasoline,48221.0,2025/07/14,Quebec,35500
2024,GMC,Sierra 1500,Denali,6,Diesel,94863.0,2025/07/14,Ontario,65900
2021,GMC,Terrain,SLE,4,Gasoline,92579.0,2025/07/14,Ontario,19900
2023,GMC,Acadia,SLE,4,Gasoline,60643.0,2025/07/14,Ontario,33200
2022,GMC,Sierra 2500HD,Denali,8,Diesel,87118.0,2025/07/14,Quebec,75500
2015,GMC,Canyon,4WD SLE,6,Gasoline,199449.0,2025/07/14,Ontario,11500
2022,GMC,Sierra 1500 Limited,Pro,8,Gasoline,80949.0,2025/07/14,Ontario,35100
2024,GMC,Sierra 3500HD,SLE,8,Gasoline,41895.0,2025/07/12,British Columbia,56100
2024,GMC,Sierra 1500,Elevation,8,Gasoline,66738.0,2025/07/12,Ontario,53200
2024,GMC,Canyon,Elevation,4,Gasoline,32147.0,2025/07/12,Ontario,45600
2017,GMC,Yukon,Denali,8,Gasoline,172325.0,2025/07/11,Ontario,23900
2023,GMC,Yukon XL,Denali,8,Gasoline,87362.0,2025/07/11,Ontario,71000
2023,GMC,Yukon XL,Denali,8,Gasoline,60881.0,2025/07/11,Ontario,77500
2017,GMC,Sierra 1500,"4WD Double Cab 143.5""",8,Gasoline,115729.0,2025/07/11,Ontario,25000
2022,GMC,Sierra 1500,AT4,6,Diesel,117240.0,2025/07/11,Ontario,52300
2024,GMC,Yukon,Denali,6,Diesel,52830.0,2025/07/11,Ontario,83500
2017,GMC,Sierra 1500,SLT,8,Gasoline,139023.0,2025/07/10,Ontario,23500
2019,GMC,Terrain,SLT,4,Gasoline,132417.0,2025/07/10,Alberta,18500
2022,GMC,Sierra 1500,Elevation,4,Gasoline,52123.0,2025/07/10,Quebec,41500
2018,GMC,Sierra 1500,SLT,8,Flex,101439.0,2025/07/10,Ontario,31000
2017,GMC,Acadia,SLT,6,Gasoline,92301.0,2025/07/10,Alberta,18200
2023,GMC,Sierra 1500,AT4,8,Gasoline,96381.0,2025/07/10,Ontario,58500
2024,GMC,Terrain,Denali,4,Gasoline,17837.0,2025/07/10,Ontario,34800
2018,GMC,Sierra 1500,"4WD Double Cab 143.5""",8,Gasoline,183701.0,2025/07/10,British Columbia,13300
2015,GMC,Sierra 1500,SLT,8,Gasoline,211817.0,2025/07/10,Ontario,15200
2020,GMC,Sierra 2500HD,AT4,8,Diesel,69000.0,2025/07/10,British Columbia,73000
2011,GMC,Sierra 2500HD,Denali,8,Diesel,219706.0,2025/07/10,Alberta,21500
2022,GMC,Canyon,4WD Elevation,6,Gasoline,50814.0,2025/07/10,Ontario,37300
2023,GMC,Yukon,AT4,8,Gasoline,19000.0,2025/07/10,Ontario,81000
2024,GMC,Canyon,Elevation,4,Gasoline,39763.0,2025/07/10,Ontario,46300
2021,GMC,Savana Cargo Van,"RWD 2500 155""",6,Flex,124859.0,2025/07/10,Ontario,18500
2014,GMC,Sierra 1500,SLT,8,Flex,199169.0,2025/07/09,Alberta,14700
2017,GMC,Sierra 1500,SLT,8,Gasoline,219090.0,2025/07/09,Ontario,16000
2023,GMC,Sierra 2500HD,AT4,8,Gasoline,72893.0,2025/07/09,Ontario,69500
2018,GMC,Terrain,SLE,4,Gasoline,88055.0,2025/07/09,Ontario,14200
2022,GMC,Yukon,SLT,8,Gasoline,70933.0,2025/07/09,Ontario,64300
2019,GMC,Sierra 1500,Elevation,8,Gasoline,174852.0,2025/07/09,Ontario,26200
2018,GMC,Sierra 1500,SLT,8,Flex,194809.0,2025/07/09,Quebec,19200
2020,GMC,Sierra 3500HD,Denali,8,Diesel,138900.0,2025/07/09,Ontario,62600
2017,GMC,Sierra 1500,Denali,8,Gasoline,209928.0,2025/07/09,Ontario,15000
2023,GMC,Sierra 1500,Denali,8,Gasoline,78616.0,2025/07/09,Manitoba,60000
2021,GMC,Canyon,4WD AT4,6,Gasoline,55147.0,2025/07/09,Manitoba,38000
2023,GMC,Terrain,Denali,4,Gasoline,25171.0,2025/07/09,Ontario,34500
2018,GMC,Sierra 1500,SLE,8,Gasoline,105430.0,2025/07/09,Ontario,25800
2017,GMC,Canyon,4WD SLE,6,Gasoline,124611.0,2025/07/09,Ontario,18800
2021,GMC,Sierra 1500,SLE,6,Diesel,163215.0,2025/07/09,Alberta,29000
2024,GMC,Sierra 1500,AT4,6,Diesel,31800.0,2025/07/08,Ontario,68000
2021,GMC,Sierra 1500,Denali,8,Gasoline,67702.0,2025/07/08,Quebec,45500
2015,GMC,Sierra 1500,SLT,8,Gasoline,183515.0,2025/07/08,Ontario,14800
2023,GMC,Terrain,SLE,4,Gasoline,15432.0,2025/07/08,Quebec,24600
2018,GMC,Canyon,4WD Denali,4,Diesel,201067.0,2025/07/08,Ontario,15800
2017,GMC,Sierra 1500,Denali,8,Flex,143659.0,2025/07/08,Alberta,31000
2019,GMC,Yukon,SLE,8,Flex,115795.0,2025/07/08,Ontario,30800
2020,GMC,Savana Commercial Cutaway,"3500 Van 177""",8,Flex,74423.0,2025/07/08,Quebec,21000
2023,GMC,Terrain,Denali,4,Gasoline,29888.0,2025/07/08,Ontario,32000
2023,GMC,Sierra 1500,Elevation,8,Gasoline,81298.0,2025/07/08,Quebec,48500
2018,GMC,Sierra 2500HD,Denali,8,Diesel,140676.0,2025/07/08,Ontario,52900
2021,GMC,Sierra 1500,Denali,8,Gasoline,75595.0,2025/07/08,Ontario,50300
2016,GMC,Sierra 1500,Denali,8,Gasoline,187706.0,2025/07/08,Alberta,22000
2021,GMC,Canyon,4WD Denali,6,Gasoline,126081.0,2025/07/07,Ontario,33000
2017,GMC,Sierra 1500,SLE,8,Gasoline,163977.0,2025/07/07,Ontario,14000
2023,GMC,Sierra 1500,Denali,8,Gasoline,72471.0,2025/07/07,Ontario,61100
2021,GMC,Canyon,4WD AT4 w/Cloth,6,Gasoline,69319.0,2025/07/07,Ontario,36000
2018,GMC,Sierra 1500,Denali,8,Gasoline,199198.0,2025/07/07,Ontario,21700
2023,GMC,Sierra 3500HD,Denali,8,Diesel,87058.0,2025/07/07,Ontario,73000
2017,GMC,Sierra 1500,SLE,8,Gasoline,117600.0,2025/07/07,British Columbia,25500
2016,GMC,Canyon,4WD SLT,6,Gasoline,185500.0,2025/07/07,Alberta,15500
2019,GMC,Sierra 1500,Elevation,8,Gasoline,135590.0,2025/07/07,New Brunswick,32000
2021,GMC,Terrain,SLE,4,Gasoline,127692.0,2025/07/07,Ontario,17200
2015,GMC,Sierra 1500,SLE,8,Gasoline,102299.0,2025/07/07,Ontario,22000
2017,GMC,Yukon,Denali,8,Gasoline,193501.0,2025/07/07,Ontario,20200
2024,GMC,Canyon,AT4,4,Gasoline,23542.0,2025/07/07,Ontario,49700
2018,GMC,Sierra 1500,"4WD DOUBLE CAB 143.5""",8,Gasoline,172940.0,2025/07/07,Ontario,16600
2023,GMC,Yukon,AT4,8,Gasoline,71790.0,2025/07/07,Ontario,77700
2015,GMC,Sierra 1500,SLT,8,Gasoline,127361.0,2025/07/07,Ontario,16000
2019,GMC,Acadia,Denali,6,Gasoline,114551.0,2025/07/05,British Columbia,25700
2024,GMC,Sierra 1500,4WD Crew Cab,8,Gasoline,25775.0,2025/07/05,Alberta,80500
2020,GMC,Sierra 3500HD,AT4,8,Diesel,109735.0,2025/07/05,Alberta,68600
2019,GMC,Acadia,Denali,6,Gasoline,103428.0,2025/07/05,Ontario,27300
2021,GMC,Canyon,4WD AT4,6,Gasoline,60716.0,2025/07/05,Ontario,36700
2021,GMC,Sierra 1500,"4WD CREW CAB 147""",8,Gasoline,75913.0,2025/07/05,Ontario,32900
2016,GMC,Sierra 1500,SLE,8,Gasoline,210636.0,2025/07/04,Ontario,16500
2020,GMC,Sierra 3500HD,Denali,8,Diesel,135263.0,2025/07/04,Ontario,60100
2021,GMC,Canyon,4WD AT4,6,Gasoline,81380.0,2025/07/04,Ontario,35000
2022,GMC,Sierra 1500,Elevation,4,Gasoline,98766.0,2025/07/04,Ontario,37000
2020,GMC,Sierra 2500HD,Denali,8,Diesel,187838.0,2025/07/04,Alberta,46000
2018,GMC,Sierra 1500,SLT,8,Gasoline,132886.0,2025/07/03,Ontario,27800
2018,GMC,Yukon,SLT,8,Flex,154103.0,2025/07/03,British Columbia,28000
2021,GMC,Terrain,SLE,4,Gasoline,114802.0,2025/07/03,Alberta,22200
2021,GMC,Yukon,SLT,8,Gasoline,110711.0,2025/07/03,Ontario,55600
2021,GMC,Canyon,4WD Denali,6,Gasoline,99284.0,2025/07/03,Ontario,36000
2021,GMC,Yukon XL,SLT,8,Gasoline,144625.0,2025/07/03,Ontario,53000
2018,GMC,Acadia,SLE,4,Gasoline,102057.0,2025/07/03,Quebec,19200
2021,GMC,Sierra 1500,4WD Crew Cab,8,Gasoline,77102.0,2025/07/03,Ontario,35200
2021,GMC,Sierra 2500HD,Denali,8,Diesel,37595.0,2025/07/02,Quebec,79300
2020,GMC,Sierra 1500,Elevation,8,Gasoline,56682.0,2025/07/02,Ontario,44000
2019,GMC,Terrain,Denali,4,Gasoline,112540.0,2025/07/02,Ontario,20400
2020,GMC,Terrain,SLE,4,Gasoline,123467.0,2025/07/02,Quebec,15500
2020,GMC,Savana Commercial Cutaway,"4500 Van 159""",8,Flex,95884.0,2025/07/02,Ontario,49000
2015,GMC,Sierra 1500,SLE,8,Gasoline,166499.0,2025/07/02,Quebec,13600
2020,GMC,Terrain,SLE,4,Gasoline,81350.0,2025/07/02,Quebec,18300
2023,GMC,Acadia,AT4,6,Gasoline,57363.0,2025/07/02,Quebec,41500
2020,GMC,Sierra 2500HD,REGULAR CAB LONG BED,8,Gasoline,34000.0,2025/07/02,Nova Scotia,42000
2017,GMC,Sierra 1500,SLE,8,Gasoline,155015.0,2025/07/02,Ontario,18000
2019,GMC,Sierra 1500 Limited,4WD Double Cab,8,Flex,131030.0,2025/07/01,Ontario,9000
2022,GMC,Terrain,SLE,4,Gasoline,64564.0,2025/07/01,Quebec,23000
2017,GMC,Terrain,Denali,6,Gasoline,147228.0,2025/07/01,Alberta,10000
2017,GMC,Sierra 1500,SLE,8,Gasoline,139070.0,2025/06/30,British Columbia,21500
2020,GMC,Sierra 1500,SLT,8,Gasoline,145816.0,2025/06/30,New Brunswick,33500
2024,GMC,Sierra 1500,AT4,6,Diesel,61036.0,2025/06/30,Ontario,66000
2023,GMC,Yukon,SLE,8,Gasoline,148067.0,2025/06/30,Saskatchewan,41600
2023,GMC,Sierra 1500,AT4,8,Gasoline,145082.0,2025/06/30,Saskatchewan,45000
2019,GMC,Sierra 1500,AT4,8,Gasoline,202485.0,2025/06/30,British Columbia,30400
2015,GMC,Sierra 1500,SLT,8,Gasoline,172577.0,2025/06/30,Alberta,20500
2019,GMC,Yukon XL,SLT,8,Flex,197382.0,2025/06/30,Ontario,25500
2018,GMC,Sierra 1500,4WD Crew Cab,8,Gasoline,150147.0,2025/06/30,Quebec,16000
2023,GMC,Sierra 3500HD,Denali,8,Diesel,147720.0,2025/06/30,Ontario,64000
2021,GMC,Acadia,SLE,6,Gasoline,56981.0,2025/06/30,Ontario,29500
2016,GMC,Sierra 1500,SLE,8,Gasoline,126462.0,2025/06/30,New Brunswick,18600
2023,GMC,Canyon,AT4,4,Gasoline,53984.0,2025/06/30,Ontario,49200
2019,GMC,Sierra 1500,Denali,8,Gasoline,151639.0,2025/06/30,Manitoba,38000
2018,GMC,Sierra 1500,"4WD Double Cab 143.5""",8,Gasoline,234850.0,2025/06/30,Ontario,14300
2021,GMC,Canyon,4WD AT4 w/Cloth,6,Gasoline,69000.0,2025/06/30,Quebec,35600
2024,GMC,Sierra 2500HD,SLT,8,Diesel,39734.0,2025/06/30,Quebec,83900
2016,GMC,Terrain,Denali,6,Gasoline,83885.0,2025/06/28,Ontario,14000
2022,GMC,Sierra 2500HD,AT4,8,Diesel,63953.0,2025/06/28,Ontario,75000
2017,GMC,Sierra 1500,"4WD DOUBLE CAB 143.5""",8,Gasoline,120712.0,2025/06/28,Ontario,15500
2022,GMC,Sierra 2500HD,SLE,8,Gasoline,70958.0,2025/06/28,Quebec,49100
2016,GMC,Terrain,SLT,6,Gasoline,134162.0,2025/06/28,Ontario,10600
2017,GMC,Terrain,SLT,6,Gasoline,116274.0,2025/06/28,Quebec,11900
2024,GMC,Sierra 3500HD,AT4,8,Diesel,132766.0,2025/06/27,British Columbia,74900
2018,GMC,Acadia,SLE,4,Gasoline,68228.0,2025/06/27,Ontario,19600
2020,GMC,Sierra 2500HD,AT4,8,Diesel,98650.0,2025/06/27,Ontario,64200
2023,GMC,Canyon,Elevation,4,Gasoline,15582.0,2025/06/26,Quebec,40500
2022,GMC,Terrain,SLT,4,Gasoline,61813.0,2025/06/26,Ontario,23500
2020,GMC,Sierra 1500,4WD Crew Cab,4,Gasoline,117978.0,2025/06/26,Ontario,30400
2017,GMC,Sierra 1500,SLE,8,Gasoline,136000.0,2025/06/26,Quebec,20800
2023,GMC,Sierra 3500HD,Denali,8,Diesel,110816.0,2025/06/25,British Columbia,73000
2015,GMC,Sierra 1500,SLE,8,Gasoline,178801.0,2025/06/25,Ontario,15600
2015,GMC,Sierra 1500,SLE,8,Gasoline,222492.0,2025/06/25,Ontario,11500
2016,GMC,Acadia,Denali,6,Gasoline,154650.0,2025/06/25,Ontario,13900
2023,GMC,Terrain,Denali,4,Gasoline,28000.0,2025/06/25,Ontario,31500
2021,GMC,Sierra 1500,AT4,8,Gasoline,83702.0,2025/06/25,Manitoba,49600
2023,GMC,Savana Cargo Van,"RWD 2500 155""",6,Gasoline,17455.0,2025/06/25,Quebec,39200
2023,GMC,Acadia,Denali,6,Gasoline,44233.0,2025/06/25,Ontario,47000
2019,GMC,Canyon,4WD SLE,6,Gasoline,122882.0,2025/06/25,Ontario,25100
2022,GMC,Sierra 1500 Limited,Denali,8,Gasoline,70020.0,2025/06/25,Ontario,50200
2023,GMC,Savana Cargo Van,"RWD 2500 135""",6,Gasoline,48213.0,2025/06/25,Quebec,34900
2022,GMC,Sierra 2500HD,AT4,8,Diesel,98026.0,2025/06/25,Ontario,67800
2024,GMC,Sierra 1500,Elevation,8,Gasoline,35700.0,2025/06/25,Quebec,56300
2024,GMC,Sierra 1500,Pro,8,Gasoline,36363.0,2025/06/24,Ontario,44500
2017,GMC,Sierra 1500,SLE,8,Gasoline,191707.0,2025/06/24,Ontario,16900
2021,GMC,Sierra 1500,Denali,8,Gasoline,114505.0,2025/06/24,Alberta,48000
2019,GMC,Terrain,SLT,4,Gasoline,81057.0,2025/06/24,Ontario,20800
2019,GMC,Sierra 1500,Denali,8,Gasoline,160071.0,2025/06/24,British Columbia,33500
2022,GMC,Terrain,SLE,4,Gasoline,90800.0,2025/06/24,Ontario,21500
2018,GMC,Sierra 1500,SLT,8,Gasoline,76089.0,2025/06/24,Ontario,31200
2020,GMC,Sierra 1500,AT4,8,Gasoline,225592.0,2025/06/24,Ontario,26900
2022,GMC,Sierra 2500HD,Denali,8,Diesel,69325.0,2025/06/24,Ontario,73700
2021,GMC,Sierra 3500HD,SLE,8,Diesel,160055.0,2025/06/23,Ontario,44700
2022,GMC,Canyon,4WD Elevation,4,Diesel,67516.0,2025/06/23,Manitoba,37000
2022,GMC,Sierra 1500,Elevation,8,Gasoline,49289.0,2025/06/23,Ontario,52900
2024,GMC,Acadia,AT4,4,Gasoline,27633.0,2025/06/23,Manitoba,56600
2008,GMC,Yukon XL,Denali,8,Gasoline,105825.0,2025/06/23,British Columbia,17800
2015,GMC,Sierra 1500,4WD Crew Cab,6,Flex,182439.0,2025/06/23,British Columbia,9000
2019,GMC,Acadia,SLE,6,Gasoline,67649.0,2025/06/23,Manitoba,21600
2018,GMC,Yukon,Denali,8,Flex,106295.0,2025/06/23,Alberta,40500
2021,GMC,Yukon,Denali,8,Gasoline,100235.0,2025/06/23,Alberta,62100
2021,GMC,Acadia,Denali,6,Gasoline,99954.0,2025/06/23,Quebec,32800
2024,GMC,Acadia,AT4,4,Gasoline,20838.0,2025/06/23,Ontario,58100
2024,GMC,Yukon,SLT,8,Gasoline,40509.0,2025/06/23,Ontario,77600
2023,GMC,Canyon,Elevation,4,Gasoline,21139.0,2025/06/23,Ontario,45000
2023,GMC,Sierra 1500,AT4,6,Diesel,36855.0,2025/06/23,Ontario,66200
2017,GMC,Savana Cargo Van,"RWD 2500 135""",8,Gasoline,33527.0,2025/06/23,Ontario,22800
2015,GMC,Sierra 1500,SLE,8,Gasoline,150159.0,2025/06/22,British Columbia,16500
2023,GMC,Sierra 1500,Elevation,8,Gasoline,78133.0,2025/06/21,Ontario,50500
2019,GMC,Yukon,SLE,8,Flex,151590.0,2025/06/20,Manitoba,27000
2014,GMC,Sierra 1500,SLE,8,Flex,200946.0,2025/06/20,British Columbia,13200
2018,GMC,Sierra 1500,Denali,8,Gasoline,107590.0,2025/06/20,Ontario,28000
2023,GMC,Terrain,Denali,4,Gasoline,22034.0,2025/06/20,Manitoba,33100
2023,GMC,Terrain,Denali,4,Gasoline,19841.0,2025/06/20,Manitoba,33700
2022,GMC,Sierra 1500,SLE,8,Gasoline,106850.0,2025/06/20,Ontario,35900
2020,GMC,Savana Cargo Van,"RWD 2500 135""",6,Flex,206692.0,2025/06/20,Ontario,10100
2023,GMC,Sierra 1500,Elevation,4,Gasoline,29358.0,2025/06/20,Manitoba,49000
2022,GMC,Sierra 1500,AT4,8,Gasoline,27589.0,2025/06/20,Manitoba,61500
2022,GMC,Sierra 1500 Limited,Elevation,6,Diesel,85691.0,2025/06/20,Manitoba,40100
2024,GMC,Sierra 1500,AT4,6,Diesel,48408.0,2025/06/20,Manitoba,64000
2022,GMC,Terrain,AT4,4,Gasoline,64478.0,2025/06/20,Manitoba,24000
2023,GMC,Sierra 1500,AT4X,8,Gasoline,19806.0,2025/06/20,Manitoba,73000
2022,GMC,Sierra 1500,AT4,8,Gasoline,63675.0,2025/06/20,Ontario,57500
2017,GMC,Sierra 1500,Denali,8,Gasoline,209925.0,2025/06/20,Ontario,15000
2020,GMC,Sierra 1500,SLT,6,Diesel,143507.0,2025/06/20,British Columbia,36800
2021,GMC,Acadia,Denali,6,Gasoline,102145.0,2025/06/20,Ontario,31700
2020,GMC,Acadia,SLE,4,Gasoline,92311.0,2025/06/20,Nova Scotia,24600
2021,GMC,Canyon,4WD AT4,6,Gasoline,151480.0,2025/06/20,Quebec,27500
2020,GMC,Terrain,Denali,4,Gasoline,125500.0,2025/06/20,Ontario,20500
2020,GMC,Sierra 1500,Elevation,8,Gasoline,115435.0,2025/06/20,Alberta,37500
2024,GMC,Sierra 1500,SLT,6,Diesel,33240.0,2025/06/20,Ontario,57000
2018,GMC,Sierra 1500,Denali,8,Gasoline,148281.0,2025/06/19,Ontario,26900
2018,GMC,Sierra 1500,SLT,8,Flex,140685.0,2025/06/19,Ontario,26500
2017,GMC,Yukon,SLT,8,Gasoline,181540.0,2025/06/19,Saskatchewan,26300
2015,GMC,Sierra 1500,SLE,8,Gasoline,176486.0,2025/06/19,Alberta,12500
2022,GMC,Sierra 1500,Denali Ultimate,8,Gasoline,52180.0,2025/06/19,Quebec,55000
2023,GMC,Sierra 3500HD,Denali,8,Gasoline,89369.0,2025/06/19,British Columbia,67000
2021,GMC,Canyon,4WD AT4,6,Gasoline,42340.0,2025/06/19,Quebec,38300
2014,GMC,Yukon XL,SLT,8,Flex,116497.0,2025/06/19,Ontario,19100
2016,GMC,Yukon XL,SLT,8,Gasoline,194213.0,2025/06/19,Ontario,18100
2022,GMC,Terrain,AT4,4,Gasoline,41432.0,2025/06/19,Ontario,29300
2018,GMC,Sierra 1500,Denali,8,Flex,116694.0,2025/06/19,Quebec,31500
2013,GMC,Sierra 1500,SLT,8,Flex,69241.0,2025/06/19,Ontario,12000
2020,GMC,Sierra 3500HD,Denali,8,Diesel,126256.0,2025/06/19,Ontario,63700
2017,GMC,Sierra 1500,Denali,8,Flex,242143.0,2025/06/18,Ontario,16400
2020,GMC,Sierra 1500,Denali,6,Diesel,35537.0,2025/06/18,Ontario,57000
2019,GMC,Sierra 1500,Denali,8,Gasoline,213170.0,2025/06/18,Ontario,26100
2023,GMC,Acadia,AT4,6,Gasoline,35621.0,2025/06/18,Ontario,43800
2019,GMC,Savana Cargo Van,"RWD 2500 155""",8,Flex,54737.0,2025/06/18,Ontario,25200
2019,GMC,Terrain,SLE,4,Gasoline,135288.0,2025/06/18,Alberta,17500
2015,GMC,Sierra 1500,Denali,8,Gasoline,141122.0,2025/06/18,Ontario,21500
2024,GMC,Sierra 1500,AT4,8,Gasoline,40164.0,2025/06/18,Alberta,69000
2023,GMC,Sierra 3500HD,Pro,8,Diesel,21025.0,2025/06/18,Ontario,79500
2018,GMC,Sierra 1500,SLE,8,Gasoline,178101.0,2025/06/18,Alberta,17500
2022,GMC,Terrain,SLE,4,Gasoline,17981.0,2025/06/17,Ontario,25900
2023,GMC,Acadia,SLE,6,Gasoline,40570.0,2025/06/17,Ontario,38300
2018,GMC,Sierra 1500,SLT,8,Gasoline,113454.0,2025/06/17,British Columbia,28100
2018,GMC,Sierra 1500,SLE,8,Gasoline,46032.0,2025/06/17,Quebec,31700
2017,GMC,Yukon,Denali,8,Gasoline,195067.0,2025/06/17,Alberta,23500
2015,GMC,Sierra 1500,Denali,8,Gasoline,164449.0,2025/06/17,Ontario,18800
2018,GMC,Sierra 1500,SLE,8,Gasoline,191100.0,2025/06/17,Ontario,14800
2024,GMC,Acadia,AT4,4,Gasoline,39156.0,2025/06/17,Ontario,53800
2019,GMC,Terrain,SLE,4,Gasoline,161413.0,2025/06/17,Ontario,10000
2018,GMC,Terrain,SLE Diesel,4,Diesel,158423.0,2025/06/16,Ontario,9500
2025,GMC,Sierra 1500,Elevation,8,Gasoline,22325.0,2025/06/16,Manitoba,64500
2021,GMC,Acadia,AT4,6,Gasoline,89816.0,2025/06/16,Ontario,31500
2024,GMC,Sierra 1500,SLT,8,Gasoline,47343.0,2025/06/16,Alberta,59000
2024,GMC,Sierra 1500,AT4,8,Gasoline,120228.0,2025/06/16,Ontario,54700
2021,GMC,Sierra 2500HD,Denali,8,Diesel,126000.0,2025/06/16,Ontario,63500
2018,GMC,Sierra 1500,Denali,8,Flex,122524.0,2025/06/16,Ontario,32700
2017,GMC,Sierra 1500,SLE,8,Gasoline,150994.0,2025/06/16,Quebec,20600
2024,GMC,Sierra 1500,Elevation,6,Diesel,31363.0,2025/06/16,Ontario,56000
2023,GMC,Canyon,Elevation,4,Gasoline,15182.0,2025/06/16,Manitoba,44600
2017,GMC,Sierra 1500,SLE,8,Gasoline,116262.0,2025/06/16,Ontario,19900
2023,GMC,Terrain,SLE,4,Gasoline,48968.0,2025/06/16,Ontario,26200
2022,GMC,Yukon XL,Denali,8,Gasoline,60541.0,2025/06/16,Ontario,72600
2020,GMC,Sierra 1500,SLE,8,Gasoline,42732.0,2025/06/16,Ontario,40600
2019,GMC,Canyon,4WD Denali,6,Gasoline,123083.0,2025/06/16,Ontario,27100
2016,GMC,Sierra 1500,4WD Crew Cab,8,Gasoline,211022.0,2025/06/16,Ontario,10000
2022,GMC,Sierra 2500HD,Denali,8,Diesel,55436.0,2025/06/16,Ontario,31000
2020,GMC,Canyon,4WD,4,Diesel,129087.0,2025/06/16,Ontario,31600
2019,GMC,Canyon,4WD All Terrain,6,Gasoline,100155.0,2025/06/16,Quebec,27500
2016,GMC,Sierra 1500,SLE,8,Gasoline,139570.0,2025/06/16,Ontario,13400
2016,GMC,Terrain,SLT,6,Gasoline,92512.0,2025/06/16,Ontario,10600
2022,GMC,Terrain,SLE,4,Gasoline,52570.0,2025/06/16,Ontario,23500
2022,GMC,Sierra 1500,Elevation,8,Gasoline,75525.0,2025/06/16,Ontario,44800
2021,GMC,Acadia,SLE,6,Gasoline,61088.0,2025/06/16,Quebec,30700
2016,GMC,Canyon,4WD SLE,6,Gasoline,156774.0,2025/06/14,Ontario,17600
2023,GMC,Sierra 1500,Elevation,8,Gasoline,86718.0,2025/06/14,Quebec,51900
2015,GMC,Canyon,4WD SLT,6,Gasoline,246336.0,2025/06/14,Ontario,12800
2023,GMC,Terrain,Denali,4,Gasoline,48450.0,2025/06/13,Ontario,29500
2016,GMC,Yukon,Denali,8,Gasoline,232804.0,2025/06/13,Quebec,17500
2020,GMC,Sierra 2500HD,SLE,8,Diesel,217198.0,2025/06/13,Alberta,22800
2021,GMC,Sierra 2500HD,Denali,8,Diesel,103950.0,2025/06/13,Ontario,67500
2019,GMC,Sierra 1500,Elevation,8,Gasoline,203795.0,2025/06/13,Ontario,9800
2022,GMC,Yukon XL,Denali,8,Gasoline,104202.0,2025/06/13,Manitoba,69000
2019,GMC,Terrain,SLE,4,Gasoline,112658.0,2025/06/13,Manitoba,20400
2019,GMC,Yukon,Denali,8,Flex,143962.0,2025/06/13,Ontario,40900
2021,GMC,Sierra 1500,AT4,8,Gasoline,61000.0,2025/06/13,Ontario,48000
2019,GMC,Yukon,SLT,8,Flex,114334.0,2025/06/13,Quebec,40800
2023,GMC,Sierra 1500,AT4X,8,Gasoline,71041.0,2025/06/13,Ontario,61700
2021,GMC,Sierra 2500HD,Denali,8,Diesel,139861.0,2025/06/12,Ontario,61800
2022,GMC,Canyon,4WD AT4,6,Gasoline,36344.0,2025/06/12,New Brunswick,39400
2021,GMC,Terrain,SLE,4,Gasoline,68001.0,2025/06/12,Ontario,22800
2018,GMC,Yukon,Denali,8,Flex,169076.0,2025/06/12,Ontario,38100
2023,GMC,Terrain,Denali,4,Gasoline,36762.0,2025/06/11,Ontario,33500
2024,GMC,Sierra 1500,Denali Ultimate,6,Diesel,45500.0,2025/06/11,Ontario,83300
2018,GMC,Terrain,Denali,4,Gasoline,50971.0,2025/06/11,Ontario,21600
2015,GMC,Sierra 1500,SLE,8,Gasoline,178180.0,2025/06/11,Manitoba,12900
2018,GMC,Terrain,SLE Diesel,4,Diesel,125781.0,2025/06/11,Ontario,12800
2023,GMC,Sierra 1500,Denali,8,Gasoline,25404.0,2025/06/11,Nova Scotia,65000
2022,GMC,Sierra 1500,AT4X,8,Gasoline,22434.0,2025/06/10,Quebec,65500
2022,GMC,Terrain,AT4,4,Gasoline,178840.0,2025/06/10,Ontario,13000
2017,GMC,Yukon XL,SLT,8,Gasoline,219380.0,2025/06/10,Alberta,20500
2021,GMC,Yukon,Denali,8,Gasoline,49453.0,2025/06/10,Ontario,61000
2018,GMC,Sierra 1500,Denali,8,Flex,154903.0,2025/06/10,Alberta,26500
2020,GMC,Sierra 2500HD,SLT,8,Diesel,50109.0,2025/06/10,Ontario,63200
2024,GMC,Sierra 2500HD,Denali Ultimate,8,Diesel,123164.0,2025/06/10,Ontario,82000
2017,GMC,Sierra 1500,SLE,8,Gasoline,216401.0,2025/06/10,Quebec,15500
2022,GMC,Sierra 1500,AT4,6,Diesel,196978.0,2025/06/10,Ontario,31500
2021,GMC,Yukon,Denali,6,Diesel,117243.0,2025/06/09,Ontario,58300
2017,GMC,Yukon XL,SLT,8,Gasoline,66300.0,2025/06/09,Ontario,28000
2022,GMC,Sierra 1500,AT4,6,Diesel,95010.0,2025/06/09,Ontario,52800
2023,GMC,Sierra 1500,AT4X,8,Gasoline,54115.0,2025/06/09,Quebec,67000
2022,GMC,Sierra 1500 Limited,Elevation,8,Gasoline,56789.0,2025/06/09,Quebec,42700
2015,GMC,Sierra 1500,Denali,8,Flex,167418.0,2025/06/09,Ontario,19000
2012,GMC,Sierra 1500,SLE,8,Flex,120645.0,2025/06/09,British Columbia,14100
2020,GMC,Sierra 1500,AT4,8,Gasoline,140709.0,2025/06/09,Saskatchewan,40100
2022,GMC,Acadia,AT4,6,Gasoline,56335.0,2025/06/09,British Columbia,38900
2023,GMC,Canyon,Denali,4,Gasoline,48868.0,2025/06/09,Saskatchewan,52700
2023,GMC,Sierra 2500HD,Denali,8,Diesel,71358.0,2025/06/09,Quebec,77000
2015,GMC,Acadia,SLE,6,Gasoline,80577.0,2025/06/09,Ontario,9300
2017,GMC,Sierra 1500,4WD Crew Cab,8,Gasoline,144348.0,2025/06/09,Ontario,15600
2022,GMC,Sierra 1500,AT4,6,Diesel,62069.0,2025/06/09,Ontario,56200
2021,GMC,Terrain,SLE,4,Gasoline,54993.0,2025/06/09,Ontario,24000
2020,GMC,Sierra 2500HD,Denali,8,Diesel,102162.0,2025/06/09,Ontario,66200
2019,GMC,Sierra 2500HD,4WD Crew Cab,8,Diesel,102620.0,2025/06/09,Quebec,37400
2024,GMC,Sierra 1500,Elevation,6,Diesel,47168.0,2025/06/09,Ontario,57600
2022,GMC,Yukon,AT4,8,Gasoline,99240.0,2025/06/09,Ontario,67000
2023,GMC,Sierra 1500,Pro,8,Gasoline,54408.0,2025/06/09,Ontario,39900
2020,GMC,Sierra 1500,Denali,8,Gasoline,137234.0,2025/06/07,Saskatchewan,40500
2015,GMC,Savana Cargo Van,"RWD 2500 135""",8,Gasoline,135663.0,2025/06/07,Ontario,9700
2023,GMC,Acadia,SLE,6,Gasoline,26151.0,2025/06/07,Ontario,40200
2019,GMC,Yukon XL,Denali,8,Flex,131205.0,2025/06/07,British Columbia,41800
2022,GMC,Terrain,Denali,4,Gasoline,49545.0,2025/06/07,Quebec,29500
2016,GMC,Sierra 1500,SLE,8,Gasoline,157525.0,2025/06/06,British Columbia,19900
2019,GMC,Sierra 1500,Elevation,8,Gasoline,87093.0,2025/06/06,Ontario,34000
2022,GMC,Yukon,SLT,8,Gasoline,85000.0,2025/06/06,Ontario,62200
2020,GMC,Sierra 1500,SLE,6,Diesel,137013.0,2025/06/06,Ontario,24800
2021,GMC,Sierra 1500,SLE,8,Gasoline,102070.0,2025/06/06,Alberta,28500
2017,GMC,Sierra 1500,SLE,8,Gasoline,159834.0,2025/06/05,Ontario,20100
2018,GMC,Sierra 3500HD,SLT,8,Diesel,249251.0,2025/06/05,Saskatchewan,35400
2023,GMC,Yukon,SLT,6,Diesel,63281.0,2025/06/05,Ontario,74900
2024,GMC,Terrain,SLE,4,Gasoline,15335.0,2025/06/05,British Columbia,31800
2016,GMC,Yukon,Denali,8,Gasoline,170176.0,2025/06/05,Alberta,24800
2023,GMC,Sierra 1500,Elevation,6,Diesel,48507.0,2025/06/05,Quebec,51800
2021,GMC,Savana Cargo Van,"RWD 2500 135""",6,Flex,101385.0,2025/06/05,Ontario,21500
2022,GMC,Sierra 1500,AT4,8,Gasoline,129507.0,2025/06/05,Ontario,50600
2016,GMC,Canyon,4WD SLE,6,Gasoline,131271.0,2025/06/05,Ontario,21900
2024,GMC,Sierra 2500HD,SLE,8,Diesel,16464.0,2025/06/04,British Columbia,68000
2021,GMC,Sierra 3500HD,SLE,8,Diesel,59844.0,2025/06/04,British Columbia,61300
2019,GMC,Sierra 1500,Denali,8,Gasoline,185179.0,2025/06/04,Manitoba,31600
2023,GMC,Yukon XL,SLT,8,Gasoline,59749.0,2025/06/04,Ontario,73600
2022,GMC,Sierra 1500,Elevation,6,Diesel,90232.0,2025/06/04,Ontario,45700
2024,GMC,Sierra 2500HD,SLE,8,Gasoline,24908.0,2025/06/04,Ontario,58000
2018,GMC,Sierra 1500,SLE,8,Gasoline,178888.0,2025/06/04,Ontario,14700
2014,GMC,Sierra 1500,SLE,8,Flex,198173.0,2025/06/04,British Columbia,15200
2024,GMC,Sierra 2500HD,SLE,8,Gasoline,95500.0,2025/06/03,Alberta,53200
2021,GMC,Sierra 2500HD,Denali,8,Diesel,118910.0,2025/06/03,Ontario,68100
2020,GMC,Sierra 1500,SLE,8,Gasoline,218616.0,2025/06/03,Ontario,19500
2019,GMC,Sierra 1500,SLE,8,Gasoline,175465.0,2025/06/03,Ontario,25000
2017,GMC,Sierra 1500,"4WD Double Cab 143.5""",8,Gasoline,105781.0,2025/06/03,Ontario,29600
2023,GMC,Sierra 1500,Elevation,8,Gasoline,49210.0,2025/06/03,Ontario,51000
2022,GMC,Sierra 1500 Limited,Elevation,8,Gasoline,74411.0,2025/11/21,British Columbia,45500
2019,GMC,Sierra 1500 Limited,4WD DOUBLE CAB,8,Flex,120746.0,2025/11/21,Ontario,21000
2022,GMC,Sierra 1500 Limited,AT4,8,Gasoline,104513.0,2025/11/20,Ontario,43000
2019,GMC,Sierra 1500 Limited,SLE,8,Flex,101362.0,2025/11/19,Quebec,24500
2019,GMC,Sierra 1500 Limited,SLE,8,Flex,127313.0,2025/11/19,Quebec,21100
2022,GMC,Sierra 1500 Limited,Elevation,8,Gasoline,63244.0,2025/11/19,Ontario,35250
2022,GMC,Sierra 1500 Limited,SLE,8,Gasoline,114299.0,2025/11/18,Alberta,32250
2019,GMC,Sierra 1500 Limited,4WD DOUBLE CAB,8,Flex,127519.0,2025/11/18,Nova Scotia,18000
2022,GMC,Sierra 1500 Limited,Denali,8,Gasoline,141809.0,2025/11/14,Saskatchewan,39600
2022,GMC,Sierra 1500 Limited,Elevation,8,Gasoline,75918.0,2025/11/12,Ontario,41500
2022,GMC,Sierra 1500 Limited,SLE,8,Gasoline,143277.0,2025/11/12,Alberta,28750
2022,GMC,Sierra 1500 Limited,Elevation,8,Gasoline,53665.0,2025/11/12,Quebec,46750
2022,GMC,Sierra 1500 Limited,Elevation,6,Diesel,83242.0,2025/11/12,Quebec,43750
2022,GMC,Sierra 1500 Limited,SLE,8,Gasoline,84911.0,2025/11/12,Nova Scotia,26200
2022,GMC,Sierra 1500 Limited,Elevation,8,Gasoline,108820.0,2025/11/12,Ontario,34600
2022,GMC,Sierra 1500 Limited,SLE,8,Gasoline,175930.0,2025/11/05,Alberta,24200
2022,GMC,Sierra 1500 Limited,Elevation,8,Gasoline,111306.0,2025/11/05,Quebec,40250
2019,GMC,Sierra 1500 Limited,4WD DOUBLE CAB,8,Flex,129701.0,2025/11/04,Ontario,24600
2019,GMC,Sierra 1500 Limited,4WD DOUBLE CAB,8,Flex,198742.0,2025/11/01,Ontario,11200
2022,GMC,Sierra 1500 Limited,SLE,8,Gasoline,55649.0,2025/10/31,Quebec,36500
2022,GMC,Sierra 1500 Limited,SLE,8,Gasoline,147436.0,2025/10/31,Manitoba,23500
2022,GMC,Sierra 1500 Limited,Pro,8,Gasoline,162477.0,2025/10/30,Alberta,25200
2022,GMC,Sierra 1500 Limited,Denali,6,Diesel,62386.0,2025/10/30,Ontario,52100
2022,GMC,Sierra 1500 Limited,AT4,8,Gasoline,61750.0,2025/10/30,Ontario,42750
2022,GMC,Sierra 1500 Limited,AT4,8,Gasoline,57255.0,2025/10/29,British Columbia,48000
2022,GMC,Sierra 1500 Limited,SLT,8,Gasoline,119855.0,2025/10/28,Alberta,35000
2022,GMC,Sierra 1500 Limited,Elevation,8,Gasoline,65111.0,2025/10/27,Ontario,41500
2022,GMC,Sierra 1500 Limited,AT4,8,Gasoline,86875.0,2025/10/27,Quebec,41500
2019,GMC,Sierra 1500 Limited,4WD DOUBLE CAB,8,Flex,129104.0,2025/10/25,Manitoba,22000
2019,GMC,Sierra 1500 Limited,4WD DOUBLE CAB,8,Flex,53456.0,2025/10/25,Ontario,27000
2022,GMC,Sierra 1500 Limited,AT4,8,Gasoline,89091.0,2025/10/23,Ontario,49600
2022,GMC,Sierra 1500 Limited,Denali,8,Gasoline,64193.0,2025/10/22,Nova Scotia,50000
2022,GMC,Sierra 1500 Limited,AT4,8,Gasoline,88125.0,2025/10/22,Ontario,48250
2022,GMC,Sierra 1500 Limited,AT4,8,Gasoline,66122.0,2025/10/22,Ontario,52250
2019,GMC,Sierra 1500 Limited,4WD DOUBLE CAB,8,Flex,62308.0,2025/10/22,Ontario,25100
2022,GMC,Sierra 1500 Limited,Elevation,8,Gasoline,65391.0,2025/10/22,Quebec,32000
2022,GMC,Sierra 1500 Limited,SLE,8,Gasoline,97068.0,2025/10/21,Alberta,28600
2022,GMC,Sierra 1500 Limited,Denali,8,Gasoline,126232.0,2025/10/16,Ontario,47000
2022,GMC,Sierra 1500 Limited,Elevation,6,Diesel,103914.0,2025/10/15,Quebec,37000
2019,GMC,Sierra 1500 Limited,Other,8,Flex,159339.0,2025/10/14,Alberta,10900
2022,GMC,Sierra 1500 Limited,Elevation,8,Gasoline,63752.0,2025/10/08,Quebec,41750
2022,GMC,Sierra 1500 Limited,AT4,8,Gasoline,118911.0,2025/10/08,Quebec,43250
2019,GMC,Sierra 1500 Limited,SLE,8,Flex,162928.0,2025/10/04,Ontario,18000
2022,GMC,Sierra 1500 Limited,AT4,6,Diesel,130057.0,2025/10/03,Nova Scotia,38000
2022,GMC,Sierra 1500 Limited,Denali,8,Gasoline,67878.0,2025/10/02,Manitoba,46400
2022,GMC,Sierra 1500 Limited,SLE,8,Gasoline,150536.0,2025/10/01,Alberta,26500
2022,GMC,Sierra 1500 Limited,SLE,8,Gasoline,125498.0,2025/10/01,Alberta,28300
2022,GMC,Sierra 1500 Limited,Elevation,8,Gasoline,74099.0,2025/10/01,Ontario,39500
2019,GMC,Sierra 1500 Limited,4WD DOUBLE CAB,8,Flex,143944.0,2025/10/01,Quebec,17600
2022,GMC,Sierra 1500 Limited,SLE,8,Gasoline,97250.0,2025/09/30,Alberta,36500
2022,GMC,Sierra 1500 Limited,SLE,8,Gasoline,99364.0,2025/09/26,Saskatchewan,35800
2022,GMC,Sierra 1500 Limited,SLE,8,Gasoline,219272.0,2025/09/26,Saskatchewan,20500
2022,GMC,Sierra 1500 Limited,Elevation,6,Diesel,159834.0,2025/09/26,Saskatchewan,33500
2019,GMC,Sierra 1500 Limited,Other,8,Flex,141351.0,2025/09/26,Newfoundland and Labrador,19000
2019,GMC,Sierra 1500 Limited,SLE,8,Flex,190064.0,2025/09/25,Manitoba,13900
2019,GMC,Sierra 1500 Limited,SLE,8,Flex,144978.0,2025/09/25,British Columbia,16900
2022,GMC,Sierra 1500 Limited,Pro,8,Gasoline,147332.0,2025/09/24,Ontario,27750
2022,GMC,Sierra 1500 Limited,Elevation,8,Gasoline,88685.0,2025/09/24,Ontario,38000
2022,GMC,Sierra 1500 Limited,AT4,8,Gasoline,67635.0,2025/09/23,Ontario,44000
2019,GMC,Sierra 1500 Limited,Other,8,Flex,197513.0,2025/09/22,Newfoundland and Labrador,13000
2022,GMC,Sierra 1500 Limited,Denali,8,Gasoline,110216.0,2025/09/22,Saskatchewan,39000
2022,GMC,Sierra 1500 Limited,AT4,8,Gasoline,46220.0,2025/09/18,British Columbia,55200
2022,GMC,Sierra 1500 Limited,Elevation,8,Gasoline,30951.0,2025/09/18,Ontario,45500
2022,GMC,Sierra 1500 Limited,Elevation,8,Gasoline,139339.0,2025/09/18,Ontario,39000
2022,GMC,Sierra 1500 Limited,AT4,8,Gasoline,73209.0,2025/09/18,New Brunswick,50400
2022,GMC,Sierra 1500 Limited,AT4,8,Gasoline,55617.0,2025/09/18,Ontario,53000
2022,GMC,Sierra 1500 Limited,SLE,8,Gasoline,72891.0,2025/09/18,Quebec,36000
2022,GMC,Sierra 1500 Limited,Elevation,8,Gasoline,149492.0,2025/09/17,Ontario,32750
2022,GMC,Sierra 1500 Limited,Denali,8,Gasoline,66213.0,2025/09/17,Ontario,54250
2019,GMC,Sierra 1500 Limited,4WD Double Cab,8,Flex,193301.0,2025/09/16,Ontario,17000
2022,GMC,Sierra 1500 Limited,Pro,8,Gasoline,131427.0,2025/09/16,British Columbia,29400
2022,GMC,Sierra 1500 Limited,AT4,6,Diesel,90115.0,2025/09/16,Alberta,50750
2022,GMC,Sierra 1500 Limited,SLT,8,Gasoline,100925.0,2025/09/11,Manitoba,36750
2022,GMC,Sierra 1500 Limited,SLE,8,Gasoline,69119.0,2025/09/10,Quebec,38000
2022,GMC,Sierra 1500 Limited,SLE,8,Gasoline,97230.0,2025/09/10,Alberta,33750
2022,GMC,Sierra 1500 Limited,Denali,8,Gasoline,65916.0,2025/09/09,Quebec,51400
2022,GMC,Sierra 1500 Limited,Pro,8,Gasoline,147280.0,2025/09/08,Ontario,24000
2022,GMC,Sierra 1500 Limited,Elevation,6,Diesel,54765.0,2025/09/04,British Columbia,44750
2019,GMC,Sierra 1500 Limited,Other,8,Flex,119277.0,2025/09/04,Ontario,23500
2022,GMC,Sierra 1500 Limited,SLE,8,Gasoline,87603.0,2025/09/03,Quebec,38000
2022,GMC,Sierra 1500 Limited,Denali,8,Gasoline,63485.0,2025/08/22,Ontario,55600
2022,GMC,Sierra 1500 Limited,Pro,8,Gasoline,131424.0,2025/08/22,Saskatchewan,26000
2022,GMC,Sierra 1500 Limited,Pro,8,Gasoline,161487.0,2025/08/22,Saskatchewan,17500
2022,GMC,Sierra 1500 Limited,AT4,8,Gasoline,87588.0,2025/08/21,British Columbia,49500
2022,GMC,Sierra 1500 Limited,SLT,8,Gasoline,64920.0,2025/08/20,Ontario,48500
2019,GMC,Sierra 1500 Limited,4WD DOUBLE CAB,8,Flex,125728.0,2025/08/20,Ontario,25800
2019,GMC,Sierra 1500 Limited,SLE,8,Flex,88228.0,2025/08/20,Quebec,26000
2022,GMC,Sierra 1500 Limited,AT4,8,Gasoline,49933.0,2025/08/19,Alberta,54500
2019,GMC,Sierra 1500 Limited,4WD Double Cab,8,Flex,137940.0,2025/08/14,Quebec,21600
2022,GMC,Sierra 1500 Limited,SLT,8,Gasoline,113476.0,2025/08/14,Ontario,42500
2022,GMC,Sierra 1500 Limited,AT4,8,Gasoline,155429.0,2025/08/14,Manitoba,29100
2019,GMC,Sierra 1500 Limited,4WD DOUBLE CAB,8,Flex,142938.0,2025/08/13,Quebec,19000
2019,GMC,Sierra 1500 Limited,SLE,8,Flex,88199.0,2025/08/13,Quebec,21900
2022,GMC,Sierra 1500 Limited,SLE,8,Gasoline,102715.0,2025/08/12,Alberta,33700
2022,GMC,Sierra 1500 Limited,SLE,6,Diesel,88619.0,2025/08/11,Quebec,36000
2022,GMC,Sierra 1500 Limited,AT4,8,Gasoline,74154.0,2025/08/11,Ontario,52000
2019,GMC,Sierra 1500 Limited,SLE,8,Flex,88052.0,2025/08/08,Ontario,26000
2022,GMC,Sierra 1500 Limited,AT4,8,Gasoline,107306.0,2025/08/07,British Columbia,49250
2022,GMC,Sierra 1500 Limited,Elevation,8,Gasoline,50473.0,2025/08/06,Quebec,45000
2022,GMC,Sierra 1500 Limited,SLE,8,Gasoline,103475.0,2025/08/06,Alberta,36250
2019,GMC,Sierra 1500 Limited,Other,8,Flex,172109.0,2025/07/31,Quebec,19600
2022,GMC,Sierra 1500 Limited,Elevation,8,Gasoline,129681.0,2025/07/31,Quebec,37000
2022,GMC,Sierra 1500 Limited,Elevation,8,Gasoline,120089.0,2025/07/31,Manitoba,34800
2022,GMC,Sierra 1500 Limited,Denali,8,Gasoline,70992.0,2025/07/31,Ontario,48200
2022,GMC,Sierra 1500 Limited,Pro,8,Gasoline,109665.0,2025/07/30,Ontario,31250
2022,GMC,Sierra 1500 Limited,Denali,8,Gasoline,82863.0,2025/07/30,Quebec,45500
2022,GMC,Sierra 1500 Limited,SLE,8,Gasoline,129207.0,2025/07/29,Alberta,33700
2019,GMC,Sierra 1500 Limited,Other,8,Flex,201511.0,2025/07/29,Nova Scotia,16000
2022,GMC,Sierra 1500 Limited,AT4,8,Gasoline,58196.0,2025/07/28,Ontario,48000
2022,GMC,Sierra 1500 Limited,SLE,8,Gasoline,158328.0,2025/07/25,Saskatchewan,16400
2019,GMC,Sierra 1500 Limited,4WD DOUBLE CAB,8,Flex,92409.0,2025/07/23,Quebec,27000
2022,GMC,Sierra 1500 Limited,Elevation,4,Gasoline,93231.0,2025/07/23,Ontario,34200
2022,GMC,Sierra 1500 Limited,SLE,8,Gasoline,119146.0,2025/07/22,Alberta,23800
2022,GMC,Sierra 1500 Limited,Elevation,6,Diesel,77562.0,2025/07/19,Ontario,43500
2022,GMC,Sierra 1500 Limited,AT4,8,Gasoline,103265.0,2025/07/18,British Columbia,47700
2022,GMC,Sierra 1500 Limited,SLE,8,Gasoline,62303.0,2025/07/17,New Brunswick,37000
2022,GMC,Sierra 1500 Limited,Elevation,6,Diesel,136177.0,2025/07/17,Ontario,38250
2022,GMC,Sierra 1500 Limited,Elevation,8,Gasoline,51121.0,2025/07/17,Quebec,43750
2022,GMC,Sierra 1500 Limited,Denali,8,Gasoline,23166.0,2025/07/16,Quebec,58500
2022,GMC,Sierra 1500 Limited,Denali,6,Diesel,68338.0,2025/07/16,Quebec,48500
2022,GMC,Sierra 1500 Limited,SLE,8,Gasoline,96219.0,2025/07/15,Alberta,30000
2019,GMC,Sierra 1500 Limited,SLE,8,Flex,116150.0,2025/07/15,Alberta,21400
2019,GMC,Sierra 1500 Limited,SLE,8,Flex,112093.0,2025/07/15,Alberta,21900
2022,GMC,Sierra 1500 Limited,AT4,8,Gasoline,127184.0,2025/07/14,Ontario,40000
2019,GMC,Sierra 1500 Limited,4WD Double Cab,8,Flex,145246.0,2025/07/14,Ontario,26000
2022,GMC,Sierra 1500 Limited,Pro,8,Gasoline,80949.0,2025/07/14,Ontario,35100
2022,GMC,Sierra 1500 Limited,AT4,8,Gasoline,139544.0,2025/07/11,Saskatchewan,42000
2022,GMC,Sierra 1500 Limited,SLE,8,Gasoline,144443.0,2025/07/09,Alberta,26500
2022,GMC,Sierra 1500 Limited,SLE,8,Gasoline,36340.0,2025/07/09,Ontario,41750
2019,GMC,Sierra 1500 Limited,SLE,8,Flex,163005.0,2025/07/09,Alberta,19700
2022,GMC,Sierra 1500 Limited,AT4,6,Diesel,133528.0,2025/07/09,Alberta,40000
2019,GMC,Sierra 1500 Limited,4WD DOUBLE CAB,8,Flex,202968.0,2025/07/08,Alberta,11300
2022,GMC,Sierra 1500 Limited,SLE,8,Gasoline,107287.0,2025/07/08,Alberta,30500
2022,GMC,Sierra 1500 Limited,AT4,8,Gasoline,123007.0,2025/07/04,Saskatchewan,34250
2022,GMC,Sierra 1500 Limited,SLE,8,Gasoline,101742.0,2025/07/03,Alberta,26800
2022,GMC,Sierra 1500 Limited,Elevation,8,Gasoline,93609.0,2025/07/03,Quebec,37800
2019,GMC,Sierra 1500 Limited,4WD Double Cab,8,Flex,131030.0,2025/07/01,Ontario,9000
2022,GMC,Sierra 1500 Limited,Denali,8,Gasoline,70020.0,2025/06/25,Ontario,50200
2022,GMC,Sierra 1500 Limited,SLE,8,Gasoline,126015.0,2025/06/25,Ontario,32000
2022,GMC,Sierra 1500 Limited,Elevation,6,Diesel,201964.0,2025/06/25,Quebec,24250
2022,GMC,Sierra 1500 Limited,SLE,8,Gasoline,127920.0,2025/06/24,Alberta,27100
2022,GMC,Sierra 1500 Limited,SLE,8,Gasoline,99329.0,2025/06/24,Alberta,34400
2022,GMC,Sierra 1500 Limited,SLE,8,Gasoline,147006.0,2025/06/24,Alberta,28000
2022,GMC,Sierra 1500 Limited,Elevation,6,Diesel,85691.0,2025/06/20,Manitoba,40100
2022,GMC,Sierra 1500 Limited,SLE,8,Gasoline,125516.0,2025/06/20,Saskatchewan,27700
2022,GMC,Sierra 1500 Limited,SLE,8,Gasoline,56478.0,2025/06/20,Newfoundland and Labrador,37600
2019,GMC,Sierra 1500 Limited,Other,8,Flex,171747.0,2025/06/20,Saskatchewan,11750
2022,GMC,Sierra 1500 Limited,SLT,8,Gasoline,107395.0,2025/06/19,British Columbia,51000
2022,GMC,Sierra 1500 Limited,SLE,8,Gasoline,81498.0,2025/06/18,Ontario,35500
2022,GMC,Sierra 1500 Limited,SLE,8,Gasoline,149354.0,2025/06/17,Alberta,28500
2022,GMC,Sierra 1500 Limited,AT4,8,Gasoline,107962.0,2025/06/12,Ontario,47500
2022,GMC,Sierra 1500 Limited,SLE,8,Gasoline,126011.0,2025/06/11,Quebec,32000
2022,GMC,Sierra 1500 Limited,SLE,8,Gasoline,129814.0,2025/06/11,Alberta,25100
2022,GMC,Sierra 1500 Limited,Elevation,8,Gasoline,97194.0,2025/06/11,Ontario,43000
2022,GMC,Sierra 1500 Limited,Denali,8,Gasoline,116065.0,2025/06/11,Ontario,45500
2022,GMC,Sierra 1500 Limited,SLE,8,Gasoline,143012.0,2025/06/10,Alberta,30400
2022,GMC,Sierra 1500 Limited,SLE,8,Gasoline,106067.0,2025/06/10,Alberta,34700
2022,GMC,Sierra 1500 Limited,Elevation,8,Gasoline,56789.0,2025/06/09,Quebec,42700
2022,GMC,Sierra 1500 Limited,SLT,8,Gasoline,109134.0,2025/06/06,Manitoba,36500
2022,GMC,Sierra 1500 Limited,SLE,8,Gasoline,126328.0,2025/06/04,Alberta,26000
2019,GMC,Sierra 1500 Limited,DOUBLE CAB SWB 4WD | WT,8,Flex,122801.0,2025/06/04,Ontario,11250
2022,GMC,Sierra 1500 Limited,Elevation,8,Gasoline,111878.0,2025/06/02,Alberta,39300
2022,GMC,Sierra 1500 Limited,Denali,8,Gasoline,99065.0,2025/06/02,Alberta,48800
2022,GMC,Sierra 1500 Limited,4WD Crew Cab,6,Diesel,67803.0,2025/05/31,Ontario,49000
2022,GMC,Sierra 1500 Limited,SLE,8,Gasoline,99100.0,2025/05/29,Alberta,34000
2022,GMC,Sierra 1500 Limited,SLE,8,Gasoline,57410.0,2025/05/29,Ontario,38400
2022,GMC,Sierra 1500 Limited,Denali,8,Gasoline,84810.0,2025/05/29,Ontario,49400
2019,GMC,Sierra 1500 Limited,4WD DOUBLE CAB,8,Flex,144316.0,2025/05/29,Ontario,12700
2022,GMC,Sierra 1500 Limited,SLE,8,Gasoline,148642.0,2025/05/28,Alberta,29500
2022,GMC,Sierra 1500 Limited,SLE,8,Gasoline,124160.0,2025/05/28,Alberta,35250
2022,GMC,Sierra 1500 Limited,AT4,8,Gasoline,96648.0,2025/05/28,Ontario,47500
2019,GMC,Sierra 1500 Limited,4WD DOUBLE CAB,8,Flex,69698.0,2025/05/28,Quebec,25400
2022,GMC,Sierra 1500 Limited,Elevation,6,Diesel,76737.0,2025/05/28,Quebec,45250
2022,GMC,Sierra 1500 Limited,SLE,8,Gasoline,57539.0,2025/05/27,Alberta,35500
2020,GMC,Sierra 1500,CREW CAB SHORT BED,4,Gasoline,118079.0,2025/11/22,Ontario,26500
2018,GMC,Sierra 1500,SLT,8,Flex,144610.0,2025/11/22,New Brunswick,24500
2019,GMC,Sierra 1500,SLT,8,Gasoline,112085.0,2025/11/21,Ontario,38500
2017,GMC,Sierra 1500,SLT,8,Gasoline,195104.0,2025/11/21,Nova Scotia,10000
2025,GMC,Sierra 1500,AT4,6,Diesel,25544.0,2025/11/21,Ontario,71200
2019,GMC,Sierra 1500,SLE,8,Gasoline,124532.0,2025/11/21,Ontario,26500
2017,GMC,Sierra 1500,Denali,8,Flex,185181.0,2025/11/21,Alberta,22000
2024,GMC,Sierra 1500,AT4,8,Gasoline,37221.0,2025/11/21,Manitoba,68300
2021,GMC,Sierra 1500,Elevation,6,Diesel,55652.0,2025/11/21,Ontario,36500
2023,GMC,Sierra 1500,Elevation,6,Diesel,109939.0,2025/11/21,Ontario,46700
2024,GMC,Sierra 1500,Elevation,6,Diesel,140374.0,2025/11/21,Ontario,36200
2020,GMC,Sierra 1500,Other,8,Gasoline,98979.0,2025/11/21,Newfoundland and Labrador,25000
2023,GMC,Sierra 1500,SLE,8,Gasoline,137133.0,2025/11/21,Saskatchewan,30400
2023,GMC,Sierra 1500,Elevation,8,Gasoline,122091.0,2025/11/21,Newfoundland and Labrador,29000
2012,GMC,Sierra 1500,SLE,8,Flex,148009.0,2025/11/21,Saskatchewan,11000
2017,GMC,Sierra 1500,SLE,8,Gasoline,144059.0,2025/11/21,Newfoundland and Labrador,12000
2021,GMC,Sierra 1500,Elevation,6,Diesel,238069.0,2025/11/21,Manitoba,18800
2014,GMC,Sierra 1500,SLE,6,Flex,92846.0,2025/11/20,Ontario,9500
2015,GMC,Sierra 1500,Denali,8,Flex,110905.0,2025/11/20,Ontario,21000
2019,GMC,Sierra 1500,AT4,8,Gasoline,113830.0,2025/11/20,Ontario,38600
2017,GMC,Sierra 1500,SLE,8,Gasoline,144311.0,2025/11/20,Ontario,16000
2020,GMC,Sierra 1500,Denali,8,Gasoline,39324.0,2025/11/20,Ontario,52500
2023,GMC,Sierra 1500,Pro,4,Gasoline,26786.0,2025/11/20,Ontario,39200
2019,GMC,Sierra 1500,SLE,8,Gasoline,101688.0,2025/11/20,Ontario,31500
2023,GMC,Sierra 1500,Pro,4,Gasoline,49648.0,2025/11/20,Ontario,38400
2022,GMC,Sierra 1500,Elevation,8,Gasoline,27988.0,2025/11/20,Ontario,53000
2023,GMC,Sierra 1500,AT4,6,Diesel,46844.0,2025/11/20,Ontario,65600
2024,GMC,Sierra 1500,AT4,6,Diesel,40638.0,2025/11/20,Ontario,68750
2018,GMC,Sierra 1500,Other,8,Gasoline,209115.0,2025/11/20,Manitoba,11700
2017,GMC,Sierra 1500,"4WD DOUBLE CAB 143.5""",6,Flex,222074.0,2025/11/20,Ontario,11700
2016,GMC,Sierra 1500,"4WD DOUBLE CAB 143.5""",6,Flex,125808.0,2025/11/20,Ontario,18500
2022,GMC,Sierra 1500,Denali,8,Gasoline,68277.0,2025/11/20,Ontario,44600
2022,GMC,Sierra 1500,SLE,4,Gasoline,63201.0,2025/11/20,Quebec,29000
2023,GMC,Sierra 1500,Elevation,4,Gasoline,23767.0,2025/11/20,British Columbia,45600
2022,GMC,Sierra 1500,Elevation,4,Gasoline,78081.0,2025/11/20,British Columbia,36000
2023,GMC,Sierra 1500,Elevation,4,Gasoline,55620.0,2025/11/20,British Columbia,38000
2017,GMC,Sierra 1500,SLT,8,Gasoline,155132.0,2025/11/20,Quebec,13900
2024,GMC,Sierra 1500,Denali,8,Gasoline,22262.0,2025/11/19,Ontario,71900
2020,GMC,Sierra 1500,Denali,6,Diesel,82114.0,2025/11/19,Quebec,48500
2024,GMC,Sierra 1500,Pro,8,Gasoline,39893.0,2025/11/19,Ontario,41750
2022,GMC,Sierra 1500,Elevation,4,Gasoline,61902.0,2025/11/19,Ontario,40500
2020,GMC,Sierra 1500,SLE,8,Gasoline,122886.0,2025/11/19,Ontario,31000
2019,GMC,Sierra 1500,Elevation,8,Gasoline,95671.0,2025/11/19,Quebec,33700
2019,GMC,Sierra 1500,Elevation,8,Gasoline,116943.0,2025/11/19,Ontario,20500
2019,GMC,Sierra 1500,Elevation,8,Gasoline,89133.0,2025/11/19,Ontario,34300
2020,GMC,Sierra 1500,Elevation,6,Diesel,67814.0,2025/11/19,Quebec,38750
2021,GMC,Sierra 1500,AT4,8,Gasoline,135138.0,2025/11/19,Manitoba,33000
2021,GMC,Sierra 1500,AT4,8,Gasoline,131898.0,2025/11/19,Ontario,22900
2023,GMC,Sierra 1500,Pro,4,Gasoline,43656.0,2025/11/19,Quebec,36400
2024,GMC,Sierra 1500,SLE,8,Gasoline,42592.0,2025/11/19,Quebec,47400
2023,GMC,Sierra 1500,Elevation,6,Diesel,107649.0,2025/11/19,Quebec,46500
2024,GMC,Sierra 1500,Elevation,8,Gasoline,38943.0,2025/11/19,Quebec,58000
2022,GMC,Sierra 1500,Elevation,8,Gasoline,101980.0,2025/11/19,Quebec,41500
2023,GMC,Sierra 1500,Elevation,8,Gasoline,60514.0,2025/11/19,Quebec,52100
2022,GMC,Sierra 1500,SLT,8,Gasoline,47921.0,2025/11/19,Ontario,51500
2023,GMC,Sierra 1500,AT4,8,Gasoline,46985.0,2025/11/19,Quebec,62000
2022,GMC,Sierra 1500,AT4,6,Diesel,165899.0,2025/11/19,Quebec,40000
2023,GMC,Sierra 1500,Denali Ultimate,8,Gasoline,89029.0,2025/11/19,Ontario,67000
2018,GMC,Sierra 1500,"4WD DOUBLE CAB 143.5""",8,Gasoline,53721.0,2025/11/19,Ontario,29750
2018,GMC,Sierra 1500,Other,8,Gasoline,116007.0,2025/11/19,Ontario,21500
2017,GMC,Sierra 1500,"4WD DOUBLE CAB 143.5""",8,Gasoline,115433.0,2025/11/19,Ontario,20750
2017,GMC,Sierra 1500,Other,6,Flex,235507.0,2025/11/19,Ontario,13500
2017,GMC,Sierra 1500,SLE,8,Gasoline,103282.0,2025/11/19,Quebec,23000
2017,GMC,Sierra 1500,SLE,8,Gasoline,47699.0,2025/11/19,Quebec,29400
2023,GMC,Sierra 1500,Elevation,8,Gasoline,48245.0,2025/11/19,Quebec,44750
2023,GMC,Sierra 1500,Elevation,8,Gasoline,55097.0,2025/11/19,Ontario,45000
2023,GMC,Sierra 1500,Elevation,8,Gasoline,42693.0,2025/11/19,Quebec,45250
2023,GMC,Sierra 1500,Elevation,8,Gasoline,32334.0,2025/11/19,Ontario,46250
2023,GMC,Sierra 1500,Elevation,8,Gasoline,35037.0,2025/11/19,Quebec,45400
2023,GMC,Sierra 1500,Elevation,8,Gasoline,72595.0,2025/11/19,Quebec,37500
2023,GMC,Sierra 1500,Elevation,8,Gasoline,33549.0,2025/11/19,Ontario,45750
2023,GMC,Sierra 1500,Elevation,8,Gasoline,40908.0,2025/11/19,Quebec,43750
2023,GMC,Sierra 1500,Elevation,8,Gasoline,39197.0,2025/11/19,Quebec,46000
2023,GMC,Sierra 1500,SLT,8,Gasoline,29797.0,2025/11/19,Ontario,47750
2023,GMC,Sierra 1500,SLT,8,Gasoline,26669.0,2025/11/19,Ontario,49250
2022,GMC,Sierra 1500,Denali,8,Gasoline,64546.0,2025/11/19,Ontario,44750
2023,GMC,Sierra 1500,Denali,8,Gasoline,40946.0,2025/11/19,Ontario,53000
2023,GMC,Sierra 1500,Denali,8,Gasoline,59395.0,2025/11/19,Ontario,53250
2023,GMC,Sierra 1500,Denali,8,Gasoline,49605.0,2025/11/19,Ontario,53750
2023,GMC,Sierra 1500,Denali,8,Gasoline,83546.0,2025/11/19,Ontario,48250
2023,GMC,Sierra 1500,Denali,8,Gasoline,35720.0,2025/11/19,Ontario,54500
2022,GMC,Sierra 1500,Elevation,4,Gasoline,54181.0,2025/11/19,Quebec,36200
2018,GMC,Sierra 1500,SLE,8,Gasoline,171731.0,2025/11/19,Ontario,13250
2021,GMC,Sierra 1500,Elevation,8,Gasoline,124784.0,2025/11/19,Quebec,30000
2021,GMC,Sierra 1500,Elevation,6,Diesel,124585.0,2025/11/19,Quebec,31500
2023,GMC,Sierra 1500,SLE,8,Gasoline,31440.0,2025/11/19,Quebec,43300
2017,GMC,Sierra 1500,"4WD DOUBLE CAB 143.5""",8,Gasoline,148530.0,2025/11/18,Quebec,17600
2020,GMC,Sierra 1500,SLE,8,Gasoline,99981.0,2025/11/18,British Columbia,33900
2019,GMC,Sierra 1500,Elevation,8,Gasoline,94986.0,2025/11/18,British Columbia,36500
2019,GMC,Sierra 1500,Denali,8,Gasoline,188574.0,2025/11/18,Manitoba,29000
2017,GMC,Sierra 1500,Denali,8,Gasoline,144928.0,2025/11/18,Ontario,26300
2021,GMC,Sierra 1500,Denali,8,Gasoline,125984.0,2025/11/18,Alberta,48000
2019,GMC,Sierra 1500,"4WD DOUBLE CAB 147""",8,Gasoline,134993.0,2025/11/18,Nova Scotia,16500
2023,GMC,Sierra 1500,SLE,8,Gasoline,154295.0,2025/11/18,Alberta,24500
2024,GMC,Sierra 1500,SLE,8,Gasoline,147508.0,2025/11/18,Alberta,29500
2023,GMC,Sierra 1500,SLE,8,Gasoline,77226.0,2025/11/18,Alberta,33300
2023,GMC,Sierra 1500,SLE,4,Gasoline,122820.0,2025/11/18,Alberta,23000
2018,GMC,Sierra 1500,REGULAR CAB STD BED,8,Gasoline,117204.0,2025/11/18,Alberta,29000
2020,GMC,Sierra 1500,CREW CAB STD BED,4,Gasoline,67098.0,2025/11/18,Alberta,27000
2023,GMC,Sierra 1500,Pro,8,Gasoline,38637.0,2025/11/18,Nova Scotia,43000
2024,GMC,Sierra 1500,SLE,8,Gasoline,29313.0,2025/11/18,Alberta,44700
2023,GMC,Sierra 1500,SLE,8,Gasoline,133142.0,2025/11/18,Alberta,32000
2023,GMC,Sierra 1500,SLE,8,Gasoline,137623.0,2025/11/18,Alberta,31500
2023,GMC,Sierra 1500,SLE,8,Gasoline,125552.0,2025/11/18,Alberta,32750
2023,GMC,Sierra 1500,SLE,8,Gasoline,130656.0,2025/11/18,Alberta,30500
2023,GMC,Sierra 1500,SLE,8,Gasoline,122629.0,2025/11/18,Alberta,33500
2025,GMC,Sierra 1500,Elevation,8,Gasoline,17857.0,2025/11/18,Alberta,58750
2023,GMC,Sierra 1500,Denali Ultimate,8,Gasoline,42027.0,2025/11/18,Alberta,72300
2024,GMC,Sierra 1500,SLE,4,Gasoline,122332.0,2025/11/18,Alberta,26250
2024,GMC,Sierra 1500,SLE,8,Gasoline,101639.0,2025/11/18,Alberta,33000
2023,GMC,Sierra 1500,AT4X,8,Gasoline,35193.0,2025/11/17,Alberta,61000
2018,GMC,Sierra 1500,"4WD DOUBLE CAB 143.5""",8,Gasoline,71287.0,2025/11/17,Quebec,18800
2020,GMC,Sierra 1500,AT4,8,Gasoline,123877.0,2025/11/17,Quebec,39500
2015,GMC,Sierra 1500,"4WD DOUBLE CAB 143.5""",8,Gasoline,111574.0,2025/11/17,British Columbia,14800
2018,GMC,Sierra 1500,SLT,8,Gasoline,140696.0,2025/11/17,Ontario,26000
2017,GMC,Sierra 1500,SLE,8,Gasoline,197325.0,2025/11/17,Ontario,9000
2021,GMC,Sierra 1500,Elevation,8,Gasoline,52503.0,2025/11/17,Ontario,42900
2020,GMC,Sierra 1500,Elevation,8,Gasoline,121191.0,2025/11/17,Ontario,35000
2019,GMC,Sierra 1500,SLT,8,Gasoline,176762.0,2025/11/17,Ontario,21700
2017,GMC,Sierra 1500,SLE,8,Gasoline,167026.0,2025/11/17,Ontario,18400
2016,GMC,Sierra 1500,SLE,8,Gasoline,188042.0,2025/11/17,Ontario,13300
2014,GMC,Sierra 1500,SLE,6,Flex,149639.0,2025/11/17,Ontario,14900
2013,GMC,Sierra 1500,SLE,8,Flex,136725.0,2025/11/17,Ontario,11200
2019,GMC,Sierra 1500,SLE,8,Gasoline,43624.0,2025/11/17,Ontario,37000
2019,GMC,Sierra 1500,Elevation,8,Gasoline,121969.0,2025/11/17,Quebec,32000
2023,GMC,Sierra 1500,Denali,8,Gasoline,52392.0,2025/11/17,Ontario,55900
2011,GMC,Sierra 1500,SLE,8,Flex,155258.0,2025/11/15,British Columbia,12000
2023,GMC,Sierra 1500,Pro,8,Gasoline,124321.0,2025/11/15,Ontario,32000
2023,GMC,Sierra 1500,Elevation,8,Gasoline,57839.0,2025/11/15,Ontario,46900
2017,GMC,Sierra 1500,SLE,8,Gasoline,210646.0,2025/11/14,Saskatchewan,15100
2017,GMC,Sierra 1500,Denali,8,Gasoline,144921.0,2025/11/14,Ontario,20700
2023,GMC,Sierra 1500,AT4X,8,Gasoline,98685.0,2025/11/14,Alberta,57100
2018,GMC,Sierra 1500,4WD CREW CAB,8,Gasoline,89885.0,2025/11/14,Ontario,25500
2019,GMC,Sierra 1500,Elevation,8,Gasoline,95453.0,2025/11/14,New Brunswick,32000
2022,GMC,Sierra 1500,AT4X,8,Gasoline,104450.0,2025/11/14,Ontario,46200
2018,GMC,Sierra 1500,SLT,8,Gasoline,219952.0,2025/11/14,Ontario,14100
2023,GMC,Sierra 1500,Elevation,8,Gasoline,58917.0,2025/11/14,New Brunswick,43700
2023,GMC,Sierra 1500,SLE,4,Gasoline,36690.0,2025/11/14,Ontario,39800
2019,GMC,Sierra 1500,CREW CAB SHORT BED,8,Gasoline,144496.0,2025/11/14,New Brunswick,22800
2024,GMC,Sierra 1500,Elevation,8,Gasoline,54058.0,2025/11/14,Saskatchewan,53500
2014,GMC,Sierra 1500,SLE,8,Flex,237989.0,2025/11/14,Saskatchewan,9500
2022,GMC,Sierra 1500,Denali,8,Gasoline,59786.0,2025/11/14,Saskatchewan,47000
2017,GMC,Sierra 1500,SLE,8,Gasoline,130185.0,2025/11/14,Manitoba,14500
2021,GMC,Sierra 1500,Elevation,8,Gasoline,65440.0,2025/11/13,Ontario,39100
2022,GMC,Sierra 1500,AT4,8,Gasoline,39397.0,2025/11/13,Ontario,48000
2017,GMC,Sierra 1500,Other,6,Flex,100117.0,2025/11/13,Manitoba,11700
2019,GMC,Sierra 1500,Elevation,8,Gasoline,106208.0,2025/11/13,Ontario,31500
2019,GMC,Sierra 1500,Elevation,8,Gasoline,170320.0,2025/11/13,Ontario,24000
2019,GMC,Sierra 1500,Elevation,8,Gasoline,149656.0,2025/11/13,Quebec,27600
2019,GMC,Sierra 1500,AT4,8,Gasoline,240537.0,2025/11/13,Ontario,25500
2024,GMC,Sierra 1500,Pro,8,Gasoline,61857.0,2025/11/13,New Brunswick,39900
2025,GMC,Sierra 1500,Denali,8,Gasoline,15800.0,2025/11/13,British Columbia,77250
2017,GMC,Sierra 1500,SLE,8,Gasoline,159356.0,2025/11/13,Ontario,13100
2017,GMC,Sierra 1500,SLT,8,Gasoline,139903.0,2025/11/13,Manitoba,21000
2023,GMC,Sierra 1500,Elevation,8,Gasoline,50496.0,2025/11/13,Quebec,39000
2024,GMC,Sierra 1500,Elevation,8,Gasoline,28949.0,2025/11/13,British Columbia,55250
2023,GMC,Sierra 1500,Elevation,8,Gasoline,54348.0,2025/11/13,Quebec,43000
2021,GMC,Sierra 1500,SLE,4,Gasoline,199329.0,2025/11/13,Manitoba,18100
2023,GMC,Sierra 1500,Pro,4,Gasoline,54507.0,2025/11/13,Manitoba,29500
2023,GMC,Sierra 1500,Pro,4,Gasoline,20036.0,2025/11/13,Ontario,30250
2018,GMC,Sierra 1500,SLT,8,Flex,228982.0,2025/11/13,Alberta,10500
2017,GMC,Sierra 1500,Denali,8,Flex,156250.0,2025/11/13,Ontario,10000
2014,GMC,Sierra 1500,SLT,8,Flex,186785.0,2025/11/13,British Columbia,12100
2021,GMC,Sierra 1500,Elevation,8,Gasoline,111652.0,2025/11/13,Quebec,36100
2021,GMC,Sierra 1500,Elevation,6,Diesel,147673.0,2025/11/13,Ontario,30000
2023,GMC,Sierra 1500,Pro,8,Gasoline,31522.0,2025/11/13,Manitoba,36000
2021,GMC,Sierra 1500,SLT,6,Diesel,195127.0,2025/11/12,Alberta,26200
2016,GMC,Sierra 1500,SLT,8,Gasoline,106844.0,2025/11/12,Alberta,22600
2024,GMC,Sierra 1500,Denali,6,Diesel,64395.0,2025/11/12,Quebec,66100
2020,GMC,Sierra 1500,Elevation,8,Gasoline,103173.0,2025/11/12,Ontario,37500
2021,GMC,Sierra 1500,Elevation,8,Gasoline,178574.0,2025/11/12,Ontario,21600
2020,GMC,Sierra 1500,Denali,8,Gasoline,196538.0,2025/11/12,Ontario,27100
2024,GMC,Sierra 1500,Pro,4,Gasoline,17740.0,2025/11/12,Ontario,42750
2023,GMC,Sierra 1500,Pro,4,Gasoline,47109.0,2025/11/12,Quebec,36200
2019,GMC,Sierra 1500,Elevation,8,Gasoline,120483.0,2025/11/12,Quebec,30000
2022,GMC,Sierra 1500,Pro,8,Gasoline,58066.0,2025/11/12,Quebec,38800
2023,GMC,Sierra 1500,SLE,4,Gasoline,123520.0,2025/11/12,Alberta,25250
2023,GMC,Sierra 1500,SLE,4,Gasoline,155069.0,2025/11/12,Alberta,24800
2019,GMC,Sierra 1500,CREW CAB SHORT BED,8,Gasoline,68899.0,2025/11/12,Alberta,29300
2019,GMC,Sierra 1500,CREW CAB STD BED,8,Gasoline,94493.0,2025/11/12,Alberta,23100
2019,GMC,Sierra 1500,CREW CAB STD BED,8,Gasoline,83677.0,2025/11/12,Alberta,25200
2021,GMC,Sierra 1500,Elevation,8,Gasoline,80294.0,2025/11/12,Quebec,40750
2023,GMC,Sierra 1500,Pro,4,Gasoline,34955.0,2025/11/12,Quebec,37000
2024,GMC,Sierra 1500,Pro,4,Gasoline,43225.0,2025/11/12,Ontario,41500
2023,GMC,Sierra 1500,Pro,8,Gasoline,40713.0,2025/11/12,Ontario,38750
2022,GMC,Sierra 1500,Elevation,8,Gasoline,62633.0,2025/11/12,Quebec,51000
2023,GMC,Sierra 1500,Elevation,8,Gasoline,22495.0,2025/11/12,Alberta,56300
2025,GMC,Sierra 1500,Elevation,8,Gasoline,54308.0,2025/11/12,Manitoba,57500
2023,GMC,Sierra 1500,Elevation,8,Gasoline,43724.0,2025/11/12,Ontario,54500
2022,GMC,Sierra 1500,Elevation,8,Gasoline,60201.0,2025/11/12,Quebec,52000
2024,GMC,Sierra 1500,AT4,6,Diesel,41524.0,2025/11/12,Quebec,68000
2022,GMC,Sierra 1500,AT4,6,Diesel,67502.0,2025/11/12,Quebec,56400
2023,GMC,Sierra 1500,Denali,8,Gasoline,57400.0,2025/11/12,Quebec,60000
2023,GMC,Sierra 1500,Denali Ultimate,8,Gasoline,28553.0,2025/11/12,Quebec,74500
2017,GMC,Sierra 1500,Other,8,Gasoline,130272.0,2025/11/12,Ontario,21000
2024,GMC,Sierra 1500,Elevation,6,Diesel,41776.0,2025/11/12,Alberta,46500
2024,GMC,Sierra 1500,Elevation,6,Diesel,60237.0,2025/11/12,Quebec,51000
2024,GMC,Sierra 1500,Elevation,6,Diesel,35569.0,2025/11/12,Ontario,51500
2024,GMC,Sierra 1500,Elevation,8,Gasoline,21840.0,2025/11/12,Ontario,51000
2023,GMC,Sierra 1500,Elevation,8,Gasoline,51606.0,2025/11/12,Quebec,45200
2022,GMC,Sierra 1500,Elevation,8,Gasoline,27416.0,2025/11/12,Ontario,40250
2023,GMC,Sierra 1500,Elevation,8,Gasoline,35072.0,2025/11/12,Ontario,45750
2023,GMC,Sierra 1500,Elevation,8,Gasoline,30344.0,2025/11/12,Ontario,41000
2023,GMC,Sierra 1500,Elevation,8,Gasoline,44418.0,2025/11/12,Alberta,45600
2023,GMC,Sierra 1500,Elevation,8,Gasoline,35602.0,2025/11/12,Ontario,45750
2024,GMC,Sierra 1500,Elevation,8,Gasoline,26865.0,2025/11/12,Ontario,48750
2022,GMC,Sierra 1500,Elevation,6,Diesel,76809.0,2025/11/12,Ontario,43750
2025,GMC,Sierra 1500,SLT,6,Diesel,30241.0,2025/11/12,Alberta,49000
2023,GMC,Sierra 1500,SLT,8,Gasoline,41821.0,2025/11/12,Alberta,47500
2023,GMC,Sierra 1500,SLT,8,Gasoline,40793.0,2025/11/12,Ontario,47750
2024,GMC,Sierra 1500,AT4,6,Diesel,42253.0,2025/11/12,Ontario,59250
2024,GMC,Sierra 1500,Denali,6,Diesel,33253.0,2025/11/12,Quebec,62250
2023,GMC,Sierra 1500,Denali,8,Gasoline,48886.0,2025/11/12,Ontario,50250
2022,GMC,Sierra 1500,Denali,8,Gasoline,71626.0,2025/11/12,Ontario,44500
2023,GMC,Sierra 1500,Denali,8,Gasoline,47862.0,2025/11/12,Quebec,53000
2023,GMC,Sierra 1500,Denali,8,Gasoline,39576.0,2025/11/12,Quebec,53250
2023,GMC,Sierra 1500,Pro,4,Gasoline,53163.0,2025/11/12,Quebec,30500
2023,GMC,Sierra 1500,Pro,4,Gasoline,54076.0,2025/11/12,Ontario,31500
2022,GMC,Sierra 1500,AT4,8,Gasoline,119505.0,2025/11/12,Alberta,37300
2018,GMC,Sierra 1500,CREW CAB SHORT BED,8,Gasoline,208562.0,2025/11/12,Nova Scotia,10500
2017,GMC,Sierra 1500,SLE,8,Gasoline,177788.0,2025/11/12,Ontario,12500
2018,GMC,Sierra 1500,SLE,8,Gasoline,178660.0,2025/11/12,Nova Scotia,15750
2017,GMC,Sierra 1500,SLT,8,Flex,110184.0,2025/11/12,Quebec,24100
2017,GMC,Sierra 1500,Denali,8,Gasoline,158917.0,2025/11/12,Alberta,21500
2021,GMC,Sierra 1500,SLE,8,Gasoline,64435.0,2025/11/12,Ontario,35250
2023,GMC,Sierra 1500,Pro,8,Gasoline,34266.0,2025/11/12,Quebec,40800
2022,GMC,Sierra 1500,SLE,8,Gasoline,33270.0,2025/11/12,Ontario,41000
2021,GMC,Sierra 1500,Denali,8,Gasoline,96328.0,2025/11/11,Ontario,42000
2016,GMC,Sierra 1500,"4WD DOUBLE CAB 143.5""",8,Gasoline,130000.0,2025/11/11,Ontario,18400
2018,GMC,Sierra 1500,SLE,8,Gasoline,184759.0,2025/11/11,Quebec,11900
2023,GMC,Sierra 1500,Elevation,8,Gasoline,64403.0,2025/11/11,Quebec,43500
2016,GMC,Sierra 1500,SLT,8,Gasoline,233000.0,2025/11/11,Ontario,12000
2024,GMC,Sierra 1500,Elevation,8,Gasoline,28805.0,2025/11/11,Alberta,57400
2021,GMC,Sierra 1500,SLE,8,Gasoline,167181.0,2025/11/10,Manitoba,22800
2018,GMC,Sierra 1500,Denali,8,Flex,120748.0,2025/11/10,Ontario,29500
2022,GMC,Sierra 1500,Elevation,8,Gasoline,61847.0,2025/11/10,Ontario,43000
2018,GMC,Sierra 1500,Denali,8,Flex,144703.0,2025/11/10,British Columbia,29500
2018,GMC,Sierra 1500,"4WD DOUBLE CAB 143.5""",8,Gasoline,138062.0,2025/11/10,Alberta,21500
2024,GMC,Sierra 1500,Denali,8,Gasoline,31563.0,2025/11/10,Ontario,70800
2024,GMC,Sierra 1500,Denali Ultimate,8,Gasoline,57849.0,2025/11/10,Ontario,74100
2021,GMC,Sierra 1500,Denali,8,Gasoline,114227.0,2025/11/10,Ontario,44400
2017,GMC,Sierra 1500,SLT,8,Flex,150763.0,2025/11/10,Manitoba,23800
2015,GMC,Sierra 1500,SLE,8,Gasoline,169870.0,2025/11/10,Ontario,10500
2017,GMC,Sierra 1500,"4WD DOUBLE CAB 143.5""",8,Gasoline,105588.0,2025/11/10,Quebec,22500
2017,GMC,Sierra 1500,"4WD DOUBLE CAB 143.5""",8,Gasoline,115327.0,2025/11/10,Quebec,18000
2023,GMC,Sierra 1500,AT4X,8,Gasoline,64359.0,2025/11/10,Manitoba,53500
2021,GMC,Sierra 1500,SLE,8,Gasoline,134140.0,2025/11/08,Ontario,29600
2018,GMC,Sierra 1500,SLE,8,Gasoline,103373.0,2025/11/07,Ontario,27100
2024,GMC,Sierra 1500,AT4,6,Diesel,60178.0,2025/11/07,Ontario,64500
2018,GMC,Sierra 1500,REGULAR CAB STD BED,8,Gasoline,221630.0,2025/11/07,British Columbia,10500
2022,GMC,Sierra 1500,SLT,8,Gasoline,48963.0,2025/11/07,Saskatchewan,52500
2023,GMC,Sierra 1500,Elevation,8,Gasoline,109150.0,2025/11/07,Saskatchewan,27200
2016,GMC,Sierra 1500,Denali,8,Gasoline,147132.0,2025/11/07,Saskatchewan,24600
2015,GMC,Sierra 1500,Denali,8,Gasoline,146501.0,2025/11/07,Saskatchewan,10500
2016,GMC,Sierra 1500,SLE,8,Gasoline,226857.0,2025/11/06,Alberta,12100
2018,GMC,Sierra 1500,SLE,8,Gasoline,209802.0,2025/11/06,Alberta,14100
2024,GMC,Sierra 1500,Pro,4,Gasoline,39329.0,2025/11/06,Ontario,40100
2017,GMC,Sierra 1500,SLT,8,Gasoline,146752.0,2025/11/06,Ontario,21700
2024,GMC,Sierra 1500,Denali Ultimate,8,Gasoline,41062.0,2025/11/06,Ontario,78000
2024,GMC,Sierra 1500,Elevation,8,Gasoline,25300.0,2025/11/06,Ontario,53000
2023,GMC,Sierra 1500,Pro,8,Gasoline,38803.0,2025/11/06,Ontario,46400
2024,GMC,Sierra 1500,Pro,8,Gasoline,41871.0,2025/11/06,New Brunswick,42500
2022,GMC,Sierra 1500,AT4,8,Gasoline,72894.0,2025/11/06,Ontario,55750
2019,GMC,Sierra 1500,"2WD DOUBLE CAB 147""",6,Flex,35026.0,2025/11/06,Alberta,18000
2019,GMC,Sierra 1500,"4WD DOUBLE CAB 147""",8,Gasoline,175672.0,2025/11/06,Ontario,18000
2019,GMC,Sierra 1500,SLE,8,Gasoline,223049.0,2025/11/06,Ontario,15100
2023,GMC,Sierra 1500,Pro,8,Gasoline,54250.0,2025/11/06,Quebec,38200
2023,GMC,Sierra 1500,Pro,8,Gasoline,79208.0,2025/11/06,Ontario,18000
2020,GMC,Sierra 1500,Elevation,4,Gasoline,156226.0,2025/11/06,Ontario,28000
2020,GMC,Sierra 1500,AT4,8,Gasoline,179416.0,2025/11/06,Ontario,30500
2023,GMC,Sierra 1500,Pro,4,Gasoline,37720.0,2025/11/06,British Columbia,39000
2024,GMC,Sierra 1500,SLE,8,Gasoline,35414.0,2025/11/06,New Brunswick,50300
2024,GMC,Sierra 1500,Elevation,8,Gasoline,33634.0,2025/11/06,Ontario,60100
2025,GMC,Sierra 1500,AT4,6,Diesel,16327.0,2025/11/06,British Columbia,71750
2023,GMC,Sierra 1500,AT4,8,Gasoline,89294.0,2025/11/06,Ontario,55750
2024,GMC,Sierra 1500,Denali,6,Diesel,38241.0,2025/11/06,British Columbia,67500
2024,GMC,Sierra 1500,Denali Ultimate,6,Diesel,41742.0,2025/11/06,Ontario,82250
2018,GMC,Sierra 1500,Other,8,Gasoline,136237.0,2025/11/06,Ontario,20000
2023,GMC,Sierra 1500,SLE,6,Diesel,115148.0,2025/11/06,Ontario,30750
2023,GMC,Sierra 1500,Elevation,8,Gasoline,16983.0,2025/11/06,Alberta,47500
2023,GMC,Sierra 1500,Elevation,8,Gasoline,19943.0,2025/11/06,Alberta,47500
2022,GMC,Sierra 1500,AT4,6,Diesel,91369.0,2025/11/06,Ontario,40000
2019,GMC,Sierra 1500,REGULAR CAB LONG BED,6,Flex,81457.0,2025/11/06,Ontario,15900
2021,GMC,Sierra 1500,REGULAR CAB LONG BED,6,Flex,192390.0,2025/11/06,Ontario,9500
2020,GMC,Sierra 1500,"4WD DOUBLE CAB 147""",4,Gasoline,227337.0,2025/11/05,Alberta,14600
2017,GMC,Sierra 1500,SLT,8,Gasoline,118651.0,2025/11/05,Newfoundland and Labrador,18600
2020,GMC,Sierra 1500,Elevation,6,Diesel,93475.0,2025/11/05,Quebec,39750
2019,GMC,Sierra 1500,SLT,8,Gasoline,111150.0,2025/11/05,Quebec,37000
2021,GMC,Sierra 1500,AT4,6,Diesel,112214.0,2025/11/05,Quebec,41000
2023,GMC,Sierra 1500,Pro,8,Gasoline,27136.0,2025/11/05,Quebec,44200
2023,GMC,Sierra 1500,Pro,8,Gasoline,73705.0,2025/11/05,Quebec,37200
2023,GMC,Sierra 1500,Pro,4,Gasoline,20972.0,2025/11/05,Ontario,40000
2024,GMC,Sierra 1500,Pro,4,Gasoline,27185.0,2025/11/05,Quebec,43800
2023,GMC,Sierra 1500,Pro,4,Gasoline,34018.0,2025/11/05,Ontario,40500
2023,GMC,Sierra 1500,Pro,4,Gasoline,30417.0,2025/11/05,Ontario,40250
2024,GMC,Sierra 1500,Pro,4,Gasoline,43379.0,2025/11/05,Quebec,42000
2023,GMC,Sierra 1500,SLE,4,Gasoline,89066.0,2025/11/05,Ontario,37500
2022,GMC,Sierra 1500,AT4,8,Gasoline,35939.0,2025/11/05,Quebec,62000
2014,GMC,Sierra 1500,SLE,8,Flex,106753.0,2025/11/05,Quebec,16000
2019,GMC,Sierra 1500,SLE,8,Gasoline,120911.0,2025/11/05,Quebec,26500
2021,GMC,Sierra 1500,Elevation,8,Gasoline,129094.0,2025/11/05,Quebec,31750
2019,GMC,Sierra 1500,Elevation,8,Gasoline,141547.0,2025/11/05,Quebec,29000
2021,GMC,Sierra 1500,Elevation,8,Gasoline,109285.0,2025/11/05,Quebec,38500
2019,GMC,Sierra 1500,Elevation,8,Gasoline,160310.0,2025/11/05,Quebec,24000
2024,GMC,Sierra 1500,Pro,4,Gasoline,39329.0,2025/11/05,Quebec,38800
2023,GMC,Sierra 1500,Pro,4,Gasoline,27240.0,2025/11/05,Quebec,40600
2023,GMC,Sierra 1500,Pro,4,Gasoline,31132.0,2025/11/05,Quebec,40600
2024,GMC,Sierra 1500,Pro,4,Gasoline,27026.0,2025/11/05,Quebec,44500
2023,GMC,Sierra 1500,Pro,4,Gasoline,32000.0,2025/11/05,Quebec,39000
2024,GMC,Sierra 1500,Pro,4,Gasoline,28961.0,2025/11/05,Quebec,43200
2023,GMC,Sierra 1500,Pro,4,Gasoline,15249.0,2025/11/05,Quebec,43600
2023,GMC,Sierra 1500,Pro,8,Gasoline,49699.0,2025/11/05,Quebec,40200
2023,GMC,Sierra 1500,Elevation,8,Gasoline,147215.0,2025/11/05,Ontario,41200
2022,GMC,Sierra 1500,Elevation,8,Gasoline,38853.0,2025/11/05,Quebec,52500
2023,GMC,Sierra 1500,AT4,6,Diesel,106865.0,2025/11/05,Quebec,52500
2025,GMC,Sierra 1500,AT4,8,Gasoline,24222.0,2025/11/05,Quebec,71750
2022,GMC,Sierra 1500,AT4,6,Diesel,58028.0,2025/11/05,Quebec,61000
2023,GMC,Sierra 1500,Denali,6,Diesel,27952.0,2025/11/05,Ontario,65250
2024,GMC,Sierra 1500,Denali,6,Diesel,40472.0,2025/11/05,Quebec,68500
2023,GMC,Sierra 1500,Denali,8,Gasoline,32959.0,2025/11/05,Quebec,65500
2023,GMC,Sierra 1500,Denali Ultimate,8,Gasoline,86446.0,2025/11/05,Ontario,60250
2022,GMC,Sierra 1500,Denali Ultimate,8,Gasoline,81186.0,2025/11/05,Quebec,64500
2023,GMC,Sierra 1500,Elevation,8,Gasoline,31728.0,2025/11/05,Ontario,45750
2025,GMC,Sierra 1500,Elevation,8,Gasoline,21868.0,2025/11/05,Quebec,54000
2023,GMC,Sierra 1500,Elevation,8,Gasoline,33589.0,2025/11/05,Quebec,47000
2023,GMC,Sierra 1500,Elevation,8,Gasoline,34362.0,2025/11/05,Ontario,44250
2023,GMC,Sierra 1500,Elevation,8,Gasoline,63438.0,2025/11/05,Quebec,40750
2023,GMC,Sierra 1500,Elevation,8,Gasoline,16075.0,2025/11/05,Ontario,45500
2023,GMC,Sierra 1500,Elevation,8,Gasoline,34033.0,2025/11/05,Ontario,44750
2023,GMC,Sierra 1500,SLT,8,Gasoline,147146.0,2025/11/05,Alberta,35000
2024,GMC,Sierra 1500,Denali,6,Diesel,56887.0,2025/11/05,Alberta,57600
2023,GMC,Sierra 1500,Denali,8,Gasoline,63002.0,2025/11/05,Ontario,49250
2022,GMC,Sierra 1500,Denali,8,Gasoline,94912.0,2025/11/05,Quebec,42600
2023,GMC,Sierra 1500,Denali,8,Gasoline,28346.0,2025/11/05,Quebec,54500
2023,GMC,Sierra 1500,Denali,8,Gasoline,41902.0,2025/11/05,Quebec,54250
2017,GMC,Sierra 1500,CREW CAB SHORT BED,6,Flex,187144.0,2025/11/05,Ontario,11800
2023,GMC,Sierra 1500,Pro,4,Gasoline,44016.0,2025/11/05,Quebec,31500
2023,GMC,Sierra 1500,Pro,4,Gasoline,50178.0,2025/11/05,Quebec,35200
2022,GMC,Sierra 1500,Elevation,4,Gasoline,91924.0,2025/11/05,Ontario,31500
2023,GMC,Sierra 1500,Elevation,4,Gasoline,57742.0,2025/11/05,Quebec,40600
2023,GMC,Sierra 1500,Elevation,4,Gasoline,43650.0,2025/11/05,Quebec,39000
2016,GMC,Sierra 1500,CREW CAB SHORT BED,8,Gasoline,76479.0,2025/11/05,Quebec,14750
2017,GMC,Sierra 1500,SLT,8,Gasoline,188844.0,2025/11/05,Alberta,20000
2017,GMC,Sierra 1500,SLT,8,Flex,164207.0,2025/11/05,Quebec,17500
2023,GMC,Sierra 1500,Pro,8,Gasoline,26292.0,2025/11/05,Quebec,40100
2023,GMC,Sierra 1500,SLE,8,Gasoline,24130.0,2025/11/05,Ontario,43250
2024,GMC,Sierra 1500,SLE,8,Gasoline,56962.0,2025/11/05,Ontario,41000
2024,GMC,Sierra 1500,SLE,8,Gasoline,120284.0,2025/11/05,Alberta,31000
2017,GMC,Sierra 1500,SLE,8,Gasoline,180307.0,2025/11/04,Quebec,13600
2020,GMC,Sierra 1500,AT4,8,Gasoline,146482.0,2025/11/04,Nova Scotia,34500
2024,GMC,Sierra 1500,Elevation,4,Gasoline,31332.0,2025/11/04,Ontario,48800
2024,GMC,Sierra 1500,Denali,8,Gasoline,30342.0,2025/11/04,Ontario,69900
2020,GMC,Sierra 1500,Denali,8,Gasoline,95943.0,2025/11/04,Nova Scotia,43200
2022,GMC,Sierra 1500,Elevation,4,Gasoline,148722.0,2025/11/04,Alberta,32000
2022,GMC,Sierra 1500,Elevation,4,Gasoline,110686.0,2025/11/04,Alberta,35500
2019,GMC,Sierra 1500,AT4,8,Gasoline,100528.0,2025/11/04,Nova Scotia,39200
2023,GMC,Sierra 1500,Pro,4,Gasoline,28035.0,2025/11/04,Nova Scotia,39500
2023,GMC,Sierra 1500,Pro,8,Gasoline,44953.0,2025/11/04,Nova Scotia,42400
2024,GMC,Sierra 1500,SLE,8,Gasoline,30851.0,2025/11/04,Alberta,46900
2023,GMC,Sierra 1500,SLE,8,Gasoline,129412.0,2025/11/04,Alberta,31250
2023,GMC,Sierra 1500,Elevation,8,Gasoline,27666.0,2025/11/04,Nova Scotia,55600
2023,GMC,Sierra 1500,Elevation,8,Gasoline,95481.0,2025/11/04,Saskatchewan,47000
2023,GMC,Sierra 1500,Elevation,8,Gasoline,36487.0,2025/11/04,Alberta,46600
2024,GMC,Sierra 1500,SLT,6,Diesel,39705.0,2025/11/04,Ontario,56500
2021,GMC,Sierra 1500,Elevation,8,Gasoline,118777.0,2025/11/04,Nova Scotia,29600
2023,GMC,Sierra 1500,SLE,8,Gasoline,121718.0,2025/11/04,Alberta,31700
2017,GMC,Sierra 1500,SLT,8,Gasoline,132022.0,2025/11/03,Quebec,14000
2024,GMC,Sierra 1500,Denali Ultimate,8,Gasoline,61657.0,2025/11/03,Ontario,74000
2018,GMC,Sierra 1500,SLT,8,Gasoline,130098.0,2025/11/03,Alberta,24200
2023,GMC,Sierra 1500,AT4,6,Diesel,88506.0,2025/11/03,Quebec,56000
2018,GMC,Sierra 1500,Denali,8,Flex,173800.0,2025/11/03,Alberta,26500
2018,GMC,Sierra 1500,SLT,8,Flex,159275.0,2025/11/03,Ontario,27300
2023,GMC,Sierra 1500,SLT,8,Gasoline,78620.0,2025/11/03,Alberta,47300
2023,GMC,Sierra 1500,Pro,4,Gasoline,43993.0,2025/11/03,Ontario,37200
2019,GMC,Sierra 1500,Denali,8,Gasoline,97541.0,2025/11/03,Ontario,43400
2023,GMC,Sierra 1500,SLE,8,Gasoline,70040.0,2025/11/03,Manitoba,33250
2021,GMC,Sierra 1500,Elevation,8,Gasoline,86700.0,2025/11/01,Ontario,39000
2020,GMC,Sierra 1500,Elevation,8,Gasoline,159362.0,2025/11/01,Ontario,32700
2020,GMC,Sierra 1500,Denali,6,Diesel,185591.0,2025/10/31,British Columbia,27000
2017,GMC,Sierra 1500,Denali,8,Gasoline,102203.0,2025/10/31,Ontario,31500
2023,GMC,Sierra 1500,Denali,8,Gasoline,64848.0,2025/10/31,Ontario,61500
2014,GMC,Sierra 1500,REGULAR CAB LONG BED,8,Flex,142300.0,2025/10/31,Ontario,13500
2022,GMC,Sierra 1500,AT4,6,Diesel,52203.0,2025/10/31,Quebec,60200
2023,GMC,Sierra 1500,Pro,8,Gasoline,34692.0,2025/10/31,Alberta,43700
2023,GMC,Sierra 1500,Pro,8,Gasoline,83602.0,2025/10/31,Alberta,34500
2023,GMC,Sierra 1500,Pro,4,Gasoline,34529.0,2025/10/31,Alberta,40200
2023,GMC,Sierra 1500,Pro,4,Gasoline,58285.0,2025/10/31,Alberta,38900
2023,GMC,Sierra 1500,Elevation,8,Gasoline,39052.0,2025/10/31,Alberta,54100
2022,GMC,Sierra 1500,Denali,8,Gasoline,40957.0,2025/10/31,Alberta,60000
2023,GMC,Sierra 1500,Denali,8,Gasoline,52058.0,2025/10/31,Alberta,60500
2014,GMC,Sierra 1500,SLT,8,Flex,140790.0,2025/10/30,Ontario,11800
2023,GMC,Sierra 1500,AT4,6,Diesel,88630.0,2025/10/30,Ontario,57500
2012,GMC,Sierra 1500,SLE,8,Flex,140476.0,2025/10/30,British Columbia,9000
2021,GMC,Sierra 1500,Elevation,6,Diesel,96760.0,2025/10/30,Ontario,33300
2021,GMC,Sierra 1500,Elevation,6,Diesel,218936.0,2025/10/30,New Brunswick,21600
2020,GMC,Sierra 1500,AT4,6,Diesel,164072.0,2025/10/30,Quebec,32500
2023,GMC,Sierra 1500,Pro,8,Gasoline,183252.0,2025/10/30,Ontario,18500
2023,GMC,Sierra 1500,Elevation,4,Gasoline,28490.0,2025/10/30,Ontario,44500
2019,GMC,Sierra 1500,Elevation,8,Gasoline,116151.0,2025/10/30,Ontario,31750
2021,GMC,Sierra 1500,Elevation,8,Gasoline,173343.0,2025/10/30,New Brunswick,26900
2024,GMC,Sierra 1500,SLE,8,Gasoline,53609.0,2025/10/30,New Brunswick,44200
2023,GMC,Sierra 1500,AT4,8,Gasoline,33805.0,2025/10/30,British Columbia,63900
2018,GMC,Sierra 1500,"4WD DOUBLE CAB 143.5""",8,Gasoline,136229.0,2025/10/30,Ontario,24000
2018,GMC,Sierra 1500,SLE,8,Gasoline,119880.0,2025/10/30,Ontario,18500
2014,GMC,Sierra 1500,SLT,8,Flex,117327.0,2025/10/30,New Brunswick,10500
2022,GMC,Sierra 1500,Elevation,8,Gasoline,104774.0,2025/10/30,Ontario,35750
2024,GMC,Sierra 1500,Elevation,8,Gasoline,38796.0,2025/10/30,Manitoba,45400
2021,GMC,Sierra 1500,Elevation,4,Gasoline,166407.0,2025/10/30,Manitoba,19500
2022,GMC,Sierra 1500,Elevation,4,Gasoline,67602.0,2025/10/30,Quebec,37000
2022,GMC,Sierra 1500,AT4,8,Gasoline,97553.0,2025/10/30,Ontario,41600
2018,GMC,Sierra 1500,SLE,8,Gasoline,164013.0,2025/10/30,New Brunswick,12600
2017,GMC,Sierra 1500,SLE,8,Gasoline,105071.0,2025/10/30,Quebec,20000
2018,GMC,Sierra 1500,SLE,8,Gasoline,119385.0,2025/10/30,Quebec,19200
2018,GMC,Sierra 1500,SLT,8,Gasoline,92545.0,2025/10/30,Alberta,26250
2018,GMC,Sierra 1500,SLT,8,Gasoline,122286.0,2025/10/30,Ontario,25000
2017,GMC,Sierra 1500,Denali,8,Flex,170360.0,2025/10/30,Manitoba,18250
2021,GMC,Sierra 1500,Denali,8,Gasoline,142470.0,2025/10/30,Ontario,34200
2018,GMC,Sierra 1500,SLE,8,Gasoline,159307.0,2025/10/29,Newfoundland and Labrador,12400
2021,GMC,Sierra 1500,Elevation,6,Diesel,114442.0,2025/10/29,Quebec,35750
2021,GMC,Sierra 1500,AT4,6,Diesel,54252.0,2025/10/29,Ontario,49750
2023,GMC,Sierra 1500,Pro,4,Gasoline,39352.0,2025/10/29,Quebec,38800
2023,GMC,Sierra 1500,Pro,4,Gasoline,19692.0,2025/10/29,Quebec,40500
2022,GMC,Sierra 1500,Elevation,4,Gasoline,61898.0,2025/10/29,Quebec,39500
2019,GMC,Sierra 1500,SLE,8,Gasoline,79278.0,2025/10/29,Ontario,35750
2022,GMC,Sierra 1500,Pro,8,Gasoline,123643.0,2025/10/29,Ontario,26000
2020,GMC,Sierra 1500,CREW CAB STD BED,8,Gasoline,136497.0,2025/10/29,Ontario,28000
2020,GMC,Sierra 1500,Elevation,8,Gasoline,76760.0,2025/10/29,Ontario,40000
2020,GMC,Sierra 1500,Elevation,8,Gasoline,158251.0,2025/10/29,Quebec,24800
2020,GMC,Sierra 1500,Elevation,6,Diesel,143535.0,2025/10/29,Quebec,31500
2023,GMC,Sierra 1500,Pro,4,Gasoline,32068.0,2025/10/29,Ontario,41750
2024,GMC,Sierra 1500,Pro,4,Gasoline,22674.0,2025/10/29,Ontario,42000
2023,GMC,Sierra 1500,Pro,4,Gasoline,25751.0,2025/10/29,Quebec,41400
2023,GMC,Sierra 1500,Elevation,6,Diesel,67317.0,2025/10/29,Quebec,53000
2023,GMC,Sierra 1500,Elevation,6,Diesel,74822.0,2025/10/29,Quebec,52750
2024,GMC,Sierra 1500,Elevation,8,Gasoline,33735.0,2025/10/29,Quebec,56800
2024,GMC,Sierra 1500,Elevation,8,Gasoline,50272.0,2025/10/29,Quebec,56750
2024,GMC,Sierra 1500,Elevation,8,Gasoline,50379.0,2025/10/29,Quebec,56500
2022,GMC,Sierra 1500,Elevation,6,Diesel,47311.0,2025/10/29,Quebec,54000
2023,GMC,Sierra 1500,Denali,8,Gasoline,43261.0,2025/10/29,Ontario,63250
2024,GMC,Sierra 1500,Denali Ultimate,8,Gasoline,31265.0,2025/10/29,Quebec,80000
2023,GMC,Sierra 1500,Denali Ultimate,8,Gasoline,96915.0,2025/10/29,Quebec,67000
2024,GMC,Sierra 1500,Elevation,8,Gasoline,45041.0,2025/10/29,Ontario,47250
2024,GMC,Sierra 1500,Elevation,8,Gasoline,25617.0,2025/10/29,Ontario,48750
2024,GMC,Sierra 1500,Elevation,8,Gasoline,30949.0,2025/10/29,Ontario,42000
2023,GMC,Sierra 1500,Elevation,8,Gasoline,55063.0,2025/10/29,Ontario,43000
2023,GMC,Sierra 1500,SLT,8,Gasoline,37726.0,2025/10/29,Quebec,52500
2023,GMC,Sierra 1500,AT4,8,Gasoline,46263.0,2025/10/29,Quebec,53750
2023,GMC,Sierra 1500,AT4X,8,Gasoline,35210.0,2025/10/29,Ontario,59000
2023,GMC,Sierra 1500,AT4X,8,Gasoline,32822.0,2025/10/29,Quebec,60800
2023,GMC,Sierra 1500,Denali,8,Gasoline,58303.0,2025/10/29,Quebec,53500
2023,GMC,Sierra 1500,Denali,8,Gasoline,54650.0,2025/10/29,Ontario,52750
2023,GMC,Sierra 1500,Denali,8,Gasoline,31563.0,2025/10/29,Ontario,56000
2023,GMC,Sierra 1500,Denali,8,Gasoline,23331.0,2025/10/29,Ontario,55000
2023,GMC,Sierra 1500,Denali,8,Gasoline,76680.0,2025/10/29,Quebec,49500
2023,GMC,Sierra 1500,Denali,8,Gasoline,66992.0,2025/10/29,Ontario,54500
2023,GMC,Sierra 1500,Denali,8,Gasoline,41033.0,2025/10/29,Quebec,52500
2023,GMC,Sierra 1500,Pro,4,Gasoline,30887.0,2025/10/29,Quebec,32000
2023,GMC,Sierra 1500,Pro,4,Gasoline,37894.0,2025/10/29,Quebec,29000
2023,GMC,Sierra 1500,Elevation,4,Gasoline,30841.0,2025/10/29,Quebec,40250
2024,GMC,Sierra 1500,Elevation,4,Gasoline,29272.0,2025/10/29,Quebec,43000
2017,GMC,Sierra 1500,CREW CAB SHORT BED,8,Gasoline,146543.0,2025/10/29,Ontario,17000
2016,GMC,Sierra 1500,SLE,8,Gasoline,145208.0,2025/10/29,Quebec,12500
2021,GMC,Sierra 1500,Denali,6,Diesel,60437.0,2025/10/29,Quebec,46500
2023,GMC,Sierra 1500,SLE,8,Gasoline,40834.0,2025/10/29,Quebec,41000
2015,GMC,Sierra 1500,Denali,8,Flex,220200.0,2025/10/28,Alberta,14000
2021,GMC,Sierra 1500,Elevation,6,Diesel,65658.0,2025/10/28,Quebec,38600
2021,GMC,Sierra 1500,Elevation,6,Diesel,90460.0,2025/10/28,Quebec,34500
2022,GMC,Sierra 1500,Pro,8,Gasoline,142554.0,2025/10/28,Ontario,30000
2019,GMC,Sierra 1500,SLE,8,Gasoline,173497.0,2025/10/28,Manitoba,23400
2018,GMC,Sierra 1500,"4WD DOUBLE CAB 143.5""",8,Gasoline,123322.0,2025/10/28,Ontario,20500
2021,GMC,Sierra 1500,Denali,8,Gasoline,100811.0,2025/10/28,Ontario,49000
2020,GMC,Sierra 1500,Elevation,8,Gasoline,114388.0,2025/10/28,Nova Scotia,31200
2023,GMC,Sierra 1500,SLE,8,Gasoline,101865.0,2025/10/28,Alberta,34000
2020,GMC,Sierra 1500,CREW CAB STD BED,8,Gasoline,116146.0,2025/10/28,Alberta,23100
2021,GMC,Sierra 1500,AT4,8,Gasoline,169908.0,2025/10/28,Alberta,30000
2024,GMC,Sierra 1500,Pro,8,Gasoline,18299.0,2025/10/28,Alberta,44250
2023,GMC,Sierra 1500,AT4,6,Diesel,76723.0,2025/10/28,Alberta,57600
2021,GMC,Sierra 1500,AT4,8,Gasoline,216691.0,2025/10/28,Alberta,21400
2017,GMC,Sierra 1500,CREW CAB STD BED,8,Gasoline,166219.0,2025/10/28,Nova Scotia,10200
2018,GMC,Sierra 1500,SLT,8,Gasoline,184075.0,2025/10/28,Alberta,14100
2018,GMC,Sierra 1500,SLT,8,Gasoline,171503.0,2025/10/28,Nova Scotia,17000
2015,GMC,Sierra 1500,SLE,8,Gasoline,98871.0,2025/10/28,Alberta,24900
2023,GMC,Sierra 1500,SLE,8,Gasoline,28402.0,2025/10/27,Ontario,45300
2018,GMC,Sierra 1500,SLE,8,Gasoline,96495.0,2025/10/27,Ontario,27000
2015,GMC,Sierra 1500,SLE,8,Gasoline,177677.0,2025/10/27,Ontario,10800
2018,GMC,Sierra 1500,"4WD DOUBLE CAB 143.5""",8,Gasoline,171604.0,2025/10/27,Quebec,15800
2019,GMC,Sierra 1500,Elevation,8,Gasoline,150753.0,2025/10/27,Ontario,27100
2020,GMC,Sierra 1500,Elevation,8,Gasoline,116293.0,2025/10/27,Quebec,35200
2021,GMC,Sierra 1500,Denali,8,Gasoline,66885.0,2025/10/25,British Columbia,50000
2024,GMC,Sierra 1500,Denali,8,Gasoline,69845.0,2025/10/25,Ontario,66500
2017,GMC,Sierra 1500,"4WD DOUBLE CAB 143.5""",8,Gasoline,209222.0,2025/10/25,Manitoba,10700
2018,GMC,Sierra 1500,SLT,8,Flex,178379.0,2025/10/24,British Columbia,15000
2023,GMC,Sierra 1500,Elevation,8,Gasoline,95325.0,2025/10/24,Ontario,38500
2019,GMC,Sierra 1500,SLE,8,Gasoline,228123.0,2025/10/24,Alberta,17800
2019,GMC,Sierra 1500,AT4,8,Gasoline,93201.0,2025/10/24,New Brunswick,38000
2016,GMC,Sierra 1500,"4WD DOUBLE CAB 143.5""",6,Flex,103965.0,2025/10/24,Ontario,18600
2018,GMC,Sierra 1500,Denali,8,Flex,223937.0,2025/10/24,Ontario,19100
2021,GMC,Sierra 1500,Elevation,6,Diesel,89067.0,2025/10/24,Ontario,41300
2022,GMC,Sierra 1500,AT4,8,Gasoline,141691.0,2025/10/24,Saskatchewan,45250
2022,GMC,Sierra 1500,AT4X,8,Gasoline,102784.0,2025/10/24,Ontario,35000
2023,GMC,Sierra 1500,Denali,8,Gasoline,57152.0,2025/10/24,Saskatchewan,50750
2018,GMC,Sierra 1500,SLE,8,Gasoline,113829.0,2025/10/24,Newfoundland and Labrador,15600
2017,GMC,Sierra 1500,SLT,8,Gasoline,180771.0,2025/10/24,Saskatchewan,15700
2015,GMC,Sierra 1500,SLT,8,Gasoline,246348.0,2025/10/23,Alberta,10500
2015,GMC,Sierra 1500,Denali,8,Flex,219764.0,2025/10/23,Alberta,12500
2022,GMC,Sierra 1500,AT4,8,Gasoline,58809.0,2025/10/23,Ontario,55700
2025,GMC,Sierra 1500,Elevation,8,Gasoline,20142.0,2025/10/23,Ontario,63600
2023,GMC,Sierra 1500,Pro,4,Gasoline,84136.0,2025/10/23,Ontario,33000
2017,GMC,Sierra 1500,4WD CREW CAB,8,Gasoline,97272.0,2025/10/23,Ontario,16500
2018,GMC,Sierra 1500,SLE,8,Gasoline,58629.0,2025/10/23,Ontario,31600
2015,GMC,Sierra 1500,Denali,8,Gasoline,171370.0,2025/10/23,Ontario,12500
2025,GMC,Sierra 1500,Elevation,8,Gasoline,26414.0,2025/10/23,Quebec,62800
2022,GMC,Sierra 1500,Elevation,8,Gasoline,47446.0,2025/10/23,Quebec,51300
2019,GMC,Sierra 1500,SLT,8,Gasoline,128668.0,2025/10/23,Ontario,33800
2024,GMC,Sierra 1500,Pro,4,Gasoline,21735.0,2025/10/23,British Columbia,38250
2023,GMC,Sierra 1500,Pro,4,Gasoline,47966.0,2025/10/23,Manitoba,36300
2023,GMC,Sierra 1500,Elevation,4,Gasoline,33586.0,2025/10/23,British Columbia,50000
2021,GMC,Sierra 1500,SLE,8,Gasoline,115041.0,2025/10/23,British Columbia,34750
2020,GMC,Sierra 1500,SLE,8,Gasoline,70740.0,2025/10/23,New Brunswick,39200
2019,GMC,Sierra 1500,Elevation,8,Gasoline,142820.0,2025/10/23,Ontario,33000
2018,GMC,Sierra 1500,REGULAR CAB LONG BED,6,Flex,120528.0,2025/10/23,British Columbia,18800
2020,GMC,Sierra 1500,AT4,8,Gasoline,119297.0,2025/10/23,Manitoba,38900
2024,GMC,Sierra 1500,Elevation,6,Diesel,47402.0,2025/10/23,Quebec,56500
2023,GMC,Sierra 1500,Elevation,8,Gasoline,76343.0,2025/10/23,Ontario,50750
2023,GMC,Sierra 1500,AT4,8,Gasoline,35448.0,2025/10/23,British Columbia,64500
2014,GMC,Sierra 1500,Other,8,Flex,121552.0,2025/10/23,British Columbia,12900
2023,GMC,Sierra 1500,Elevation,8,Gasoline,48993.0,2025/10/23,British Columbia,46000
2018,GMC,Sierra 1500,SLE,8,Gasoline,227669.0,2025/10/23,Ontario,14300
2018,GMC,Sierra 1500,SLE,8,Gasoline,184753.0,2025/10/23,Quebec,9200
2018,GMC,Sierra 1500,Denali,8,Flex,132533.0,2025/10/23,Ontario,27300
2021,GMC,Sierra 1500,Denali,8,Gasoline,49799.0,2025/10/23,Ontario,45600
2019,GMC,Sierra 1500,SLT,8,Gasoline,166164.0,2025/10/22,Ontario,30100
2016,GMC,Sierra 1500,SLT,8,Gasoline,224402.0,2025/10/22,Manitoba,16600
2024,GMC,Sierra 1500,Elevation,8,Gasoline,41753.0,2025/10/22,Newfoundland and Labrador,49600
2023,GMC,Sierra 1500,Denali,6,Diesel,73770.0,2025/10/22,Quebec,57000
2023,GMC,Sierra 1500,Elevation,8,Gasoline,45853.0,2025/10/22,Ontario,52800
2024,GMC,Sierra 1500,Elevation,6,Diesel,35598.0,2025/10/22,Ontario,53100
2019,GMC,Sierra 1500,SLT,8,Gasoline,131051.0,2025/10/22,Saskatchewan,39000
2023,GMC,Sierra 1500,Pro,8,Gasoline,47813.0,2025/10/22,Ontario,37000
2022,GMC,Sierra 1500,Pro,4,Gasoline,53664.0,2025/10/22,Ontario,30250
2023,GMC,Sierra 1500,Pro,4,Gasoline,36513.0,2025/10/22,Quebec,41000
2023,GMC,Sierra 1500,Pro,4,Gasoline,26287.0,2025/10/22,Quebec,41400
2021,GMC,Sierra 1500,Elevation,8,Gasoline,70782.0,2025/10/22,Quebec,37000
2019,GMC,Sierra 1500,AT4,8,Gasoline,81498.0,2025/10/22,Quebec,44250
2020,GMC,Sierra 1500,Elevation,8,Gasoline,76758.0,2025/10/22,Quebec,40000
2020,GMC,Sierra 1500,CREW CAB STD BED,4,Gasoline,126200.0,2025/10/22,Ontario,25500
2020,GMC,Sierra 1500,AT4,8,Gasoline,118243.0,2025/10/22,Quebec,44700
2023,GMC,Sierra 1500,Pro,4,Gasoline,18765.0,2025/10/22,Quebec,42250
2023,GMC,Sierra 1500,Pro,4,Gasoline,30924.0,2025/10/22,Ontario,40000
2023,GMC,Sierra 1500,Pro,4,Gasoline,28432.0,2025/10/22,Quebec,40250
2023,GMC,Sierra 1500,Pro,4,Gasoline,35425.0,2025/10/22,Quebec,40600
2022,GMC,Sierra 1500,SLE,8,Gasoline,242374.0,2025/10/22,Ontario,21500
2024,GMC,Sierra 1500,Elevation,6,Diesel,35110.0,2025/10/22,Quebec,52250
2024,GMC,Sierra 1500,Elevation,6,Diesel,32310.0,2025/10/22,Quebec,51250
2023,GMC,Sierra 1500,Elevation,8,Gasoline,18335.0,2025/10/22,Ontario,58250
2024,GMC,Sierra 1500,SLT,8,Gasoline,53875.0,2025/10/22,Alberta,53500
2025,GMC,Sierra 1500,AT4,6,Diesel,15579.0,2025/10/22,Quebec,75000
2024,GMC,Sierra 1500,Denali,8,Gasoline,29916.0,2025/10/22,Ontario,72250
2023,GMC,Sierra 1500,Denali,8,Gasoline,25508.0,2025/10/22,Ontario,68750
2018,GMC,Sierra 1500,"4WD DOUBLE CAB 143.5""",8,Gasoline,97112.0,2025/10/22,Ontario,25000
2017,GMC,Sierra 1500,Other,8,Gasoline,164038.0,2025/10/22,Quebec,14800
2024,GMC,Sierra 1500,Elevation,6,Diesel,34616.0,2025/10/22,Ontario,50000
2023,GMC,Sierra 1500,Elevation,8,Gasoline,50006.0,2025/10/22,Ontario,45000
2022,GMC,Sierra 1500,Elevation,8,Gasoline,106074.0,2025/10/22,Quebec,37600
2024,GMC,Sierra 1500,Elevation,8,Gasoline,30537.0,2025/10/22,Quebec,49400
2023,GMC,Sierra 1500,Elevation,8,Gasoline,78686.0,2025/10/22,Quebec,42000
2023,GMC,Sierra 1500,Elevation,8,Gasoline,46404.0,2025/10/22,Quebec,46000
2023,GMC,Sierra 1500,Elevation,8,Gasoline,23761.0,2025/10/22,Ontario,49000
2023,GMC,Sierra 1500,Elevation,8,Gasoline,51601.0,2025/10/22,Ontario,45750
2023,GMC,Sierra 1500,Elevation,8,Gasoline,39796.0,2025/10/22,Ontario,45750
2023,GMC,Sierra 1500,Elevation,8,Gasoline,52808.0,2025/10/22,Quebec,46000
2023,GMC,Sierra 1500,Elevation,8,Gasoline,33316.0,2025/10/22,Quebec,47000
2023,GMC,Sierra 1500,Elevation,8,Gasoline,29360.0,2025/10/22,Quebec,47300
2023,GMC,Sierra 1500,Elevation,8,Gasoline,30877.0,2025/10/22,Quebec,48000
2023,GMC,Sierra 1500,AT4,6,Diesel,50576.0,2025/10/22,Quebec,54750
2022,GMC,Sierra 1500,AT4X,8,Gasoline,58132.0,2025/10/22,Ontario,56000
2023,GMC,Sierra 1500,AT4X,8,Gasoline,28756.0,2025/10/22,Quebec,60250
2023,GMC,Sierra 1500,AT4X,8,Gasoline,32697.0,2025/10/22,Ontario,58250
2023,GMC,Sierra 1500,Denali,8,Gasoline,83769.0,2025/10/22,Quebec,47250
2022,GMC,Sierra 1500,Denali,8,Gasoline,61014.0,2025/10/22,Quebec,47000
2023,GMC,Sierra 1500,Denali,8,Gasoline,55062.0,2025/10/22,Ontario,53250
2023,GMC,Sierra 1500,Denali,8,Gasoline,45148.0,2025/10/22,Quebec,51250
2023,GMC,Sierra 1500,Denali,8,Gasoline,30124.0,2025/10/22,Ontario,55500
2023,GMC,Sierra 1500,Denali,8,Gasoline,18297.0,2025/10/22,Quebec,56800
2022,GMC,Sierra 1500,Denali,8,Gasoline,146834.0,2025/10/22,Ontario,39250
2020,GMC,Sierra 1500,REGULAR CAB LONG BED,6,Flex,108632.0,2025/10/22,Alberta,19400
2023,GMC,Sierra 1500,Pro,4,Gasoline,42177.0,2025/10/22,Quebec,31400
2023,GMC,Sierra 1500,Elevation,4,Gasoline,63657.0,2025/10/22,Quebec,35600
2023,GMC,Sierra 1500,Elevation,4,Gasoline,41903.0,2025/10/22,Quebec,37700
2024,GMC,Sierra 1500,Elevation,4,Gasoline,31055.0,2025/10/22,Ontario,43000
2023,GMC,Sierra 1500,Elevation,4,Gasoline,43067.0,2025/10/22,Ontario,38000
2023,GMC,Sierra 1500,Elevation,4,Gasoline,29255.0,2025/10/22,Ontario,40500
2015,GMC,Sierra 1500,SLT,8,Gasoline,76027.0,2025/10/22,Quebec,20900
2021,GMC,Sierra 1500,Elevation,8,Gasoline,143291.0,2025/10/22,Alberta,28700
2021,GMC,Sierra 1500,Elevation,8,Gasoline,107810.0,2025/10/22,Quebec,33000
2023,GMC,Sierra 1500,Pro,8,Gasoline,56684.0,2025/10/22,Quebec,36600
2015,GMC,Sierra 1500,2WD REG CAB,6,Flex,118786.0,2025/10/21,Ontario,14800
2024,GMC,Sierra 1500,Elevation,6,Diesel,78287.0,2025/10/21,Ontario,53200
2014,GMC,Sierra 1500,SLT,8,Flex,186285.0,2025/10/21,Ontario,10400
2024,GMC,Sierra 1500,Elevation,8,Gasoline,55695.0,2025/10/21,Ontario,45600
2023,GMC,Sierra 1500,Pro,4,Gasoline,29838.0,2025/10/21,Nova Scotia,38600
2024,GMC,Sierra 1500,Pro,4,Gasoline,68855.0,2025/10/21,Nova Scotia,38100
2021,GMC,Sierra 1500,Other,6,Flex,160668.0,2025/10/21,Nova Scotia,17500
2019,GMC,Sierra 1500,SLE,8,Gasoline,213285.0,2025/10/21,Alberta,17000
2020,GMC,Sierra 1500,SLE,8,Gasoline,213723.0,2025/10/21,Alberta,19750
2020,GMC,Sierra 1500,SLE,8,Gasoline,106028.0,2025/10/21,Alberta,28600
2019,GMC,Sierra 1500,SLE,4,Gasoline,135977.0,2025/10/21,Nova Scotia,22600
2021,GMC,Sierra 1500,SLE,8,Gasoline,162168.0,2025/10/21,Alberta,32500
2017,GMC,Sierra 1500,SLE,8,Gasoline,107992.0,2025/10/21,Nova Scotia,17900
2022,GMC,Sierra 1500,AT4X,8,Gasoline,55857.0,2025/10/21,Nova Scotia,48200
2023,GMC,Sierra 1500,Elevation,4,Gasoline,108965.0,2025/10/21,Alberta,36800
2015,GMC,Sierra 1500,SLE,8,Gasoline,173709.0,2025/10/21,Nova Scotia,9000
2020,GMC,Sierra 1500,Denali,8,Gasoline,96631.0,2025/10/20,Manitoba,45800
2021,GMC,Sierra 1500,Elevation,6,Diesel,147771.0,2025/10/20,Ontario,33400
2018,GMC,Sierra 1500,SLE,8,Gasoline,62913.0,2025/10/20,Quebec,28100
2021,GMC,Sierra 1500,Denali,8,Gasoline,94667.0,2025/10/20,Ontario,49000
2023,GMC,Sierra 1500,Pro,8,Gasoline,36383.0,2025/10/20,Ontario,43000
2017,GMC,Sierra 1500,SLT,8,Gasoline,143408.0,2025/10/18,British Columbia,21600
2024,GMC,Sierra 1500,Elevation,8,Gasoline,57452.0,2025/10/17,Quebec,53400
2014,GMC,Sierra 1500,SLE,8,Flex,161383.0,2025/10/17,British Columbia,12300
2015,GMC,Sierra 1500,SLT,8,Gasoline,145373.0,2025/10/17,Quebec,18500
2015,GMC,Sierra 1500,SLE,8,Gasoline,94461.0,2025/10/17,Quebec,18100
2024,GMC,Sierra 1500,Elevation,8,Gasoline,26400.0,2025/10/17,Ontario,58000
2016,GMC,Sierra 1500,SLE,8,Gasoline,159049.0,2025/10/17,Quebec,15500
2023,GMC,Sierra 1500,Pro,4,Gasoline,41337.0,2025/10/17,Saskatchewan,34750
2017,GMC,Sierra 1500,SLT,8,Gasoline,170015.0,2025/10/17,Newfoundland and Labrador,12200
2025,GMC,Sierra 1500,Denali,8,Gasoline,16343.0,2025/10/16,Alberta,75000
2023,GMC,Sierra 1500,Denali,8,Gasoline,36050.0,2025/10/16,British Columbia,59300
2018,GMC,Sierra 1500,SLE,8,Gasoline,189841.0,2025/10/16,Saskatchewan,15000
2024,GMC,Sierra 1500,Elevation,8,Gasoline,42636.0,2025/10/16,Quebec,57700
2017,GMC,Sierra 1500,Denali,8,Flex,196485.0,2025/10/16,Alberta,16100
2021,GMC,Sierra 1500,Denali,6,Diesel,104545.0,2025/10/16,Ontario,43000
2023,GMC,Sierra 1500,Elevation,8,Gasoline,65634.0,2025/10/16,Quebec,43700
2021,GMC,Sierra 1500,SLT,8,Gasoline,130489.0,2025/10/16,Ontario,32500
2025,GMC,Sierra 1500,Pro,8,Gasoline,24623.0,2025/10/16,Alberta,51000
2017,GMC,Sierra 1500,REGULAR CAB LONG BED,8,Gasoline,157472.0,2025/10/16,Ontario,14250
2020,GMC,Sierra 1500,AT4,8,Gasoline,86308.0,2025/10/16,Quebec,48600
2021,GMC,Sierra 1500,AT4,8,Gasoline,65229.0,2025/10/16,Manitoba,42600
2023,GMC,Sierra 1500,Elevation,8,Gasoline,74789.0,2025/10/16,Ontario,45300
2023,GMC,Sierra 1500,Denali,8,Gasoline,63023.0,2025/10/16,Ontario,62000
2016,GMC,Sierra 1500,SLE,8,Gasoline,196811.0,2025/10/16,Manitoba,15000
2017,GMC,Sierra 1500,SLE,8,Gasoline,197748.0,2025/10/16,Manitoba,15100
2015,GMC,Sierra 1500,"4WD DOUBLE CAB 143.5""",8,Gasoline,92642.0,2025/10/16,Ontario,18500
2024,GMC,Sierra 1500,Elevation,8,Gasoline,50455.0,2025/10/16,Ontario,45000
2024,GMC,Sierra 1500,Elevation,8,Gasoline,45296.0,2025/10/16,Ontario,46500
2024,GMC,Sierra 1500,Elevation,8,Gasoline,56531.0,2025/10/16,Ontario,45000
2023,GMC,Sierra 1500,AT4X,8,Gasoline,78249.0,2025/10/16,Manitoba,60000
2019,GMC,Sierra 1500,REGULAR CAB LONG BED,8,Gasoline,152879.0,2025/10/16,Manitoba,13000
2023,GMC,Sierra 1500,Elevation,4,Gasoline,30023.0,2025/10/16,British Columbia,45000
2018,GMC,Sierra 1500,SLT,8,Flex,115486.0,2025/10/16,Quebec,23500
2017,GMC,Sierra 1500,Denali,8,Flex,55047.0,2025/10/16,Ontario,33500
2021,GMC,Sierra 1500,CREW CAB STD BED,8,Gasoline,203458.0,2025/10/16,Ontario,18700
2022,GMC,Sierra 1500,AT4,8,Gasoline,66884.0,2025/10/15,Ontario,54500
2020,GMC,Sierra 1500,4WD CREW CAB,8,Gasoline,84693.0,2025/10/15,Ontario,31500
2021,GMC,Sierra 1500,Denali,8,Gasoline,105481.0,2025/10/15,Newfoundland and Labrador,38200
2021,GMC,Sierra 1500,Elevation,8,Gasoline,127629.0,2025/10/15,Newfoundland and Labrador,29000
2020,GMC,Sierra 1500,4WD Crew Cab,8,Gasoline,246756.0,2025/10/15,Ontario,12500
2019,GMC,Sierra 1500,SLE,8,Gasoline,126145.0,2025/10/15,Newfoundland and Labrador,23500
2023,GMC,Sierra 1500,Denali Ultimate,8,Gasoline,72443.0,2025/10/15,Ontario,70000
2021,GMC,Sierra 1500,Denali,8,Gasoline,64031.0,2025/10/15,Ontario,53000
2016,GMC,Sierra 1500,SLT,8,Gasoline,146710.0,2025/10/15,British Columbia,21200
2024,GMC,Sierra 1500,Denali Ultimate,6,Diesel,58841.0,2025/10/15,Ontario,79400
2023,GMC,Sierra 1500,Pro,8,Gasoline,54578.0,2025/10/15,Quebec,41900
2024,GMC,Sierra 1500,Pro,8,Gasoline,26433.0,2025/10/15,Ontario,45800
2023,GMC,Sierra 1500,Denali,6,Diesel,59642.0,2025/10/15,Ontario,55600
2019,GMC,Sierra 1500,SLT,8,Gasoline,81260.0,2025/10/15,Ontario,46000
2021,GMC,Sierra 1500,AT4,6,Diesel,40642.0,2025/10/15,Quebec,54500
2024,GMC,Sierra 1500,Pro,8,Gasoline,21799.0,2025/10/15,Ontario,44750
2023,GMC,Sierra 1500,Pro,4,Gasoline,39227.0,2025/10/15,Ontario,36800
2023,GMC,Sierra 1500,Pro,4,Gasoline,25967.0,2025/10/15,Quebec,40500
2023,GMC,Sierra 1500,Pro,4,Gasoline,23182.0,2025/10/15,Quebec,40000
2023,GMC,Sierra 1500,Pro,4,Gasoline,84124.0,2025/10/15,Quebec,30800
2023,GMC,Sierra 1500,Pro,4,Gasoline,27836.0,2025/10/15,Quebec,41000
2023,GMC,Sierra 1500,Pro,4,Gasoline,35514.0,2025/10/15,Ontario,39500
2023,GMC,Sierra 1500,Elevation,4,Gasoline,65711.0,2025/10/15,Quebec,41500
2023,GMC,Sierra 1500,Elevation,4,Gasoline,47049.0,2025/10/15,Quebec,46800
2023,GMC,Sierra 1500,SLE,8,Gasoline,58239.0,2025/10/15,Ontario,42500
2020,GMC,Sierra 1500,AT4,8,Gasoline,151272.0,2025/10/15,Quebec,37500
2023,GMC,Sierra 1500,Pro,4,Gasoline,47602.0,2025/10/15,Quebec,36800
2024,GMC,Sierra 1500,Pro,4,Gasoline,32782.0,2025/10/15,Alberta,42600
2023,GMC,Sierra 1500,Pro,8,Gasoline,51646.0,2025/10/15,Alberta,42900
2023,GMC,Sierra 1500,Elevation,8,Gasoline,33116.0,2025/10/15,Ontario,56750
2024,GMC,Sierra 1500,Elevation,8,Gasoline,47732.0,2025/10/15,Alberta,54500
2022,GMC,Sierra 1500,Elevation,6,Diesel,188067.0,2025/10/15,Quebec,36000
2023,GMC,Sierra 1500,AT4,6,Diesel,49873.0,2025/10/15,Ontario,61250
2023,GMC,Sierra 1500,AT4,6,Diesel,51229.0,2025/10/15,Quebec,63250
2024,GMC,Sierra 1500,AT4,6,Diesel,41405.0,2025/10/15,Quebec,68300
2023,GMC,Sierra 1500,Denali,8,Gasoline,25701.0,2025/10/15,Ontario,70750
2023,GMC,Sierra 1500,Denali,8,Gasoline,98416.0,2025/10/15,Quebec,60250
2023,GMC,Sierra 1500,Denali,8,Gasoline,34913.0,2025/10/15,Ontario,66250
2023,GMC,Sierra 1500,Denali,8,Gasoline,27805.0,2025/10/15,Ontario,62250
2024,GMC,Sierra 1500,Denali Ultimate,8,Gasoline,57846.0,2025/10/15,Quebec,78000
2017,GMC,Sierra 1500,SLE,8,Gasoline,120882.0,2025/10/15,Ontario,25250
2024,GMC,Sierra 1500,Elevation,8,Gasoline,41622.0,2025/10/15,Quebec,48000
2024,GMC,Sierra 1500,Elevation,8,Gasoline,25612.0,2025/10/15,Ontario,48000
2025,GMC,Sierra 1500,Elevation,8,Gasoline,28411.0,2025/10/15,Ontario,54000
2023,GMC,Sierra 1500,Elevation,8,Gasoline,35331.0,2025/10/15,Ontario,47500
2023,GMC,Sierra 1500,Elevation,8,Gasoline,63769.0,2025/10/15,Quebec,45000
2025,GMC,Sierra 1500,Elevation,8,Gasoline,30460.0,2025/10/15,Ontario,54000
2024,GMC,Sierra 1500,AT4,8,Gasoline,21215.0,2025/10/15,Quebec,68500
2024,GMC,Sierra 1500,AT4,8,Gasoline,41161.0,2025/10/15,Ontario,56750
2023,GMC,Sierra 1500,AT4X,8,Gasoline,66915.0,2025/10/15,Ontario,55750
2023,GMC,Sierra 1500,Denali,8,Gasoline,58374.0,2025/10/15,Ontario,51250
2023,GMC,Sierra 1500,Denali,8,Gasoline,72952.0,2025/10/15,Quebec,53000
2023,GMC,Sierra 1500,Denali,8,Gasoline,25852.0,2025/10/15,Quebec,55000
2023,GMC,Sierra 1500,Denali,8,Gasoline,46794.0,2025/10/15,Ontario,61500
2023,GMC,Sierra 1500,Denali,8,Gasoline,37708.0,2025/10/15,Quebec,57000
2022,GMC,Sierra 1500,Denali,6,Diesel,59532.0,2025/10/15,Quebec,49000
2023,GMC,Sierra 1500,Pro,4,Gasoline,31717.0,2025/10/15,Quebec,36500
2024,GMC,Sierra 1500,Elevation,4,Gasoline,58874.0,2025/10/15,Quebec,41000
2023,GMC,Sierra 1500,Elevation,4,Gasoline,47313.0,2025/10/15,Ontario,39250
2017,GMC,Sierra 1500,SLE,8,Gasoline,102928.0,2025/10/15,Quebec,23300
2021,GMC,Sierra 1500,Elevation,8,Gasoline,109142.0,2025/10/15,Ontario,33750
2023,GMC,Sierra 1500,Pro,8,Gasoline,36323.0,2025/10/15,Quebec,40000
2024,GMC,Sierra 1500,Denali,6,Diesel,63000.0,2025/10/14,Ontario,67700
2016,GMC,Sierra 1500,Denali,8,Flex,173851.0,2025/10/14,Ontario,18100
2016,GMC,Sierra 1500,SLE,8,Gasoline,174962.0,2025/10/14,Ontario,10500
2018,GMC,Sierra 1500,Denali,8,Flex,241720.0,2025/10/14,Alberta,16000
2023,GMC,Sierra 1500,Elevation,8,Gasoline,64874.0,2025/10/14,Ontario,44700
2021,GMC,Sierra 1500,Denali,8,Gasoline,96823.0,2025/10/14,Ontario,48200
2023,GMC,Sierra 1500,AT4,8,Gasoline,158161.0,2025/10/14,Quebec,47300
2021,GMC,Sierra 1500,Elevation,8,Gasoline,74567.0,2025/10/14,Ontario,43900
2017,GMC,Sierra 1500,SLE,8,Gasoline,187974.0,2025/10/14,Ontario,13900
2023,GMC,Sierra 1500,Pro,4,Gasoline,52355.0,2025/10/14,Quebec,40000
2020,GMC,Sierra 1500,CREW CAB STD BED,8,Gasoline,145669.0,2025/10/14,Alberta,13000
2023,GMC,Sierra 1500,SLE,8,Gasoline,49941.0,2025/10/14,Alberta,40750
2023,GMC,Sierra 1500,SLE,8,Gasoline,56294.0,2025/10/14,Alberta,42300
2023,GMC,Sierra 1500,Elevation,8,Gasoline,153500.0,2025/10/14,Alberta,37500
2016,GMC,Sierra 1500,SLE,8,Gasoline,164788.0,2025/10/14,Nova Scotia,13300
2021,GMC,Sierra 1500,Elevation,8,Gasoline,45285.0,2025/10/14,Nova Scotia,41250
2023,GMC,Sierra 1500,Elevation,8,Gasoline,46854.0,2025/10/12,Quebec,48400
2021,GMC,Sierra 1500,Denali,8,Gasoline,67886.0,2025/10/11,Ontario,49100
2018,GMC,Sierra 1500,SLT,8,Flex,130002.0,2025/10/11,Ontario,27100
2022,GMC,Sierra 1500,Denali,8,Gasoline,119522.0,2025/10/10,Quebec,48000
2019,GMC,Sierra 1500,AT4,8,Gasoline,129338.0,2025/10/10,Ontario,38800
2019,GMC,Sierra 1500,Denali,8,Gasoline,84761.0,2025/10/10,Manitoba,47600
2018,GMC,Sierra 1500,SLT,8,Gasoline,140371.0,2025/10/10,Ontario,27000
2022,GMC,Sierra 1500,Elevation,8,Gasoline,65050.0,2025/10/10,Ontario,50500
2015,GMC,Sierra 1500,SLE,8,Gasoline,146696.0,2025/10/10,British Columbia,18000
2024,GMC,Sierra 1500,Elevation,8,Gasoline,122096.0,2025/10/10,Ontario,44700
2023,GMC,Sierra 1500,Pro,4,Gasoline,19800.0,2025/10/10,Ontario,42750
2022,GMC,Sierra 1500,AT4,8,Gasoline,108629.0,2025/10/10,Manitoba,50500
2021,GMC,Sierra 1500,"4WD DOUBLE CAB 147""",6,Flex,157036.0,2025/10/10,Newfoundland and Labrador,19600
2021,GMC,Sierra 1500,Elevation,8,Gasoline,121129.0,2025/10/10,Saskatchewan,38100
2018,GMC,Sierra 1500,SLE,8,Gasoline,156436.0,2025/10/10,Saskatchewan,13600
2022,GMC,Sierra 1500,AT4,6,Diesel,144080.0,2025/10/09,Ontario,46100
2024,GMC,Sierra 1500,Denali,8,Gasoline,22828.0,2025/10/09,Ontario,73500
2020,GMC,Sierra 1500,Elevation,6,Diesel,207777.0,2025/10/09,Ontario,13200
2020,GMC,Sierra 1500,Elevation,4,Gasoline,24000.0,2025/10/09,Ontario,40500
2023,GMC,Sierra 1500,Pro,8,Gasoline,43517.0,2025/10/09,Quebec,45000
2023,GMC,Sierra 1500,Denali Ultimate,8,Gasoline,58500.0,2025/10/09,Ontario,71000
2020,GMC,Sierra 1500,Denali,8,Gasoline,55518.0,2025/10/09,Ontario,54000
2019,GMC,Sierra 1500,Denali,8,Gasoline,155255.0,2025/10/09,Quebec,37750
2019,GMC,Sierra 1500,Denali,8,Gasoline,26727.0,2025/10/09,Ontario,51400
2024,GMC,Sierra 1500,Pro,8,Gasoline,38900.0,2025/10/09,New Brunswick,45200
2019,GMC,Sierra 1500,AT4,8,Gasoline,142734.0,2025/10/09,Ontario,35400
2023,GMC,Sierra 1500,Pro,4,Gasoline,76216.0,2025/10/09,Ontario,37000
2024,GMC,Sierra 1500,Elevation,6,Diesel,37557.0,2025/10/09,Ontario,60000
2023,GMC,Sierra 1500,Elevation,6,Diesel,85475.0,2025/10/09,Ontario,51500
2024,GMC,Sierra 1500,Elevation,8,Gasoline,115143.0,2025/10/09,Quebec,46000
2015,GMC,Sierra 1500,Other,8,Gasoline,162805.0,2025/10/09,British Columbia,14300
2015,GMC,Sierra 1500,SLE,8,Gasoline,110253.0,2025/10/09,Ontario,24500
2025,GMC,Sierra 1500,Elevation,6,Diesel,15200.0,2025/10/09,Manitoba,64000
2022,GMC,Sierra 1500,Elevation,8,Gasoline,51185.0,2025/10/09,Ontario,43750
2025,GMC,Sierra 1500,SLT,6,Diesel,21474.0,2025/10/09,Manitoba,65000
2022,GMC,Sierra 1500,AT4,6,Diesel,88038.0,2025/10/09,British Columbia,53250
2018,GMC,Sierra 1500,SLT,8,Gasoline,61199.0,2025/10/09,British Columbia,32500
2023,GMC,Sierra 1500,SLE,8,Gasoline,40082.0,2025/10/09,Manitoba,40200
2014,GMC,Sierra 1500,SLT,8,Flex,199202.0,2025/10/08,Alberta,15000
2018,GMC,Sierra 1500,SLE,8,Gasoline,199600.0,2025/10/08,Alberta,11800
2020,GMC,Sierra 1500,AT4,8,Gasoline,118302.0,2025/10/08,British Columbia,44200
2023,GMC,Sierra 1500,AT4,8,Gasoline,91393.0,2025/10/08,Ontario,59800
2019,GMC,Sierra 1500,"4WD DOUBLE CAB 147""",8,Gasoline,216619.0,2025/10/08,Newfoundland and Labrador,11600
2019,GMC,Sierra 1500,AT4,8,Gasoline,134573.0,2025/10/08,Ontario,38700
2014,GMC,Sierra 1500,SLT,8,Flex,136940.0,2025/10/08,Ontario,15000
2020,GMC,Sierra 1500,Denali,8,Gasoline,102443.0,2025/10/08,Quebec,45500
2019,GMC,Sierra 1500,Denali,8,Gasoline,70275.0,2025/10/08,Quebec,46200
2023,GMC,Sierra 1500,Pro,8,Gasoline,57001.0,2025/10/08,Quebec,39800
2023,GMC,Sierra 1500,Pro,8,Gasoline,47809.0,2025/10/08,Quebec,38000
2023,GMC,Sierra 1500,Pro,8,Gasoline,78722.0,2025/10/08,Ontario,35500
2023,GMC,Sierra 1500,Pro,4,Gasoline,29626.0,2025/10/08,Quebec,41800
2023,GMC,Sierra 1500,Pro,4,Gasoline,32308.0,2025/10/08,Ontario,40000
2023,GMC,Sierra 1500,SLE,4,Gasoline,50891.0,2025/10/08,Ontario,40500
2023,GMC,Sierra 1500,SLE,4,Gasoline,47564.0,2025/10/08,Alberta,41400
2022,GMC,Sierra 1500,AT4,8,Gasoline,66882.0,2025/10/08,Quebec,54500
2021,GMC,Sierra 1500,Other,6,Flex,202390.0,2025/10/08,Quebec,18800
2023,GMC,Sierra 1500,Pro,4,Gasoline,56776.0,2025/10/08,Ontario,33000
2021,GMC,Sierra 1500,SLE,8,Gasoline,123748.0,2025/10/08,Quebec,28000
2019,GMC,Sierra 1500,Elevation,8,Gasoline,160274.0,2025/10/08,Ontario,25750
2021,GMC,Sierra 1500,Elevation,8,Gasoline,125316.0,2025/10/08,Ontario,37000
2021,GMC,Sierra 1500,Elevation,8,Gasoline,83155.0,2025/10/08,Quebec,40000
2021,GMC,Sierra 1500,Elevation,6,Diesel,170089.0,2025/10/08,Ontario,26250
2021,GMC,Sierra 1500,AT4,8,Gasoline,61499.0,2025/10/08,Quebec,51000
2023,GMC,Sierra 1500,Pro,4,Gasoline,42335.0,2025/10/08,Alberta,40000
2024,GMC,Sierra 1500,Elevation,6,Diesel,87853.0,2025/10/08,Ontario,54000
2023,GMC,Sierra 1500,Elevation,8,Gasoline,47970.0,2025/10/08,Ontario,54500
2023,GMC,Sierra 1500,Elevation,8,Gasoline,29647.0,2025/10/08,Ontario,56500
2023,GMC,Sierra 1500,Elevation,8,Gasoline,28712.0,2025/10/08,Ontario,57000
2022,GMC,Sierra 1500,Elevation,8,Gasoline,18179.0,2025/10/08,Alberta,51500
2024,GMC,Sierra 1500,Elevation,8,Gasoline,32158.0,2025/10/08,Ontario,47500
2022,GMC,Sierra 1500,Elevation,8,Gasoline,74525.0,2025/10/08,Quebec,49500
2023,GMC,Sierra 1500,Denali Ultimate,8,Gasoline,27598.0,2025/10/08,Ontario,78500
2023,GMC,Sierra 1500,Denali Ultimate,8,Gasoline,96911.0,2025/10/08,Quebec,69200
2018,GMC,Sierra 1500,"4WD DOUBLE CAB 143.5""",8,Gasoline,75826.0,2025/10/08,Ontario,24400
2017,GMC,Sierra 1500,SLE,8,Gasoline,163662.0,2025/10/08,Ontario,15750
2018,GMC,Sierra 1500,SLE,8,Gasoline,127807.0,2025/10/08,Ontario,24500
2017,GMC,Sierra 1500,SLE,6,Flex,197082.0,2025/10/08,Quebec,16200
2024,GMC,Sierra 1500,Elevation,6,Diesel,34931.0,2025/10/08,Quebec,55000
2023,GMC,Sierra 1500,Elevation,8,Gasoline,17597.0,2025/10/08,Ontario,45500
2023,GMC,Sierra 1500,Elevation,8,Gasoline,26520.0,2025/10/08,Ontario,48000
2023,GMC,Sierra 1500,Elevation,8,Gasoline,24454.0,2025/10/08,Ontario,47750
2023,GMC,Sierra 1500,Elevation,8,Gasoline,28429.0,2025/10/08,Quebec,49500
2022,GMC,Sierra 1500,AT4,6,Diesel,122075.0,2025/10/08,Ontario,43000
2022,GMC,Sierra 1500,AT4,6,Diesel,50321.0,2025/10/08,Quebec,50000
2024,GMC,Sierra 1500,AT4X CREW CAB SHORT BED,8,Gasoline,59713.0,2025/10/08,Ontario,62000
2023,GMC,Sierra 1500,Denali,8,Gasoline,43927.0,2025/10/08,Ontario,53250
2023,GMC,Sierra 1500,Denali,8,Gasoline,32908.0,2025/10/08,Ontario,52750
2023,GMC,Sierra 1500,Denali,8,Gasoline,72488.0,2025/10/08,Ontario,50500
2023,GMC,Sierra 1500,Denali,8,Gasoline,69228.0,2025/10/08,Quebec,53800
2023,GMC,Sierra 1500,Pro,4,Gasoline,39617.0,2025/10/08,Quebec,36200
2023,GMC,Sierra 1500,Elevation,4,Gasoline,56533.0,2025/10/08,Ontario,31000
2017,GMC,Sierra 1500,SLE,8,Gasoline,56949.0,2025/10/08,Quebec,24200
2017,GMC,Sierra 1500,SLT,8,Gasoline,130775.0,2025/10/08,Ontario,23300
2023,GMC,Sierra 1500,AT4,6,Diesel,25110.0,2025/10/07,British Columbia,68900
2015,GMC,Sierra 1500,SLT,8,Flex,187505.0,2025/10/07,Ontario,14700
2021,GMC,Sierra 1500,Elevation,8,Gasoline,93240.0,2025/10/07,Ontario,41500
2022,GMC,Sierra 1500,AT4,8,Gasoline,79219.0,2025/10/07,Alberta,53000
2023,GMC,Sierra 1500,SLE,8,Gasoline,97684.0,2025/10/07,Alberta,38000
2022,GMC,Sierra 1500,Elevation,8,Gasoline,84360.0,2025/10/07,Ontario,48200
2023,GMC,Sierra 1500,Elevation,8,Gasoline,27886.0,2025/10/07,Quebec,53200
2023,GMC,Sierra 1500,Elevation,8,Gasoline,35971.0,2025/10/07,Quebec,50600
2024,GMC,Sierra 1500,Elevation,8,Gasoline,55066.0,2025/10/07,Ontario,55100
2023,GMC,Sierra 1500,Elevation,8,Gasoline,31243.0,2025/10/07,Quebec,52400
2023,GMC,Sierra 1500,AT4,8,Gasoline,91568.0,2025/10/07,New Brunswick,56000
2024,GMC,Sierra 1500,Elevation,6,Diesel,58254.0,2025/10/07,Ontario,50500
2022,GMC,Sierra 1500,Pro,8,Gasoline,56252.0,2025/10/07,Nova Scotia,39200
2023,GMC,Sierra 1500,Pro,8,Gasoline,36276.0,2025/10/07,Nova Scotia,42800
2024,GMC,Sierra 1500,Pro,8,Gasoline,16263.0,2025/10/07,New Brunswick,41000
2024,GMC,Sierra 1500,Elevation,8,Gasoline,30219.0,2025/10/07,Alberta,58300
2018,GMC,Sierra 1500,Other,8,Gasoline,188531.0,2025/10/07,Nova Scotia,11500
2022,GMC,Sierra 1500,Elevation,6,Diesel,104838.0,2025/10/07,Nova Scotia,38800
2022,GMC,Sierra 1500,Denali,8,Gasoline,80657.0,2025/10/07,Nova Scotia,45600
2017,GMC,Sierra 1500,Denali,8,Flex,177075.0,2025/10/07,Nova Scotia,24400
2015,GMC,Sierra 1500,SLT,8,Gasoline,209168.0,2025/10/07,Nova Scotia,10500
2019,GMC,Sierra 1500,Denali,8,Gasoline,123959.0,2025/10/06,Nova Scotia,38000
2018,GMC,Sierra 1500,SLE,8,Gasoline,221227.0,2025/10/06,Ontario,11000
2023,GMC,Sierra 1500,Denali,8,Gasoline,36492.0,2025/10/06,British Columbia,65500
2018,GMC,Sierra 1500,SLE,8,Gasoline,173013.0,2025/10/06,Ontario,15400
2019,GMC,Sierra 1500,Elevation,8,Gasoline,38833.0,2025/10/06,Ontario,40600
2015,GMC,Sierra 1500,SLE,8,Gasoline,216287.0,2025/10/06,Ontario,10700
2024,GMC,Sierra 1500,Elevation,6,Diesel,29118.0,2025/10/06,Ontario,59800
2016,GMC,Sierra 1500,"4WD DOUBLE CAB 143.5""",8,Gasoline,184613.0,2025/10/06,Ontario,9000
2022,GMC,Sierra 1500,AT4,8,Gasoline,47600.0,2025/10/04,Ontario,52100
2023,GMC,Sierra 1500,Elevation,8,Gasoline,51999.0,2025/10/04,British Columbia,45000
2021,GMC,Sierra 1500,Elevation,8,Gasoline,100868.0,2025/10/03,Ontario,31100
2017,GMC,Sierra 1500,SLT,8,Gasoline,139750.0,2025/10/03,Alberta,27000
2023,GMC,Sierra 1500,AT4,6,Diesel,69100.0,2025/10/03,Ontario,62500
2021,GMC,Sierra 1500,Denali,6,Diesel,56747.0,2025/10/03,Ontario,52200
2018,GMC,Sierra 1500,SLT,8,Gasoline,221382.0,2025/10/03,Ontario,18000
2024,GMC,Sierra 1500,Pro,8,Gasoline,45501.0,2025/10/03,Quebec,43900
2023,GMC,Sierra 1500,AT4,6,Diesel,92235.0,2025/10/03,Ontario,52200
2016,GMC,Sierra 1500,"4WD DOUBLE CAB 143.5""",8,Gasoline,186585.0,2025/10/03,Ontario,12300
2021,GMC,Sierra 1500,SLE,8,Gasoline,138297.0,2025/10/03,Newfoundland and Labrador,30000
2023,GMC,Sierra 1500,Denali Ultimate,8,Gasoline,51559.0,2025/10/03,Saskatchewan,67750
2023,GMC,Sierra 1500,SLT,8,Gasoline,106799.0,2025/10/03,Saskatchewan,43500
2022,GMC,Sierra 1500,AT4X,8,Gasoline,69209.0,2025/10/03,Saskatchewan,54000
2013,GMC,Sierra 1500,SLE,8,Flex,161569.0,2025/10/03,Saskatchewan,13400
2016,GMC,Sierra 1500,SLE,8,Gasoline,220073.0,2025/10/02,Ontario,13000
2019,GMC,Sierra 1500,SLE,8,Gasoline,85444.0,2025/10/02,Ontario,34500
2020,GMC,Sierra 1500,SLT,8,Gasoline,126427.0,2025/10/02,British Columbia,41250
2021,GMC,Sierra 1500,AT4,6,Diesel,142896.0,2025/10/02,Ontario,41500
2019,GMC,Sierra 1500,SLE,8,Gasoline,191256.0,2025/10/02,Manitoba,15200
2019,GMC,Sierra 1500,Elevation,8,Gasoline,125420.0,2025/10/02,Ontario,35750
2021,GMC,Sierra 1500,SLE,8,Gasoline,130956.0,2025/10/02,Ontario,34000
2021,GMC,Sierra 1500,AT4,8,Gasoline,166898.0,2025/10/02,Ontario,39000
2022,GMC,Sierra 1500,Pro,4,Gasoline,51814.0,2025/10/02,British Columbia,30400
2024,GMC,Sierra 1500,SLE,8,Gasoline,31591.0,2025/10/02,Alberta,47500
2024,GMC,Sierra 1500,SLE,8,Gasoline,30222.0,2025/10/02,New Brunswick,49800
2024,GMC,Sierra 1500,Elevation,6,Diesel,63142.0,2025/10/02,British Columbia,56250
2024,GMC,Sierra 1500,AT4,6,Diesel,56148.0,2025/10/02,Ontario,65750
2023,GMC,Sierra 1500,AT4,8,Gasoline,44890.0,2025/10/02,British Columbia,64250
2017,GMC,Sierra 1500,"4WD DOUBLE CAB 143.5""",8,Gasoline,117692.0,2025/10/02,Ontario,20000
2017,GMC,Sierra 1500,SLE,8,Gasoline,97206.0,2025/10/02,Quebec,27600
2022,GMC,Sierra 1500,SLE,6,Diesel,122177.0,2025/10/02,Ontario,36250
2023,GMC,Sierra 1500,AT4X,8,Gasoline,37757.0,2025/10/02,Manitoba,65500
2017,GMC,Sierra 1500,SLE,8,Gasoline,137531.0,2025/10/02,Manitoba,13500
2021,GMC,Sierra 1500,SLT,8,Gasoline,161888.0,2025/10/01,Ontario,33100
2023,GMC,Sierra 1500,SLE,8,Gasoline,93776.0,2025/10/01,Alberta,36000
2016,GMC,Sierra 1500,"4WD DOUBLE CAB 143.5""",8,Gasoline,174878.0,2025/10/01,Ontario,13600
2024,GMC,Sierra 1500,Elevation,6,Diesel,38116.0,2025/10/01,New Brunswick,54100
2019,GMC,Sierra 1500,Denali,8,Gasoline,140958.0,2025/10/01,Quebec,37250
2023,GMC,Sierra 1500,Pro,8,Gasoline,34833.0,2025/10/01,Quebec,42400
2023,GMC,Sierra 1500,Pro,4,Gasoline,32305.0,2025/10/01,Quebec,39500
2023,GMC,Sierra 1500,Pro,4,Gasoline,26322.0,2025/10/01,Quebec,43200
2023,GMC,Sierra 1500,Pro,4,Gasoline,19388.0,2025/10/01,Quebec,43200
2023,GMC,Sierra 1500,Pro,4,Gasoline,54478.0,2025/10/01,Quebec,38600
2019,GMC,Sierra 1500,Other,8,Gasoline,98902.0,2025/10/01,Ontario,31250
2021,GMC,Sierra 1500,SLE,8,Gasoline,169916.0,2025/10/01,Alberta,20700
2020,GMC,Sierra 1500,Elevation,8,Gasoline,120469.0,2025/10/01,Quebec,32900
2023,GMC,Sierra 1500,Pro,8,Gasoline,51599.0,2025/10/01,Ontario,39250
2019,GMC,Sierra 1500,Elevation,8,Gasoline,138067.0,2025/10/01,Quebec,29100
2020,GMC,Sierra 1500,Elevation,4,Gasoline,153452.0,2025/10/01,Ontario,27250
2019,GMC,Sierra 1500,AT4,8,Gasoline,138777.0,2025/10/01,Ontario,35500
2023,GMC,Sierra 1500,Pro,4,Gasoline,21320.0,2025/10/01,Quebec,43000
2023,GMC,Sierra 1500,Pro,4,Gasoline,43983.0,2025/10/01,Quebec,34000
2024,GMC,Sierra 1500,Pro,4,Gasoline,37834.0,2025/10/01,Quebec,41800
2023,GMC,Sierra 1500,Pro,4,Gasoline,53806.0,2025/10/01,Alberta,35100
2024,GMC,Sierra 1500,Pro,4,Gasoline,83190.0,2025/10/01,Ontario,35000
2022,GMC,Sierra 1500,SLE,8,Gasoline,95720.0,2025/10/01,Ontario,40500
2024,GMC,Sierra 1500,Elevation,6,Diesel,29118.0,2025/10/01,Quebec,61000
2023,GMC,Sierra 1500,Elevation,8,Gasoline,38185.0,2025/10/01,Alberta,54500
2022,GMC,Sierra 1500,Elevation,8,Gasoline,74796.0,2025/10/01,Quebec,50000
2023,GMC,Sierra 1500,Elevation,8,Gasoline,45741.0,2025/10/01,Alberta,52200
2023,GMC,Sierra 1500,Elevation,8,Gasoline,48108.0,2025/10/01,Ontario,52000
2023,GMC,Sierra 1500,AT4,8,Gasoline,35439.0,2025/10/01,Ontario,63750
2024,GMC,Sierra 1500,Denali,6,Diesel,49455.0,2025/10/01,Alberta,68000
2023,GMC,Sierra 1500,Denali,8,Gasoline,96334.0,2025/10/01,Ontario,57000
2023,GMC,Sierra 1500,Denali,8,Gasoline,46693.0,2025/10/01,Alberta,64700
2023,GMC,Sierra 1500,Denali,8,Gasoline,56386.0,2025/10/01,Ontario,64500
2023,GMC,Sierra 1500,Elevation,8,Gasoline,25998.0,2025/10/01,Ontario,46000
2024,GMC,Sierra 1500,Elevation,8,Gasoline,35730.0,2025/10/01,Ontario,48000
2023,GMC,Sierra 1500,Elevation,8,Gasoline,63039.0,2025/10/01,Alberta,46900
2023,GMC,Sierra 1500,Elevation,8,Gasoline,35086.0,2025/10/01,Quebec,50400
2023,GMC,Sierra 1500,Elevation,8,Gasoline,33232.0,2025/10/01,Quebec,51600
2023,GMC,Sierra 1500,Elevation,8,Gasoline,54325.0,2025/10/01,Quebec,44400
2024,GMC,Sierra 1500,Elevation,8,Gasoline,22945.0,2025/10/01,Quebec,51250
2023,GMC,Sierra 1500,Elevation,8,Gasoline,63078.0,2025/10/01,Ontario,42500
2023,GMC,Sierra 1500,Elevation,8,Gasoline,35597.0,2025/10/01,Ontario,42500
2023,GMC,Sierra 1500,Elevation,8,Gasoline,23382.0,2025/10/01,Quebec,50200
2023,GMC,Sierra 1500,AT4X,8,Gasoline,62039.0,2025/10/01,Ontario,56250
2023,GMC,Sierra 1500,Denali,8,Gasoline,55426.0,2025/10/01,Ontario,55750
2023,GMC,Sierra 1500,Denali,8,Gasoline,35008.0,2025/10/01,Ontario,52000
2023,GMC,Sierra 1500,Denali,8,Gasoline,59203.0,2025/10/01,Ontario,52000
2023,GMC,Sierra 1500,Pro,4,Gasoline,60527.0,2025/10/01,Quebec,33000
2023,GMC,Sierra 1500,Pro,4,Gasoline,56158.0,2025/10/01,Quebec,31800
2023,GMC,Sierra 1500,Elevation,4,Gasoline,57616.0,2025/10/01,Quebec,40250
2018,GMC,Sierra 1500,Denali,8,Flex,178935.0,2025/10/01,Ontario,17000
2018,GMC,Sierra 1500,Denali,8,Flex,147968.0,2025/10/01,Ontario,27700
2021,GMC,Sierra 1500,Denali,6,Diesel,110321.0,2025/10/01,Ontario,42000
2023,GMC,Sierra 1500,Pro,8,Gasoline,86945.0,2025/10/01,Quebec,34000
2023,GMC,Sierra 1500,Pro,8,Gasoline,53084.0,2025/10/01,Quebec,37000
2014,GMC,Sierra 1500,SLE,8,Flex,115284.0,2025/09/30,Ontario,16600
2023,GMC,Sierra 1500,Elevation,8,Gasoline,66296.0,2025/09/30,Alberta,44200
2020,GMC,Sierra 1500,SLT,6,Diesel,91621.0,2025/09/30,Ontario,45000
2022,GMC,Sierra 1500,Elevation,8,Gasoline,134142.0,2025/09/30,Ontario,44000
2018,GMC,Sierra 1500,"4WD DOUBLE CAB 143.5""",8,Gasoline,159076.0,2025/09/30,Quebec,14200
2023,GMC,Sierra 1500,Denali,8,Gasoline,56672.0,2025/09/30,Ontario,66600
2021,GMC,Sierra 1500,Denali,8,Gasoline,153284.0,2025/09/30,Alberta,39700
2022,GMC,Sierra 1500,Elevation,4,Gasoline,99593.0,2025/09/30,Alberta,35800
2010,GMC,Sierra 1500,SLE,8,Flex,46908.0,2025/09/30,Alberta,13700
2024,GMC,Sierra 1500,SLE,8,Gasoline,18613.0,2025/09/30,New Brunswick,48500
2024,GMC,Sierra 1500,Elevation,8,Gasoline,32494.0,2025/09/30,Alberta,55800
2016,GMC,Sierra 1500,SLT,8,Gasoline,166789.0,2025/09/30,Nova Scotia,17400
2024,GMC,Sierra 1500,Elevation,6,Diesel,111547.0,2025/09/30,Alberta,45250
2014,GMC,Sierra 1500,SLE,8,Flex,38520.0,2025/09/30,Alberta,17250
2022,GMC,Sierra 1500,Pro,8,Gasoline,136029.0,2025/09/30,Alberta,21000
2022,GMC,Sierra 1500,Pro,8,Gasoline,180803.0,2025/09/30,Alberta,14200
2018,GMC,Sierra 1500,2WD REG CAB,8,Gasoline,128798.0,2025/09/29,Ontario,9800
2015,GMC,Sierra 1500,SLT,8,Gasoline,219359.0,2025/09/29,Alberta,12000
2021,GMC,Sierra 1500,AT4,6,Diesel,167930.0,2025/09/29,Alberta,33000
2023,GMC,Sierra 1500,Denali,8,Gasoline,139994.0,2025/09/29,Ontario,52300
2016,GMC,Sierra 1500,SLE,8,Gasoline,121425.0,2025/09/29,Quebec,18300
2019,GMC,Sierra 1500,Elevation,8,Gasoline,80324.0,2025/09/29,Quebec,37300
2022,GMC,Sierra 1500,AT4,8,Gasoline,87115.0,2025/09/29,Ontario,46500
2017,GMC,Sierra 1500,SLT,8,Gasoline,158149.0,2025/09/27,Ontario,22500
2018,GMC,Sierra 1500,"4WD DOUBLE CAB 143.5""",8,Gasoline,103390.0,2025/09/27,Ontario,23200
2023,GMC,Sierra 1500,AT4,8,Gasoline,92812.0,2025/09/27,New Brunswick,56600
2017,GMC,Sierra 1500,Denali,8,Gasoline,155195.0,2025/09/26,Ontario,17500
2018,GMC,Sierra 1500,Denali,8,Gasoline,87582.0,2025/09/26,Ontario,31300
2021,GMC,Sierra 1500,AT4,6,Diesel,100879.0,2025/09/26,British Columbia,44000
2017,GMC,Sierra 1500,SLT,8,Gasoline,196866.0,2025/09/26,Ontario,19000
2024,GMC,Sierra 1500,Elevation,6,Diesel,56070.0,2025/09/26,British Columbia,57500
2020,GMC,Sierra 1500,Elevation,4,Gasoline,145235.0,2025/09/26,British Columbia,29500
2023,GMC,Sierra 1500,Denali,8,Gasoline,58019.0,2025/09/26,Saskatchewan,57000
2022,GMC,Sierra 1500,Pro,4,Gasoline,167162.0,2025/09/26,Ontario,20000
2022,GMC,Sierra 1500,Pro,4,Gasoline,147354.0,2025/09/26,Ontario,22300
2022,GMC,Sierra 1500,Pro,4,Gasoline,150528.0,2025/09/26,Ontario,20800
2015,GMC,Sierra 1500,SLT,8,Gasoline,247605.0,2025/09/26,Saskatchewan,10600
2021,GMC,Sierra 1500,CREW CAB STD BED,8,Gasoline,72739.0,2025/09/26,Manitoba,26800
2022,GMC,Sierra 1500,Elevation,8,Gasoline,54290.0,2025/09/25,Ontario,52100
2019,GMC,Sierra 1500,Denali,8,Gasoline,38129.0,2025/09/25,Ontario,52000
2023,GMC,Sierra 1500,Pro,4,Gasoline,89322.0,2025/09/25,Ontario,33000
2013,GMC,Sierra 1500,SLE,8,Flex,128751.0,2025/09/25,British Columbia,11800
2021,GMC,Sierra 1500,AT4,6,Diesel,90240.0,2025/09/25,New Brunswick,48000
2015,GMC,Sierra 1500,SLE,8,Gasoline,123819.0,2025/09/25,Ontario,12500
2021,GMC,Sierra 1500,CREW CAB STD BED,8,Gasoline,81590.0,2025/09/25,Quebec,36800
2021,GMC,Sierra 1500,Elevation,8,Gasoline,61748.0,2025/09/25,Ontario,44200
2020,GMC,Sierra 1500,CREW CAB SHORT BED,4,Gasoline,134657.0,2025/09/25,Ontario,27200
2019,GMC,Sierra 1500,AT4,8,Gasoline,93587.0,2025/09/25,New Brunswick,35200
2020,GMC,Sierra 1500,AT4,8,Gasoline,76199.0,2025/09/25,Manitoba,46400
2023,GMC,Sierra 1500,Pro,4,Gasoline,66731.0,2025/09/25,British Columbia,37250
2022,GMC,Sierra 1500,SLE,8,Gasoline,85799.0,2025/09/25,Ontario,38000
2022,GMC,Sierra 1500,SLE,8,Gasoline,74386.0,2025/09/25,Ontario,40400
2024,GMC,Sierra 1500,SLE,8,Gasoline,39164.0,2025/09/25,New Brunswick,48200
2024,GMC,Sierra 1500,Elevation,6,Diesel,29335.0,2025/09/25,British Columbia,61500
2025,GMC,Sierra 1500,Elevation,8,Gasoline,16098.0,2025/09/25,Ontario,63200
2024,GMC,Sierra 1500,Elevation,8,Gasoline,29487.0,2025/09/25,Ontario,59750
2025,GMC,Sierra 1500,Elevation,8,Gasoline,18468.0,2025/09/25,Ontario,62250
2024,GMC,Sierra 1500,Elevation,8,Gasoline,35862.0,2025/09/25,Ontario,59500
2017,GMC,Sierra 1500,Other,8,Gasoline,120905.0,2025/09/25,British Columbia,23800
2017,GMC,Sierra 1500,SLE,8,Gasoline,110951.0,2025/09/25,Ontario,20200
2018,GMC,Sierra 1500,SLE,8,Gasoline,75788.0,2025/09/25,Quebec,28200
2017,GMC,Sierra 1500,SLE,8,Gasoline,70118.0,2025/09/25,Ontario,26200
2024,GMC,Sierra 1500,Elevation,8,Gasoline,18627.0,2025/09/25,Quebec,51200
2023,GMC,Sierra 1500,Denali,8,Gasoline,164976.0,2025/09/25,Ontario,40100
2021,GMC,Sierra 1500,Elevation,8,Gasoline,233831.0,2025/09/25,Quebec,11800
2021,GMC,Sierra 1500,Elevation,8,Gasoline,98894.0,2025/09/25,Ontario,35000
2021,GMC,Sierra 1500,Elevation,6,Diesel,86750.0,2025/09/25,Ontario,37800
2014,GMC,Sierra 1500,SLT,8,Flex,207737.0,2025/09/24,Ontario,12000
2020,GMC,Sierra 1500,4WD CREW CAB,4,Gasoline,129680.0,2025/09/24,Ontario,26500
2016,GMC,Sierra 1500,"4WD DOUBLE CAB 143.5""",8,Gasoline,191393.0,2025/09/24,British Columbia,9600
2022,GMC,Sierra 1500,AT4,6,Diesel,112223.0,2025/09/24,Ontario,52500
2015,GMC,Sierra 1500,SLT,8,Gasoline,150315.0,2025/09/24,British Columbia,20000
2024,GMC,Sierra 1500,AT4,6,Diesel,50547.0,2025/09/24,Ontario,68200
2020,GMC,Sierra 1500,SLE,8,Gasoline,110000.0,2025/09/24,Ontario,35600
2018,GMC,Sierra 1500,Denali,8,Gasoline,166510.0,2025/09/24,Ontario,24800
2023,GMC,Sierra 1500,AT4X,8,Gasoline,88300.0,2025/09/24,Ontario,56000
2023,GMC,Sierra 1500,Pro,4,Gasoline,57356.0,2025/09/24,Quebec,35300
2019,GMC,Sierra 1500,SLT,8,Gasoline,169560.0,2025/09/24,Ontario,31750
2023,GMC,Sierra 1500,Pro,4,Gasoline,39189.0,2025/09/24,Ontario,34000
2023,GMC,Sierra 1500,Pro,4,Gasoline,32392.0,2025/09/24,Quebec,40500
2022,GMC,Sierra 1500,AT4,8,Gasoline,73250.0,2025/09/24,Quebec,57750
2022,GMC,Sierra 1500,AT4,8,Gasoline,67367.0,2025/09/24,Quebec,60250
2022,GMC,Sierra 1500,AT4,8,Gasoline,64829.0,2025/09/24,Ontario,56000
2021,GMC,Sierra 1500,SLE,8,Gasoline,50897.0,2025/09/24,Ontario,40000
2021,GMC,Sierra 1500,Elevation,8,Gasoline,125024.0,2025/09/24,Quebec,34000
2019,GMC,Sierra 1500,Elevation,8,Gasoline,93861.0,2025/09/24,Quebec,36400
2023,GMC,Sierra 1500,Pro,4,Gasoline,39949.0,2025/09/24,Ontario,39000
2024,GMC,Sierra 1500,Pro,8,Gasoline,23778.0,2025/09/24,Quebec,48200
2024,GMC,Sierra 1500,SLE,8,Gasoline,26725.0,2025/09/24,Alberta,48000
2022,GMC,Sierra 1500,Elevation,8,Gasoline,56110.0,2025/09/24,Ontario,52250
2023,GMC,Sierra 1500,Elevation,8,Gasoline,32887.0,2025/09/24,Quebec,59700
2023,GMC,Sierra 1500,Elevation,8,Gasoline,27050.0,2025/09/24,Quebec,61200
2023,GMC,Sierra 1500,AT4,6,Diesel,55016.0,2025/09/24,Quebec,63400
2024,GMC,Sierra 1500,Denali,8,Gasoline,25843.0,2025/09/24,Ontario,72750
2023,GMC,Sierra 1500,Denali,8,Gasoline,28004.0,2025/09/24,Ontario,64000
2025,GMC,Sierra 1500,Denali Ultimate,8,Gasoline,34173.0,2025/09/24,Quebec,85000
2023,GMC,Sierra 1500,Elevation,8,Gasoline,38027.0,2025/09/24,Quebec,47800
2023,GMC,Sierra 1500,Elevation,8,Gasoline,41797.0,2025/09/24,Ontario,43750
2023,GMC,Sierra 1500,Elevation,8,Gasoline,27566.0,2025/09/24,Quebec,50200
2023,GMC,Sierra 1500,Elevation,8,Gasoline,38095.0,2025/09/24,Quebec,48400
2023,GMC,Sierra 1500,Denali,6,Diesel,38871.0,2025/09/24,Ontario,51000
2023,GMC,Sierra 1500,Denali,8,Gasoline,43922.0,2025/09/24,Ontario,52000
2021,GMC,Sierra 1500,CREW CAB SHORT BED,6,Flex,177130.0,2025/09/24,Quebec,17200
2022,GMC,Sierra 1500,Pro,4,Gasoline,78219.0,2025/09/24,Quebec,31600
2023,GMC,Sierra 1500,Pro,4,Gasoline,50468.0,2025/09/24,Ontario,34000
2024,GMC,Sierra 1500,Elevation,4,Gasoline,35420.0,2025/09/24,Quebec,43500
2017,GMC,Sierra 1500,SLE,8,Gasoline,157183.0,2025/09/24,Quebec,21400
2018,GMC,Sierra 1500,Denali,8,Flex,195769.0,2025/09/24,Alberta,14100
2017,GMC,Sierra 1500,Denali,8,Flex,109313.0,2025/09/24,Ontario,19000
2023,GMC,Sierra 1500,Pro,8,Gasoline,29207.0,2025/09/24,Quebec,41000
2023,GMC,Sierra 1500,Pro,8,Gasoline,58714.0,2025/09/23,Ontario,40600
2023,GMC,Sierra 1500,SLE,8,Gasoline,147704.0,2025/09/23,Alberta,31250
2023,GMC,Sierra 1500,SLE,8,Gasoline,115485.0,2025/09/23,Alberta,37400
2017,GMC,Sierra 1500,"4WD DOUBLE CAB 143.5""",8,Gasoline,161469.0,2025/09/23,Nova Scotia,14400
2018,GMC,Sierra 1500,SLE,8,Gasoline,99420.0,2025/09/23,Alberta,22800
2017,GMC,Sierra 1500,SLE,8,Gasoline,156631.0,2025/09/23,Nova Scotia,17800
2022,GMC,Sierra 1500,AT4,6,Diesel,131554.0,2025/09/23,Alberta,41250
2019,GMC,Sierra 1500,REGULAR CAB LONG BED,6,Flex,103497.0,2025/09/23,Alberta,22500
2022,GMC,Sierra 1500,Pro,4,Gasoline,16847.0,2025/09/23,New Brunswick,36500
2022,GMC,Sierra 1500,Elevation,4,Gasoline,104608.0,2025/09/23,Alberta,35900
2018,GMC,Sierra 1500,CREW CAB SHORT BED,8,Gasoline,105686.0,2025/09/23,Alberta,20000
2018,GMC,Sierra 1500,SLE,8,Gasoline,205132.0,2025/09/23,Alberta,12100
2018,GMC,Sierra 1500,"4WD DOUBLE CAB 143.5""",8,Gasoline,164797.0,2025/09/22,Ontario,13500
2022,GMC,Sierra 1500,AT4,6,Diesel,82150.0,2025/09/22,Ontario,55500
2018,GMC,Sierra 1500,SLT,8,Gasoline,125458.0,2025/09/22,Saskatchewan,25000
2023,GMC,Sierra 1500,AT4,8,Gasoline,119537.0,2025/09/22,Alberta,52000
2024,GMC,Sierra 1500,Denali Ultimate,8,Gasoline,27200.0,2025/09/22,Manitoba,83000
2015,GMC,Sierra 1500,SLE,8,Gasoline,199653.0,2025/09/22,Manitoba,13300
2020,GMC,Sierra 1500,Denali,8,Gasoline,186507.0,2025/09/22,Ontario,30900
2020,GMC,Sierra 1500,4WD CREW CAB,8,Gasoline,188493.0,2025/09/22,New Brunswick,21300
2021,GMC,Sierra 1500,Elevation,8,Gasoline,77575.0,2025/09/22,Ontario,39600
2017,GMC,Sierra 1500,SLE,8,Gasoline,191277.0,2025/09/22,Ontario,11100
2019,GMC,Sierra 1500,Elevation,8,Gasoline,105997.0,2025/09/22,Ontario,36100
2019,GMC,Sierra 1500,Elevation,8,Gasoline,83354.0,2025/09/22,Quebec,36100
2022,GMC,Sierra 1500,SLE,4,Gasoline,52240.0,2025/09/22,Ontario,37000
2023,GMC,Sierra 1500,Pro,8,Gasoline,46044.0,2025/09/22,Quebec,43000
2023,GMC,Sierra 1500,Pro,4,Gasoline,43955.0,2025/09/22,Quebec,41500
2017,GMC,Sierra 1500,SLE,8,Gasoline,209903.0,2025/09/20,Ontario,12100
2022,GMC,Sierra 1500,AT4,8,Gasoline,85107.0,2025/09/20,Alberta,53300
2016,GMC,Sierra 1500,SLE,8,Gasoline,128629.0,2025/09/20,Ontario,20300
2017,GMC,Sierra 1500,SLE,8,Gasoline,159951.0,2025/09/20,Ontario,15800
2014,GMC,Sierra 1500,REGULAR CAB STD BED,8,Flex,89779.0,2025/09/20,British Columbia,15700
2018,GMC,Sierra 1500,SLE,8,Gasoline,155161.0,2025/09/19,Quebec,23500
2024,GMC,Sierra 1500,Elevation,6,Diesel,15359.0,2025/09/19,Ontario,61800
2023,GMC,Sierra 1500,SLE,4,Gasoline,52173.0,2025/09/19,Ontario,40000
2022,GMC,Sierra 1500,Pro,8,Gasoline,113262.0,2025/09/19,Ontario,28800
2014,GMC,Sierra 1500,SLE,8,Flex,100625.0,2025/09/19,Ontario,16800
2019,GMC,Sierra 1500,Denali,8,Gasoline,184674.0,2025/09/19,Saskatchewan,32750
2019,GMC,Sierra 1500,Elevation,8,Gasoline,87041.0,2025/09/19,Saskatchewan,36000
2019,GMC,Sierra 1500,AT4,8,Gasoline,215872.0,2025/09/19,Saskatchewan,30500
2023,GMC,Sierra 1500,AT4,6,Diesel,76087.0,2025/09/19,Saskatchewan,58000
2023,GMC,Sierra 1500,Denali,8,Gasoline,66363.0,2025/09/19,Manitoba,54300
2018,GMC,Sierra 1500,CREW CAB STD BED,8,Gasoline,166978.0,2025/09/19,Newfoundland and Labrador,14000
2018,GMC,Sierra 1500,Denali,8,Gasoline,169872.0,2025/09/19,Ontario,22000
2021,GMC,Sierra 1500,AT4,6,Diesel,105271.0,2025/09/18,Ontario,46600
2019,GMC,Sierra 1500,Elevation,8,Gasoline,100663.0,2025/09/18,Nova Scotia,35400
2022,GMC,Sierra 1500,SLT,8,Gasoline,55115.0,2025/09/18,Nova Scotia,51300
2014,GMC,Sierra 1500,SLE,8,Flex,163741.0,2025/09/18,Ontario,9600
2018,GMC,Sierra 1500,SLE,8,Gasoline,117036.0,2025/09/18,Ontario,26100
2022,GMC,Sierra 1500,AT4,6,Diesel,79688.0,2025/09/18,Ontario,51900
2020,GMC,Sierra 1500,Denali,8,Gasoline,190490.0,2025/09/18,Ontario,30600
2021,GMC,Sierra 1500,SLE,8,Gasoline,54348.0,2025/09/18,Ontario,36000
2020,GMC,Sierra 1500,Elevation,8,Gasoline,179280.0,2025/09/18,Ontario,22000
2021,GMC,Sierra 1500,Elevation,8,Gasoline,83281.0,2025/09/18,Ontario,42750
2020,GMC,Sierra 1500,Elevation,8,Gasoline,69003.0,2025/09/18,Ontario,42750
2021,GMC,Sierra 1500,Elevation,8,Gasoline,83129.0,2025/09/18,Ontario,39600
2022,GMC,Sierra 1500,SLE,8,Gasoline,76072.0,2025/09/18,Ontario,38000
2022,GMC,Sierra 1500,SLE,8,Gasoline,60715.0,2025/09/18,Ontario,41500
2023,GMC,Sierra 1500,AT4,6,Diesel,58364.0,2025/09/18,Ontario,64500
2024,GMC,Sierra 1500,Denali,8,Gasoline,56334.0,2025/09/18,Ontario,69500
2022,GMC,Sierra 1500,Denali,6,Diesel,90137.0,2025/09/18,Ontario,57750
2017,GMC,Sierra 1500,SLE,8,Gasoline,148770.0,2025/09/18,Ontario,18800
2024,GMC,Sierra 1500,Elevation,8,Gasoline,53181.0,2025/09/18,Ontario,53500
2022,GMC,Sierra 1500,Pro,4,Gasoline,39815.0,2025/09/18,New Brunswick,36500
2018,GMC,Sierra 1500,SLT,8,Gasoline,193295.0,2025/09/18,Ontario,20100
2017,GMC,Sierra 1500,Denali,8,Flex,176528.0,2025/09/18,British Columbia,26100
2021,GMC,Sierra 1500,AT4,8,Gasoline,120122.0,2025/09/17,Ontario,44400
2016,GMC,Sierra 1500,Denali,8,Flex,249558.0,2025/09/17,Quebec,13000
2020,GMC,Sierra 1500,Elevation,8,Gasoline,129000.0,2025/09/17,New Brunswick,35400
2015,GMC,Sierra 1500,4WD CREW CAB,8,Gasoline,110566.0,2025/09/17,Manitoba,14000
2023,GMC,Sierra 1500,Denali Ultimate,8,Gasoline,45265.0,2025/09/17,Manitoba,72400
2017,GMC,Sierra 1500,SLE,8,Gasoline,198799.0,2025/09/17,Manitoba,13900
2022,GMC,Sierra 1500,Denali,6,Diesel,40954.0,2025/09/17,Ontario,60700
2020,GMC,Sierra 1500,Denali,8,Gasoline,42158.0,2025/09/17,Quebec,55250
2024,GMC,Sierra 1500,Pro,4,Gasoline,41232.0,2025/09/17,Quebec,40600
2023,GMC,Sierra 1500,Pro,4,Gasoline,18554.0,2025/09/17,Ontario,42750
2023,GMC,Sierra 1500,Pro,4,Gasoline,26606.0,2025/09/17,Ontario,38000
2020,GMC,Sierra 1500,"4WD DOUBLE CAB 147""",8,Gasoline,236216.0,2025/09/17,Quebec,14800
2020,GMC,Sierra 1500,AT4,8,Gasoline,132661.0,2025/09/17,Ontario,41750
2021,GMC,Sierra 1500,AT4,8,Gasoline,69014.0,2025/09/17,Quebec,50400
2023,GMC,Sierra 1500,Pro,4,Gasoline,16732.0,2025/09/17,Quebec,43400
2023,GMC,Sierra 1500,Pro,4,Gasoline,32833.0,2025/09/17,Quebec,42000
2023,GMC,Sierra 1500,Pro,4,Gasoline,23812.0,2025/09/17,Quebec,42800
2023,GMC,Sierra 1500,Pro,4,Gasoline,89319.0,2025/09/17,Quebec,32600
2024,GMC,Sierra 1500,Pro,8,Gasoline,26647.0,2025/09/17,Ontario,47250
2023,GMC,Sierra 1500,Elevation,8,Gasoline,30742.0,2025/09/17,Quebec,54000
2022,GMC,Sierra 1500,Elevation,8,Gasoline,60627.0,2025/09/17,Quebec,54000
2023,GMC,Sierra 1500,Elevation,8,Gasoline,59441.0,2025/09/17,Quebec,54600
2022,GMC,Sierra 1500,Elevation,6,Diesel,64718.0,2025/09/17,Quebec,54750
2023,GMC,Sierra 1500,AT4,8,Gasoline,39346.0,2025/09/17,Alberta,63600
2023,GMC,Sierra 1500,AT4,8,Gasoline,43692.0,2025/09/17,Quebec,66500
2022,GMC,Sierra 1500,AT4,6,Diesel,49941.0,2025/09/17,Quebec,61250
2023,GMC,Sierra 1500,Denali,8,Gasoline,45386.0,2025/09/17,Ontario,65500
2024,GMC,Sierra 1500,Denali Ultimate,8,Gasoline,27251.0,2025/09/17,Ontario,81750
2022,GMC,Sierra 1500,Denali Ultimate,8,Gasoline,48641.0,2025/09/17,Quebec,72250
2021,GMC,Sierra 1500,Elevation,8,Gasoline,90299.0,2025/09/17,Quebec,38250
2022,GMC,Sierra 1500,Elevation,6,Diesel,53220.0,2025/09/17,Quebec,50500
2023,GMC,Sierra 1500,Elevation,6,Diesel,57187.0,2025/09/17,Quebec,46800
2023,GMC,Sierra 1500,Elevation,8,Gasoline,18065.0,2025/09/17,Quebec,48400
2023,GMC,Sierra 1500,Elevation,8,Gasoline,44731.0,2025/09/17,Quebec,46800
2023,GMC,Sierra 1500,Elevation,8,Gasoline,29471.0,2025/09/17,Alberta,48000
2023,GMC,Sierra 1500,Elevation,8,Gasoline,37592.0,2025/09/17,Quebec,44500
2024,GMC,Sierra 1500,Elevation,8,Gasoline,34770.0,2025/09/17,Quebec,50400
2023,GMC,Sierra 1500,Elevation,8,Gasoline,61170.0,2025/09/17,Quebec,44200
2024,GMC,Sierra 1500,Elevation,8,Gasoline,42610.0,2025/09/17,Quebec,51800
2023,GMC,Sierra 1500,Elevation,8,Gasoline,46597.0,2025/09/17,Ontario,45250
2023,GMC,Sierra 1500,Elevation,8,Gasoline,33471.0,2025/09/17,Quebec,48000
2023,GMC,Sierra 1500,Elevation,8,Gasoline,57313.0,2025/09/17,Quebec,45600
2023,GMC,Sierra 1500,Elevation,8,Gasoline,73624.0,2025/09/17,Ontario,47000
2023,GMC,Sierra 1500,Elevation,8,Gasoline,30511.0,2025/09/17,Ontario,49750
2023,GMC,Sierra 1500,Elevation,8,Gasoline,48340.0,2025/09/17,Quebec,43000
2023,GMC,Sierra 1500,AT4X,8,Gasoline,30519.0,2025/09/17,Alberta,66800
2023,GMC,Sierra 1500,Denali,6,Diesel,52403.0,2025/09/17,Ontario,57000
2023,GMC,Sierra 1500,Denali,8,Gasoline,56100.0,2025/09/17,Ontario,53250
2023,GMC,Sierra 1500,Denali,8,Gasoline,54944.0,2025/09/17,Ontario,57500
2023,GMC,Sierra 1500,Denali,8,Gasoline,36773.0,2025/09/17,Quebec,56200
2023,GMC,Sierra 1500,Pro,4,Gasoline,29904.0,2025/09/17,Ontario,36250
2023,GMC,Sierra 1500,Pro,4,Gasoline,21614.0,2025/09/17,Quebec,36200
2022,GMC,Sierra 1500,Pro,4,Gasoline,46059.0,2025/09/17,Quebec,36400
2022,GMC,Sierra 1500,Pro,4,Gasoline,25494.0,2025/09/17,Ontario,36500
2022,GMC,Sierra 1500,AT4,8,Gasoline,97095.0,2025/09/17,Quebec,43250
2017,GMC,Sierra 1500,SLE,8,Gasoline,104481.0,2025/09/17,Alberta,19100
2018,GMC,Sierra 1500,SLE,8,Gasoline,105807.0,2025/09/17,Quebec,25400
2018,GMC,Sierra 1500,SLT,8,Gasoline,202869.0,2025/09/17,Ontario,17500
2018,GMC,Sierra 1500,Denali,8,Flex,138665.0,2025/09/17,Alberta,24500
2021,GMC,Sierra 1500,Elevation,8,Gasoline,192889.0,2025/09/17,Nova Scotia,25200
2022,GMC,Sierra 1500,Pro,8,Gasoline,109862.0,2025/09/17,Quebec,29400
2023,GMC,Sierra 1500,SLE,8,Gasoline,76658.0,2025/09/17,Ontario,37750
2022,GMC,Sierra 1500,SLE,6,Diesel,114373.0,2025/09/17,Ontario,32000
2023,GMC,Sierra 1500,Denali Ultimate,8,Gasoline,54500.0,2025/09/16,Quebec,75000
2024,GMC,Sierra 1500,Denali,6,Diesel,64575.0,2025/09/16,Ontario,68500
2023,GMC,Sierra 1500,Elevation,8,Gasoline,21060.0,2025/09/16,Quebec,54700
2020,GMC,Sierra 1500,AT4,8,Gasoline,105896.0,2025/09/16,Ontario,49100
2023,GMC,Sierra 1500,Elevation,6,Diesel,58234.0,2025/09/16,Ontario,56600
2021,GMC,Sierra 1500,SLE,8,Gasoline,175805.0,2025/09/16,Alberta,22900
2020,GMC,Sierra 1500,Elevation,8,Gasoline,155741.0,2025/09/16,Alberta,35250
2018,GMC,Sierra 1500,REGULAR CAB LONG BED,6,Flex,90177.0,2025/09/16,Nova Scotia,16500
2020,GMC,Sierra 1500,AT4,8,Gasoline,142151.0,2025/09/16,Alberta,42250
2018,GMC,Sierra 1500,Other,8,Gasoline,208752.0,2025/09/16,Alberta,13700
2017,GMC,Sierra 1500,SLE,8,Gasoline,241547.0,2025/09/16,Alberta,9800
2017,GMC,Sierra 1500,SLE,8,Gasoline,179893.0,2025/09/16,Nova Scotia,16000
2018,GMC,Sierra 1500,SLE,8,Gasoline,115919.0,2025/09/16,Alberta,26600
2017,GMC,Sierra 1500,SLE,8,Gasoline,116872.0,2025/09/16,Nova Scotia,21200
2023,GMC,Sierra 1500,SLE,8,Gasoline,108317.0,2025/09/16,Alberta,32000
2024,GMC,Sierra 1500,SLE,8,Gasoline,116943.0,2025/09/16,Alberta,35200
2017,GMC,Sierra 1500,"4WD DOUBLE CAB 143.5""",8,Gasoline,120799.0,2025/09/15,British Columbia,20500
2023,GMC,Sierra 1500,Pro,4,Gasoline,72649.0,2025/09/15,Ontario,34000
2021,GMC,Sierra 1500,AT4,6,Diesel,140225.0,2025/09/15,Quebec,40000
2021,GMC,Sierra 1500,Elevation,6,Diesel,52107.0,2025/09/15,British Columbia,44600
2016,GMC,Sierra 1500,Denali,8,Gasoline,193449.0,2025/09/15,Manitoba,10700
2021,GMC,Sierra 1500,Elevation,6,Diesel,110317.0,2025/09/15,Ontario,37000
2019,GMC,Sierra 1500,Denali,8,Gasoline,101070.0,2025/09/15,Ontario,43500
2025,GMC,Sierra 1500,AT4,6,Diesel,23461.0,2025/09/15,Alberta,71300
2022,GMC,Sierra 1500,Elevation,4,Gasoline,88621.0,2025/09/15,Ontario,41900
2019,GMC,Sierra 1500,AT4,8,Gasoline,166341.0,2025/09/15,Alberta,35000
2021,GMC,Sierra 1500,Elevation,6,Diesel,90608.0,2025/09/15,Ontario,38800
2022,GMC,Sierra 1500,AT4,6,Diesel,82899.0,2025/09/15,Quebec,48000
2021,GMC,Sierra 1500,"4WD DOUBLE CAB 147""",8,Gasoline,72730.0,2025/09/15,Ontario,32500
2015,GMC,Sierra 1500,SLE,8,Gasoline,75649.0,2025/09/15,Ontario,21800
2021,GMC,Sierra 1500,Elevation,6,Diesel,65687.0,2025/09/15,Ontario,42000
2023,GMC,Sierra 1500,Pro,8,Gasoline,59861.0,2025/09/15,Ontario,43500
2017,GMC,Sierra 1500,SLT,8,Gasoline,165181.0,2025/09/15,Newfoundland and Labrador,15500
2018,GMC,Sierra 1500,Denali,8,Flex,113151.0,2025/09/13,Alberta,36000
2021,GMC,Sierra 1500,Elevation,8,Gasoline,120111.0,2025/09/13,Ontario,33100
2024,GMC,Sierra 1500,AT4,6,Diesel,75368.0,2025/09/13,Alberta,63800
2021,GMC,Sierra 1500,Elevation,8,Gasoline,153000.0,2025/09/13,Ontario,30600
2021,GMC,Sierra 1500,Denali,8,Gasoline,85273.0,2025/09/13,New Brunswick,50600
2020,GMC,Sierra 1500,4WD Crew Cab,8,Gasoline,246742.0,2025/09/12,Ontario,13000
2020,GMC,Sierra 1500,Elevation,8,Gasoline,115770.0,2025/09/12,Ontario,36600
2024,GMC,Sierra 1500,AT4,6,Diesel,32185.0,2025/09/12,Alberta,68100
2025,GMC,Sierra 1500,Elevation,8,Gasoline,19265.0,2025/09/12,Quebec,57800
2019,GMC,Sierra 1500,SLE,8,Gasoline,190279.0,2025/09/12,British Columbia,15000
2021,GMC,Sierra 1500,AT4,8,Gasoline,191628.0,2025/09/12,Newfoundland and Labrador,30600
2022,GMC,Sierra 1500,Pro,4,Gasoline,45158.0,2025/09/12,Newfoundland and Labrador,36000
2022,GMC,Sierra 1500,AT4,6,Diesel,125918.0,2025/09/12,Saskatchewan,48250
2022,GMC,Sierra 1500,SLE,6,Diesel,45663.0,2025/09/12,Newfoundland and Labrador,41500
2015,GMC,Sierra 1500,SLT,8,Gasoline,239368.0,2025/09/12,Saskatchewan,11700
2021,GMC,Sierra 1500,Elevation,6,Diesel,141625.0,2025/09/11,Nova Scotia,33000
2020,GMC,Sierra 1500,SLE,8,Gasoline,95185.0,2025/09/11,Ontario,37600
2019,GMC,Sierra 1500,Denali,8,Gasoline,47782.0,2025/09/11,Ontario,52100
2023,GMC,Sierra 1500,AT4,8,Gasoline,74457.0,2025/09/11,Ontario,61200
2021,GMC,Sierra 1500,AT4,6,Diesel,22378.0,2025/09/11,Ontario,58500
2024,GMC,Sierra 1500,SLE,4,Gasoline,23216.0,2025/09/11,Manitoba,44000
2020,GMC,Sierra 1500,SLE,8,Gasoline,207322.0,2025/09/11,Ontario,19100
2023,GMC,Sierra 1500,Elevation,6,Diesel,66246.0,2025/09/11,Ontario,54500
2022,GMC,Sierra 1500,Elevation,8,Gasoline,45661.0,2025/09/11,Ontario,56000
2022,GMC,Sierra 1500,Elevation,8,Gasoline,44357.0,2025/09/11,Ontario,54400
2023,GMC,Sierra 1500,AT4,8,Gasoline,41625.0,2025/09/11,Ontario,58500
2017,GMC,Sierra 1500,"4WD DOUBLE CAB 143.5""",6,Flex,152556.0,2025/09/11,Ontario,16500
2024,GMC,Sierra 1500,AT4X CREW CAB SHORT BED,8,Gasoline,33095.0,2025/09/11,Ontario,67600
2022,GMC,Sierra 1500,AT4,8,Gasoline,47429.0,2025/09/11,Quebec,52000
2014,GMC,Sierra 1500,SLT,8,Flex,131625.0,2025/09/11,Manitoba,15600
2019,GMC,Sierra 1500,Elevation,8,Gasoline,122318.0,2025/09/10,British Columbia,30600
2022,GMC,Sierra 1500,Elevation,8,Gasoline,98218.0,2025/09/10,Alberta,32300
2022,GMC,Sierra 1500,Elevation,8,Gasoline,37495.0,2025/09/10,Ontario,55700
2024,GMC,Sierra 1500,Elevation,6,Diesel,35500.0,2025/09/10,Ontario,58500
2014,GMC,Sierra 1500,SLE,8,Flex,85115.0,2025/09/10,Ontario,14000
2017,GMC,Sierra 1500,Denali,8,Flex,81112.0,2025/09/10,Ontario,30800
2017,GMC,Sierra 1500,"4WD Double Cab 143.5""",8,Gasoline,159088.0,2025/09/10,Ontario,14900
2021,GMC,Sierra 1500,Denali,8,Gasoline,151535.0,2025/09/10,Ontario,37750
2023,GMC,Sierra 1500,Pro,8,Gasoline,35864.0,2025/09/10,Quebec,44200
2024,GMC,Sierra 1500,Pro,4,Gasoline,21816.0,2025/09/10,Quebec,43500
2023,GMC,Sierra 1500,Pro,4,Gasoline,26281.0,2025/09/10,Ontario,42000
2023,GMC,Sierra 1500,Pro,4,Gasoline,34698.0,2025/09/10,Quebec,40800
2023,GMC,Sierra 1500,Pro,4,Gasoline,37098.0,2025/09/10,Quebec,41000
2015,GMC,Sierra 1500,"2WD DOUBLE CAB 143.5""",6,Flex,160081.0,2025/09/10,Alberta,10300
2023,GMC,Sierra 1500,Pro,8,Gasoline,57716.0,2025/09/10,Ontario,39500
2023,GMC,Sierra 1500,Pro,4,Gasoline,72640.0,2025/09/10,Quebec,32800
2019,GMC,Sierra 1500,SLE,8,Gasoline,194578.0,2025/09/10,Quebec,22900
2021,GMC,Sierra 1500,Elevation,4,Gasoline,127585.0,2025/09/10,Alberta,33500
2020,GMC,Sierra 1500,AT4,8,Gasoline,78701.0,2025/09/10,Ontario,53000
2024,GMC,Sierra 1500,Pro,4,Gasoline,82882.0,2025/09/10,Quebec,36700
2023,GMC,Sierra 1500,Pro,4,Gasoline,29578.0,2025/09/10,Quebec,40400
2023,GMC,Sierra 1500,Pro,4,Gasoline,28269.0,2025/09/10,Quebec,42000
2023,GMC,Sierra 1500,Pro,4,Gasoline,32902.0,2025/09/10,Quebec,41000
2024,GMC,Sierra 1500,Elevation,6,Diesel,44381.0,2025/09/10,Quebec,58750
2024,GMC,Sierra 1500,Elevation,8,Gasoline,32839.0,2025/09/10,Ontario,57500
2023,GMC,Sierra 1500,SLT,8,Gasoline,111400.0,2025/09/10,Ontario,47750
2025,GMC,Sierra 1500,AT4,6,Diesel,32527.0,2025/09/10,Alberta,73750
2023,GMC,Sierra 1500,AT4,8,Gasoline,62010.0,2025/09/10,Quebec,64750
2023,GMC,Sierra 1500,Denali,8,Gasoline,32676.0,2025/09/10,Ontario,69500
2024,GMC,Sierra 1500,Denali Ultimate,6,Diesel,41410.0,2025/09/10,Quebec,82000
2023,GMC,Sierra 1500,Denali Ultimate,8,Gasoline,57481.0,2025/09/10,Quebec,72000
2023,GMC,Sierra 1500,Denali Ultimate,8,Gasoline,20273.0,2025/09/10,Ontario,77000
2021,GMC,Sierra 1500,SLE,6,Diesel,195454.0,2025/09/10,Ontario,21000
2023,GMC,Sierra 1500,Elevation,8,Gasoline,31054.0,2025/09/10,Ontario,47500
2024,GMC,Sierra 1500,Elevation,8,Gasoline,30887.0,2025/09/10,Alberta,51200
2023,GMC,Sierra 1500,Elevation,8,Gasoline,68417.0,2025/09/10,Ontario,42750
2023,GMC,Sierra 1500,Elevation,8,Gasoline,37924.0,2025/09/10,Ontario,47000
2023,GMC,Sierra 1500,Denali,8,Gasoline,44919.0,2025/09/10,Ontario,55750
2023,GMC,Sierra 1500,Denali,8,Gasoline,45741.0,2025/09/10,Quebec,54000
2023,GMC,Sierra 1500,Pro,4,Gasoline,28693.0,2025/09/10,Ontario,35750
2023,GMC,Sierra 1500,Pro,4,Gasoline,39847.0,2025/09/10,Ontario,35750
2022,GMC,Sierra 1500,SLE,4,Gasoline,57546.0,2025/09/10,Ontario,33000
2023,GMC,Sierra 1500,Elevation,4,Gasoline,26163.0,2025/09/10,Quebec,44500
2022,GMC,Sierra 1500,AT4,8,Gasoline,87109.0,2025/09/10,Quebec,43400
2015,GMC,Sierra 1500,SLE,8,Gasoline,105047.0,2025/09/10,Quebec,17200
2021,GMC,Sierra 1500,SLE,8,Gasoline,215852.0,2025/09/10,Ontario,16250
2021,GMC,Sierra 1500,Elevation,6,Diesel,116719.0,2025/09/10,Quebec,28600
2023,GMC,Sierra 1500,Pro,8,Gasoline,41597.0,2025/09/10,Quebec,38400
2023,GMC,Sierra 1500,Pro,8,Gasoline,28696.0,2025/09/10,Quebec,42000
2023,GMC,Sierra 1500,SLE,8,Gasoline,30297.0,2025/09/10,Ontario,44000
2022,GMC,Sierra 1500,SLE,6,Diesel,112864.0,2025/09/10,Ontario,33500
2023,GMC,Sierra 1500,SLT,8,Gasoline,94404.0,2025/09/09,Alberta,47300
2024,GMC,Sierra 1500,AT4,8,Gasoline,38335.0,2025/09/09,Alberta,68100
2017,GMC,Sierra 1500,SLE,8,Gasoline,147542.0,2025/09/09,Alberta,13400
2024,GMC,Sierra 1500,Denali Ultimate,6,Diesel,45835.0,2025/09/09,Alberta,82000
2024,GMC,Sierra 1500,AT4,6,Diesel,56479.0,2025/09/09,Alberta,63800
2024,GMC,Sierra 1500,AT4,8,Gasoline,32506.0,2025/09/09,Alberta,65500
2023,GMC,Sierra 1500,AT4,8,Gasoline,26756.0,2025/09/09,Ontario,58500
2023,GMC,Sierra 1500,Pro,4,Gasoline,53102.0,2025/09/09,Nova Scotia,38000
2022,GMC,Sierra 1500,AT4,8,Gasoline,35828.0,2025/09/09,Alberta,59900
2020,GMC,Sierra 1500,SLE,8,Gasoline,117635.0,2025/09/09,Alberta,26200
2023,GMC,Sierra 1500,SLE,8,Gasoline,108228.0,2025/09/09,Alberta,38500
2022,GMC,Sierra 1500,Elevation,8,Gasoline,86292.0,2025/09/09,Nova Scotia,46000
2024,GMC,Sierra 1500,AT4,8,Gasoline,81491.0,2025/09/09,Alberta,59000
2017,GMC,Sierra 1500,SLT,8,Gasoline,184229.0,2025/09/09,Alberta,17000
2017,GMC,Sierra 1500,Denali,8,Flex,242974.0,2025/09/09,Alberta,14500
2024,GMC,Sierra 1500,SLE,8,Gasoline,40919.0,2025/09/09,Alberta,44500
2022,GMC,Sierra 1500,Denali,8,Gasoline,32452.0,2025/09/08,Manitoba,62200
2018,GMC,Sierra 1500,2WD Reg Cab,6,Flex,25234.0,2025/09/08,Ontario,19000
2023,GMC,Sierra 1500,AT4X,8,Gasoline,102753.0,2025/09/08,Manitoba,55000
2021,GMC,Sierra 1500,Elevation,8,Gasoline,107679.0,2025/09/08,British Columbia,39400
2018,GMC,Sierra 1500,Denali,8,Gasoline,133962.0,2025/09/08,British Columbia,32200
2017,GMC,Sierra 1500,SLE,8,Gasoline,241542.0,2025/09/08,Ontario,9600
2023,GMC,Sierra 1500,Denali,8,Gasoline,128751.0,2025/09/08,Alberta,53000
2016,GMC,Sierra 1500,"2WD DOUBLE CAB 143.5""",6,Flex,186046.0,2025/09/08,Manitoba,10100
2015,GMC,Sierra 1500,SLE,8,Gasoline,210813.0,2025/09/08,Ontario,11000
2019,GMC,Sierra 1500,Elevation,8,Gasoline,160758.0,2025/09/08,Nova Scotia,29800
2024,GMC,Sierra 1500,Denali,8,Gasoline,81537.0,2025/09/08,Ontario,65800
2019,GMC,Sierra 1500,Elevation,8,Gasoline,107920.0,2025/09/06,Ontario,33700
2015,GMC,Sierra 1500,"4WD Double Cab 143.5""",8,Gasoline,159433.0,2025/09/06,Alberta,13900
2022,GMC,Sierra 1500,Denali,8,Gasoline,68693.0,2025/09/06,Ontario,53400
2020,GMC,Sierra 1500,Denali,8,Gasoline,30736.0,2025/09/06,Nova Scotia,51900
2020,GMC,Sierra 1500,"2WD DOUBLE CAB 147""",6,Flex,98392.0,2025/09/06,British Columbia,17000
2024,GMC,Sierra 1500,AT4,8,Gasoline,23955.0,2025/09/05,Nova Scotia,73600
2017,GMC,Sierra 1500,SLE,8,Gasoline,237972.0,2025/09/05,Alberta,10100
2021,GMC,Sierra 1500,Denali,8,Gasoline,71000.0,2025/09/05,Alberta,52000
2019,GMC,Sierra 1500,Denali,8,Gasoline,190097.0,2025/09/05,Ontario,27900
2023,GMC,Sierra 1500,Elevation,4,Gasoline,123105.0,2025/09/05,Saskatchewan,38000
2020,GMC,Sierra 1500,Elevation,4,Gasoline,93324.0,2025/09/05,Saskatchewan,32100
2019,GMC,Sierra 1500,AT4,8,Gasoline,147323.0,2025/09/05,Saskatchewan,38000
2023,GMC,Sierra 1500,Denali,8,Gasoline,78731.0,2025/09/05,Saskatchewan,60600
2017,GMC,Sierra 1500,"4WD DOUBLE CAB 143.5""",8,Gasoline,178538.0,2025/09/05,Newfoundland and Labrador,9200
2023,GMC,Sierra 1500,Elevation,8,Gasoline,80425.0,2025/09/05,Saskatchewan,44000
2015,GMC,Sierra 1500,SLE,8,Gasoline,119643.0,2025/09/05,Saskatchewan,14600
2021,GMC,Sierra 1500,Elevation,6,Diesel,107207.0,2025/09/05,Newfoundland and Labrador,34500
2024,GMC,Sierra 1500,Denali,6,Diesel,35263.0,2025/09/04,British Columbia,68000
2023,GMC,Sierra 1500,Elevation,4,Gasoline,42247.0,2025/09/04,Ontario,48200
2023,GMC,Sierra 1500,Elevation,6,Diesel,66245.0,2025/09/04,Quebec,54700
2017,GMC,Sierra 1500,SLE,8,Gasoline,215828.0,2025/09/04,Ontario,13700
2021,GMC,Sierra 1500,Denali,8,Gasoline,42610.0,2025/09/04,New Brunswick,49200
2020,GMC,Sierra 1500,Denali,8,Gasoline,115969.0,2025/09/04,Ontario,46000
2024,GMC,Sierra 1500,Pro,8,Gasoline,26352.0,2025/09/04,Ontario,45200
2023,GMC,Sierra 1500,Pro,8,Gasoline,59858.0,2025/09/04,Quebec,41600
2024,GMC,Sierra 1500,Pro,8,Gasoline,25652.0,2025/09/04,Ontario,45250
2021,GMC,Sierra 1500,SLE,8,Gasoline,153972.0,2025/09/04,Ontario,26000
2020,GMC,Sierra 1500,Elevation,8,Gasoline,74476.0,2025/09/04,British Columbia,39500
2020,GMC,Sierra 1500,CREW CAB STD BED,4,Gasoline,114761.0,2025/09/04,Quebec,28800
2021,GMC,Sierra 1500,Elevation,4,Gasoline,82833.0,2025/09/04,Ontario,39750
2021,GMC,Sierra 1500,AT4,8,Gasoline,246969.0,2025/09/04,Ontario,26750
2023,GMC,Sierra 1500,Elevation,8,Gasoline,47812.0,2025/09/04,New Brunswick,55200
2023,GMC,Sierra 1500,AT4,6,Diesel,58277.0,2025/09/04,British Columbia,67000
2023,GMC,Sierra 1500,Denali Ultimate,8,Gasoline,71885.0,2025/09/04,Ontario,68500
2023,GMC,Sierra 1500,AT4,6,Diesel,55148.0,2025/09/04,Quebec,58000
2023,GMC,Sierra 1500,Elevation,4,Gasoline,92025.0,2025/09/04,British Columbia,42000
2022,GMC,Sierra 1500,AT4,8,Gasoline,92499.0,2025/09/03,British Columbia,55800
2020,GMC,Sierra 1500,4WD Crew Cab,4,Gasoline,89536.0,2025/09/03,Nova Scotia,32500
2019,GMC,Sierra 1500,SLE,8,Gasoline,87000.0,2025/09/03,New Brunswick,35600
2016,GMC,Sierra 1500,SLE,8,Gasoline,155669.0,2025/09/03,Newfoundland and Labrador,13000
2023,GMC,Sierra 1500,Denali,8,Gasoline,38698.0,2025/09/03,Ontario,64000
2017,GMC,Sierra 1500,SLE,8,Gasoline,161876.0,2025/09/03,Ontario,21000
2023,GMC,Sierra 1500,Pro,8,Gasoline,39645.0,2025/09/03,Quebec,44100
2023,GMC,Sierra 1500,Pro,4,Gasoline,51623.0,2025/09/03,Ontario,40200
2023,GMC,Sierra 1500,Pro,4,Gasoline,35731.0,2025/09/03,Quebec,42600
2021,GMC,Sierra 1500,Elevation,6,Diesel,61507.0,2025/09/03,Ontario,46000
2020,GMC,Sierra 1500,Elevation,6,Diesel,162828.0,2025/09/03,Alberta,28400
2021,GMC,Sierra 1500,Elevation,6,Diesel,65680.0,2025/09/03,Quebec,42500
2023,GMC,Sierra 1500,Pro,8,Gasoline,40076.0,2025/09/03,Ontario,38000
2023,GMC,Sierra 1500,Elevation,4,Gasoline,43534.0,2025/09/03,Ontario,43500
2021,GMC,Sierra 1500,"4WD DOUBLE CAB 147""",8,Gasoline,92883.0,2025/09/03,Quebec,30200
2021,GMC,Sierra 1500,AT4,8,Gasoline,99278.0,2025/09/03,Ontario,49000
2021,GMC,Sierra 1500,AT4,8,Gasoline,145055.0,2025/09/03,Ontario,41500
2020,GMC,Sierra 1500,AT4,8,Gasoline,78697.0,2025/09/03,Quebec,54400
2023,GMC,Sierra 1500,Pro,4,Gasoline,38314.0,2025/09/03,Quebec,39600
2024,GMC,Sierra 1500,Pro,4,Gasoline,27028.0,2025/09/03,Quebec,45800
2024,GMC,Sierra 1500,Pro,4,Gasoline,24536.0,2025/09/03,Quebec,45300
2022,GMC,Sierra 1500,Pro,4,Gasoline,42325.0,2025/09/03,Quebec,38000
2023,GMC,Sierra 1500,Pro,4,Gasoline,45547.0,2025/09/03,Quebec,36800
2023,GMC,Sierra 1500,Pro,4,Gasoline,55480.0,2025/09/03,Ontario,38000
2023,GMC,Sierra 1500,Pro,4,Gasoline,39944.0,2025/09/03,Quebec,40300
2023,GMC,Sierra 1500,Pro,4,Gasoline,41095.0,2025/09/03,Ontario,40500
2023,GMC,Sierra 1500,Pro,8,Gasoline,90064.0,2025/09/03,Alberta,39100
2024,GMC,Sierra 1500,Elevation,6,Diesel,67801.0,2025/09/03,Quebec,54250
2024,GMC,Sierra 1500,Elevation,6,Diesel,57495.0,2025/09/03,Ontario,56250
2023,GMC,Sierra 1500,Elevation,8,Gasoline,38811.0,2025/09/03,Alberta,57750
2022,GMC,Sierra 1500,Elevation,8,Gasoline,82271.0,2025/09/03,Quebec,50600
2023,GMC,Sierra 1500,Elevation,8,Gasoline,118557.0,2025/09/03,Alberta,44600
2022,GMC,Sierra 1500,Elevation,6,Diesel,67874.0,2025/09/03,Ontario,53500
2024,GMC,Sierra 1500,AT4,8,Gasoline,49929.0,2025/09/03,Ontario,70000
2024,GMC,Sierra 1500,AT4,8,Gasoline,25828.0,2025/09/03,Quebec,74000
2023,GMC,Sierra 1500,Denali,8,Gasoline,55740.0,2025/09/03,Quebec,65250
2023,GMC,Sierra 1500,Denali Ultimate,8,Gasoline,70617.0,2025/09/03,Quebec,71200
2014,GMC,Sierra 1500,4WD DOUBLE CAB STANDARD BOX,8,Flex,122542.0,2025/09/03,Quebec,13300
2024,GMC,Sierra 1500,Elevation,6,Diesel,39918.0,2025/09/03,Quebec,57000
2023,GMC,Sierra 1500,Elevation,8,Gasoline,40827.0,2025/09/03,Quebec,43000
2023,GMC,Sierra 1500,Elevation,8,Gasoline,36484.0,2025/09/03,Ontario,46750
2023,GMC,Sierra 1500,Elevation,8,Gasoline,56848.0,2025/09/03,Quebec,48200
2023,GMC,Sierra 1500,Elevation,8,Gasoline,47267.0,2025/09/03,Ontario,49500
2023,GMC,Sierra 1500,Elevation,8,Gasoline,41463.0,2025/09/03,Ontario,49750
2022,GMC,Sierra 1500,AT4,6,Diesel,59527.0,2025/09/03,Quebec,54200
2023,GMC,Sierra 1500,Denali,8,Gasoline,57878.0,2025/09/03,Quebec,55500
2022,GMC,Sierra 1500,Denali,8,Gasoline,66391.0,2025/09/03,Quebec,46400
2022,GMC,Sierra 1500,Denali,8,Gasoline,63044.0,2025/09/03,Alberta,56250
2023,GMC,Sierra 1500,Pro,4,Gasoline,31847.0,2025/09/03,Quebec,38800
2022,GMC,Sierra 1500,Pro,4,Gasoline,41532.0,2025/09/03,Quebec,34000
2022,GMC,Sierra 1500,SLE,4,Gasoline,64500.0,2025/09/03,Quebec,35000
2016,GMC,Sierra 1500,SLT,8,Gasoline,123795.0,2025/09/03,Quebec,21600
2021,GMC,Sierra 1500,Denali,8,Gasoline,214170.0,2025/09/03,Ontario,22500
2023,GMC,Sierra 1500,Pro,8,Gasoline,37551.0,2025/09/03,Quebec,39500
2023,GMC,Sierra 1500,Pro,8,Gasoline,36380.0,2025/09/03,Quebec,41800
2023,GMC,Sierra 1500,Pro,8,Gasoline,48966.0,2025/09/03,Quebec,39800
2023,GMC,Sierra 1500,SLE,8,Gasoline,41780.0,2025/09/03,Ontario,44750
2014,GMC,Sierra 1500,SLE,8,Flex,124900.0,2025/09/02,Alberta,15000
2017,GMC,Sierra 1500,SLT,8,Gasoline,142697.0,2025/09/02,Ontario,24500
2021,GMC,Sierra 1500,Denali,8,Gasoline,106930.0,2025/09/02,British Columbia,45400
2014,GMC,Sierra 1500,SLE,8,Flex,159950.0,2025/09/02,Alberta,14700
2021,GMC,Sierra 1500,Elevation,8,Gasoline,92874.0,2025/09/02,Alberta,40100
2023,GMC,Sierra 1500,AT4,6,Diesel,69937.0,2025/09/02,Ontario,59500
2020,GMC,Sierra 1500,Denali,8,Gasoline,79098.0,2025/09/02,Manitoba,49900
2022,GMC,Sierra 1500,Elevation,6,Diesel,58077.0,2025/09/02,Ontario,53400
2018,GMC,Sierra 1500,SLE,8,Gasoline,203721.0,2025/09/02,Ontario,14200
2023,GMC,Sierra 1500,Pro,4,Gasoline,60781.0,2025/09/02,Ontario,36300
2024,GMC,Sierra 1500,SLT,8,Gasoline,20021.0,2025/09/02,Ontario,62000
2023,GMC,Sierra 1500,AT4,8,Gasoline,152888.0,2025/09/02,Ontario,43100
2023,GMC,Sierra 1500,SLE,8,Gasoline,119738.0,2025/09/02,Alberta,33500
2024,GMC,Sierra 1500,Denali Ultimate,6,Diesel,48742.0,2025/09/02,Alberta,80000
2014,GMC,Sierra 1500,SLE,8,Flex,175748.0,2025/09/02,Alberta,11800
2018,GMC,Sierra 1500,SLE,8,Gasoline,18698.0,2025/09/02,Alberta,25400
2018,GMC,Sierra 1500,SLE,8,Gasoline,140100.0,2025/09/02,Alberta,21000
2017,GMC,Sierra 1500,SLE,8,Gasoline,125666.0,2025/09/02,Nova Scotia,19200
2018,GMC,Sierra 1500,SLE,8,Gasoline,91234.0,2025/09/02,Nova Scotia,17700
2020,GMC,Sierra 1500,SLE,8,Gasoline,88680.0,2025/08/30,Quebec,37500
2017,GMC,Sierra 1500,SLE,8,Gasoline,230298.0,2025/08/30,Ontario,10100
2021,GMC,Sierra 1500,"4WD Reg Cab 140""",8,Gasoline,37800.0,2025/08/29,Quebec,31700
2023,GMC,Sierra 1500,Pro,8,Gasoline,46767.0,2025/08/29,Ontario,43200
2019,GMC,Sierra 1500,Denali,8,Gasoline,35000.0,2025/08/29,British Columbia,53000
2020,GMC,Sierra 1500,Denali,8,Gasoline,183190.0,2025/08/29,New Brunswick,36600
2020,GMC,Sierra 1500,Denali,6,Diesel,128305.0,2025/08/29,Saskatchewan,44000
2021,GMC,Sierra 1500,AT4,8,Gasoline,122271.0,2025/08/29,Saskatchewan,45000
2024,GMC,Sierra 1500,AT4,6,Diesel,18459.0,2025/08/29,Saskatchewan,73250
2022,GMC,Sierra 1500,AT4,6,Diesel,98826.0,2025/08/29,Saskatchewan,52250
2022,GMC,Sierra 1500,Denali,6,Diesel,70572.0,2025/08/29,Saskatchewan,58000
2017,GMC,Sierra 1500,SLE,8,Gasoline,158618.0,2025/08/29,Newfoundland and Labrador,9000
2023,GMC,Sierra 1500,Denali,6,Diesel,59406.0,2025/08/29,Ontario,53000
2022,GMC,Sierra 1500,Pro,4,Gasoline,130481.0,2025/08/29,Newfoundland and Labrador,26000
2018,GMC,Sierra 1500,SLE,8,Gasoline,224888.0,2025/08/29,Saskatchewan,10800
2018,GMC,Sierra 1500,SLT,8,Gasoline,157443.0,2025/08/29,Ontario,14000
2024,GMC,Sierra 1500,AT4,8,Gasoline,35267.0,2025/08/28,Alberta,69500
2012,GMC,Sierra 1500,SLE,8,Flex,84337.0,2025/08/28,Ontario,13400
2016,GMC,Sierra 1500,SLE,8,Gasoline,170372.0,2025/08/28,Saskatchewan,11400
2014,GMC,Sierra 1500,4WD Double Cab Standard Box,8,Flex,167611.0,2025/08/28,Ontario,12200
2024,GMC,Sierra 1500,Elevation,8,Gasoline,23796.0,2025/08/28,Ontario,58100
2014,GMC,Sierra 1500,4WD Crew Cab Box,8,Flex,232556.0,2025/08/28,Ontario,9100
2017,GMC,Sierra 1500,4WD Crew Cab,8,Gasoline,188460.0,2025/08/28,Nova Scotia,9200
2022,GMC,Sierra 1500,AT4,8,Gasoline,91910.0,2025/08/28,Ontario,51500
2023,GMC,Sierra 1500,SLE,4,Gasoline,72431.0,2025/08/28,Ontario,36500
2021,GMC,Sierra 1500,Elevation,8,Gasoline,39354.0,2025/08/28,Ontario,44750
2019,GMC,Sierra 1500,SLE,8,Gasoline,57457.0,2025/08/28,Ontario,36750
2021,GMC,Sierra 1500,Elevation,6,Diesel,118418.0,2025/08/28,Ontario,39750
2020,GMC,Sierra 1500,AT4,8,Gasoline,94119.0,2025/08/28,Ontario,46500
2023,GMC,Sierra 1500,Pro,4,Gasoline,81207.0,2025/08/28,Ontario,34250
2023,GMC,Sierra 1500,Pro,8,Gasoline,20184.0,2025/08/28,Ontario,45250
2022,GMC,Sierra 1500,Elevation,8,Gasoline,126356.0,2025/08/28,Manitoba,37500
2023,GMC,Sierra 1500,AT4,8,Gasoline,56124.0,2025/08/28,Ontario,63800
2022,GMC,Sierra 1500,AT4,6,Diesel,82500.0,2025/08/28,New Brunswick,52400
2024,GMC,Sierra 1500,Denali,6,Diesel,67622.0,2025/08/28,Ontario,64250
2023,GMC,Sierra 1500,Denali,8,Gasoline,60032.0,2025/08/28,Ontario,64000
2024,GMC,Sierra 1500,AT4,8,Gasoline,55542.0,2025/08/28,Quebec,57000
2017,GMC,Sierra 1500,SLT,8,Gasoline,144412.0,2025/08/28,Ontario,24000
2017,GMC,Sierra 1500,SLE,8,Gasoline,104789.0,2025/08/27,Quebec,18500
2022,GMC,Sierra 1500,AT4,6,Diesel,30975.0,2025/08/27,Ontario,63100
2020,GMC,Sierra 1500,Elevation,8,Gasoline,150877.0,2025/08/27,Ontario,32100
2019,GMC,Sierra 1500,Denali,8,Gasoline,131393.0,2025/08/27,Quebec,42400
2022,GMC,Sierra 1500,Pro,8,Gasoline,81055.0,2025/08/27,Quebec,26000
2023,GMC,Sierra 1500,AT4,6,Diesel,102701.0,2025/08/27,Ontario,56000
2023,GMC,Sierra 1500,AT4,8,Gasoline,98504.0,2025/08/27,Ontario,53500
2018,GMC,Sierra 1500,SLE,8,Gasoline,200237.0,2025/08/27,Manitoba,10000
2023,GMC,Sierra 1500,Denali,6,Diesel,72825.0,2025/08/27,Newfoundland and Labrador,54500
2023,GMC,Sierra 1500,Elevation,6,Diesel,47822.0,2025/08/27,Quebec,57200
2021,GMC,Sierra 1500,AT4,6,Diesel,71990.0,2025/08/27,Ontario,51800
2022,GMC,Sierra 1500,AT4,8,Gasoline,67965.0,2025/08/27,Manitoba,59500
2021,GMC,Sierra 1500,Elevation,6,Diesel,61504.0,2025/08/27,Quebec,45000
2023,GMC,Sierra 1500,Pro,8,Gasoline,42461.0,2025/08/27,Ontario,40750
2022,GMC,Sierra 1500,Pro,8,Gasoline,40662.0,2025/08/27,Quebec,42900
2023,GMC,Sierra 1500,Pro,4,Gasoline,37186.0,2025/08/27,Ontario,39250
2023,GMC,Sierra 1500,Pro,4,Gasoline,27391.0,2025/08/27,Quebec,41000
2019,GMC,Sierra 1500,"4WD DOUBLE CAB 147""",8,Gasoline,180258.0,2025/08/27,Quebec,19400
2021,GMC,Sierra 1500,Elevation,8,Gasoline,132216.0,2025/08/27,Ontario,35000
2021,GMC,Sierra 1500,Elevation,6,Diesel,91313.0,2025/08/27,Quebec,42250
2020,GMC,Sierra 1500,CREW CAB SHORT BED,4,Gasoline,134252.0,2025/08/27,Ontario,19500
2019,GMC,Sierra 1500,Elevation,4,Gasoline,145448.0,2025/08/27,Quebec,20250
2019,GMC,Sierra 1500,AT4,8,Gasoline,147730.0,2025/08/27,Quebec,37750
2021,GMC,Sierra 1500,AT4,8,Gasoline,40302.0,2025/08/27,Quebec,59000
2023,GMC,Sierra 1500,Pro,4,Gasoline,31196.0,2025/08/27,Ontario,41000
2024,GMC,Sierra 1500,Pro,4,Gasoline,27201.0,2025/08/27,Ontario,44250
2024,GMC,Sierra 1500,Pro,8,Gasoline,26564.0,2025/08/27,Ontario,40250
2024,GMC,Sierra 1500,Elevation,6,Diesel,40247.0,2025/08/27,Quebec,60600
2023,GMC,Sierra 1500,Elevation,8,Gasoline,58416.0,2025/08/27,Ontario,52000
2024,GMC,Sierra 1500,Elevation,8,Gasoline,32160.0,2025/08/27,Quebec,60250
2022,GMC,Sierra 1500,SLT,8,Gasoline,20252.0,2025/08/27,Ontario,58000
2023,GMC,Sierra 1500,AT4,8,Gasoline,38984.0,2025/08/27,Ontario,60750
2022,GMC,Sierra 1500,AT4,6,Diesel,78350.0,2025/08/27,Quebec,56750
2023,GMC,Sierra 1500,Denali,8,Gasoline,57393.0,2025/08/27,Ontario,65250
2024,GMC,Sierra 1500,Denali,8,Gasoline,49140.0,2025/08/27,Quebec,70000
2023,GMC,Sierra 1500,Denali,8,Gasoline,37406.0,2025/08/27,Ontario,69250
2016,GMC,Sierra 1500,Other,8,Gasoline,143414.0,2025/08/27,Ontario,12000
2016,GMC,Sierra 1500,SLE,8,Gasoline,134160.0,2025/08/27,Quebec,16700
2025,GMC,Sierra 1500,Elevation,6,Diesel,25548.0,2025/08/27,Ontario,58500
2023,GMC,Sierra 1500,Elevation,8,Gasoline,42845.0,2025/08/27,Ontario,48500
2022,GMC,Sierra 1500,Elevation,8,Gasoline,38341.0,2025/08/27,Quebec,50500
2023,GMC,Sierra 1500,Elevation,8,Gasoline,55779.0,2025/08/27,Quebec,49000
2023,GMC,Sierra 1500,Elevation,8,Gasoline,36427.0,2025/08/27,Ontario,51000
2023,GMC,Sierra 1500,Elevation,8,Gasoline,62086.0,2025/08/27,Ontario,43500
2024,GMC,Sierra 1500,Elevation,8,Gasoline,21845.0,2025/08/27,Quebec,55200
2025,GMC,Sierra 1500,AT4,8,Gasoline,19610.0,2025/08/27,Ontario,67250
2023,GMC,Sierra 1500,AT4,8,Gasoline,77932.0,2025/08/27,Quebec,52500
2023,GMC,Sierra 1500,Denali,8,Gasoline,37050.0,2025/08/27,Ontario,58000
2022,GMC,Sierra 1500,Denali,8,Gasoline,43268.0,2025/08/27,Quebec,54200
2023,GMC,Sierra 1500,Pro,4,Gasoline,22052.0,2025/08/27,Quebec,38100
2022,GMC,Sierra 1500,Pro,4,Gasoline,71184.0,2025/08/27,Ontario,33000
2022,GMC,Sierra 1500,SLE,4,Gasoline,40567.0,2025/08/27,Quebec,36500
2017,GMC,Sierra 1500,SLE,8,Gasoline,192429.0,2025/08/27,Quebec,14000
2018,GMC,Sierra 1500,SLE,8,Gasoline,124927.0,2025/08/27,Quebec,15250
2017,GMC,Sierra 1500,SLE,8,Gasoline,130514.0,2025/08/27,Quebec,19600
2017,GMC,Sierra 1500,SLT,8,Gasoline,141523.0,2025/08/27,Ontario,24400
2014,GMC,Sierra 1500,SLT,8,Flex,207706.0,2025/08/27,Alberta,9900
2021,GMC,Sierra 1500,CREW CAB SHORT BED,8,Gasoline,134212.0,2025/08/27,Ontario,28200
2023,GMC,Sierra 1500,Denali Ultimate,8,Gasoline,21517.0,2025/08/26,Ontario,78400
2020,GMC,Sierra 1500,Denali,8,Gasoline,157012.0,2025/08/26,Ontario,39100
2023,GMC,Sierra 1500,AT4,8,Gasoline,61400.0,2025/08/26,New Brunswick,63000
2017,GMC,Sierra 1500,Denali,8,Gasoline,154926.0,2025/08/26,Ontario,23200
2020,GMC,Sierra 1500,AT4,8,Gasoline,88900.0,2025/08/26,Ontario,46500
2022,GMC,Sierra 1500,AT4,8,Gasoline,49999.0,2025/08/26,Ontario,57000
2023,GMC,Sierra 1500,SLE,8,Gasoline,139482.0,2025/08/26,British Columbia,33708
2019,GMC,Sierra 1500,CREW CAB SHORT BED,8,Gasoline,162300.0,2025/08/26,Nova Scotia,10000
2020,GMC,Sierra 1500,SLE,8,Gasoline,179119.0,2025/08/26,Alberta,25750
2023,GMC,Sierra 1500,Pro,4,Gasoline,33749.0,2025/08/26,Nova Scotia,41000
2023,GMC,Sierra 1500,SLE,8,Gasoline,111359.0,2025/08/26,Alberta,37000
2018,GMC,Sierra 1500,Other,8,Gasoline,95296.0,2025/08/26,Nova Scotia,26200
2023,GMC,Sierra 1500,SLT,8,Gasoline,125041.0,2025/08/26,Alberta,42500
2022,GMC,Sierra 1500,Denali,8,Gasoline,25845.0,2025/08/26,Nova Scotia,53500
2023,GMC,Sierra 1500,Pro,4,Gasoline,87344.0,2025/08/26,Nova Scotia,36000
2022,GMC,Sierra 1500,AT4,8,Gasoline,64525.0,2025/08/26,Alberta,53800
2018,GMC,Sierra 1500,SLE,8,Gasoline,140548.0,2025/08/26,Alberta,32500
2018,GMC,Sierra 1500,SLE,8,Gasoline,173391.0,2025/08/26,Alberta,13900
2018,GMC,Sierra 1500,SLE,8,Gasoline,130123.0,2025/08/26,Alberta,24000
2018,GMC,Sierra 1500,SLE,8,Gasoline,74315.0,2025/08/26,Alberta,25250
2024,GMC,Sierra 1500,SLE,8,Gasoline,86161.0,2025/08/26,Nova Scotia,43000
2018,GMC,Sierra 1500,SLE,8,Gasoline,229158.0,2025/08/25,Ontario,15500
2024,GMC,Sierra 1500,Denali,8,Gasoline,53402.0,2025/08/25,Ontario,66500
2023,GMC,Sierra 1500,AT4,6,Diesel,60628.0,2025/08/25,Nova Scotia,61800
2023,GMC,Sierra 1500,Denali,8,Gasoline,70791.0,2025/08/25,Ontario,62200
2024,GMC,Sierra 1500,Denali,8,Gasoline,112821.0,2025/08/25,Manitoba,61000
2018,GMC,Sierra 1500,4WD Reg Cab,8,Gasoline,133516.0,2025/08/25,Quebec,14900
2018,GMC,Sierra 1500,SLE,8,Gasoline,90163.0,2025/08/25,Quebec,30000
2018,GMC,Sierra 1500,SLE,8,Gasoline,76366.0,2025/08/25,Quebec,27700
2021,GMC,Sierra 1500,Elevation,8,Gasoline,34999.0,2025/08/25,Ontario,46100
2021,GMC,Sierra 1500,Elevation,8,Gasoline,78562.0,2025/08/23,Quebec,39000
2017,GMC,Sierra 1500,SLT,8,Gasoline,140801.0,2025/08/22,Ontario,24400
2023,GMC,Sierra 1500,Pro,8,Gasoline,43608.0,2025/08/22,Nova Scotia,42900
2020,GMC,Sierra 1500,Elevation,8,Gasoline,151229.0,2025/08/22,Saskatchewan,21400
2020,GMC,Sierra 1500,Elevation,6,Diesel,199285.0,2025/08/22,Manitoba,25100
2023,GMC,Sierra 1500,AT4,8,Gasoline,55704.0,2025/08/22,Saskatchewan,62000
2021,GMC,Sierra 1500,CREW CAB SHORT BED,4,Gasoline,63462.0,2025/08/22,Saskatchewan,30000
2023,GMC,Sierra 1500,Pro,4,Gasoline,16358.0,2025/08/22,Ontario,38200
2017,GMC,Sierra 1500,Denali,8,Flex,235052.0,2025/08/22,Saskatchewan,14000
2021,GMC,Sierra 1500,Denali,8,Gasoline,208140.0,2025/08/22,Newfoundland and Labrador,24000
2022,GMC,Sierra 1500,Elevation,8,Gasoline,72569.0,2025/08/21,British Columbia,45200
2021,GMC,Sierra 1500,Denali,6,Diesel,167500.0,2025/08/21,Ontario,47000
2020,GMC,Sierra 1500,Elevation,8,Gasoline,148192.0,2025/08/21,British Columbia,29500
2020,GMC,Sierra 1500,AT4,8,Gasoline,166996.0,2025/08/21,Ontario,34800
2022,GMC,Sierra 1500,AT4,8,Gasoline,56422.0,2025/08/21,Ontario,59500
2018,GMC,Sierra 1500,Denali,8,Gasoline,189001.0,2025/08/21,Ontario,18600
2018,GMC,Sierra 1500,Denali,8,Flex,169984.0,2025/08/21,Ontario,27000
2019,GMC,Sierra 1500,Denali,8,Gasoline,81738.0,2025/08/21,British Columbia,49500
2020,GMC,Sierra 1500,Denali,8,Gasoline,94559.0,2025/08/21,Manitoba,40500
2023,GMC,Sierra 1500,Pro,4,Gasoline,30500.0,2025/08/21,Manitoba,40900
2018,GMC,Sierra 1500,SLE,8,Gasoline,193915.0,2025/08/21,Ontario,13600
2019,GMC,Sierra 1500,Elevation,8,Gasoline,188938.0,2025/08/21,Ontario,25000
2021,GMC,Sierra 1500,Elevation,4,Gasoline,54949.0,2025/08/21,Quebec,37750
2020,GMC,Sierra 1500,Elevation,8,Gasoline,44558.0,2025/08/21,Manitoba,47000
2021,GMC,Sierra 1500,Elevation,6,Diesel,120906.0,2025/08/21,Ontario,37750
2023,GMC,Sierra 1500,Pro,8,Gasoline,23535.0,2025/08/21,Manitoba,46600
2024,GMC,Sierra 1500,Pro,8,Gasoline,19961.0,2025/08/21,New Brunswick,47000
2024,GMC,Sierra 1500,AT4,6,Diesel,46377.0,2025/08/21,Ontario,68750
2023,GMC,Sierra 1500,Denali,8,Gasoline,49756.0,2025/08/21,Manitoba,67600
2024,GMC,Sierra 1500,Denali,8,Gasoline,30230.0,2025/08/21,Ontario,73000
2014,GMC,Sierra 1500,SLE,8,Flex,164071.0,2025/08/21,Manitoba,9500
2018,GMC,Sierra 1500,SLE,8,Gasoline,188275.0,2025/08/21,Ontario,16000
2023,GMC,Sierra 1500,AT4,6,Diesel,98154.0,2025/08/21,Quebec,48500
2023,GMC,Sierra 1500,Pro,4,Gasoline,92168.0,2025/08/21,Nova Scotia,26000
2022,GMC,Sierra 1500,SLE,4,Gasoline,69852.0,2025/08/21,Ontario,36500
2018,GMC,Sierra 1500,SLE,8,Gasoline,188779.0,2025/08/21,Ontario,13300
2017,GMC,Sierra 1500,SLE,8,Gasoline,124218.0,2025/08/21,Quebec,23400
2021,GMC,Sierra 1500,Elevation,8,Gasoline,193645.0,2025/08/21,Ontario,26000
2021,GMC,Sierra 1500,Elevation,6,Diesel,90538.0,2025/08/21,Ontario,39000
2020,GMC,Sierra 1500,Denali,6,Diesel,94704.0,2025/08/20,British Columbia,48000
2014,GMC,Sierra 1500,SLE,8,Flex,189031.0,2025/08/20,Ontario,14200
2018,GMC,Sierra 1500,SLT,8,Gasoline,202744.0,2025/08/20,Ontario,16500
2021,GMC,Sierra 1500,Elevation,8,Gasoline,75551.0,2025/08/20,Ontario,39500
2020,GMC,Sierra 1500,SLT,8,Gasoline,143771.0,2025/08/20,Ontario,36500
2019,GMC,Sierra 1500,Denali,8,Gasoline,144254.0,2025/08/20,Quebec,39200
2020,GMC,Sierra 1500,Denali,8,Gasoline,218373.0,2025/08/20,Ontario,27750
2021,GMC,Sierra 1500,Denali,8,Gasoline,87557.0,2025/08/20,Ontario,49500
2024,GMC,Sierra 1500,Pro,8,Gasoline,46931.0,2025/08/20,Quebec,44200
2023,GMC,Sierra 1500,Pro,8,Gasoline,41599.0,2025/08/20,Quebec,43400
2023,GMC,Sierra 1500,Pro,8,Gasoline,49366.0,2025/08/20,Ontario,39500
2023,GMC,Sierra 1500,Pro,8,Gasoline,29287.0,2025/08/20,Alberta,40000
2023,GMC,Sierra 1500,Pro,8,Gasoline,35669.0,2025/08/20,Alberta,38500
2023,GMC,Sierra 1500,Pro,8,Gasoline,30223.0,2025/08/20,Quebec,46600
2023,GMC,Sierra 1500,Pro,8,Gasoline,30209.0,2025/08/20,Ontario,45000
2024,GMC,Sierra 1500,Pro,4,Gasoline,39024.0,2025/08/20,Ontario,41750
2023,GMC,Sierra 1500,Pro,4,Gasoline,39096.0,2025/08/20,Quebec,41400
2019,GMC,Sierra 1500,SLE,8,Gasoline,190252.0,2025/08/20,Alberta,14000
2019,GMC,Sierra 1500,Elevation,8,Gasoline,38118.0,2025/08/20,Quebec,40000
2023,GMC,Sierra 1500,Pro,8,Gasoline,33762.0,2025/08/20,Ontario,39000
2019,GMC,Sierra 1500,SLE,8,Gasoline,148300.0,2025/08/20,Quebec,28900
2020,GMC,Sierra 1500,Elevation,8,Gasoline,61146.0,2025/08/20,Ontario,45250
2021,GMC,Sierra 1500,Elevation,6,Diesel,141745.0,2025/08/20,Quebec,35800
2020,GMC,Sierra 1500,Elevation,6,Diesel,141061.0,2025/08/20,Quebec,33200
2019,GMC,Sierra 1500,AT4,8,Gasoline,129806.0,2025/08/20,Ontario,39400
2020,GMC,Sierra 1500,AT4,8,Gasoline,88807.0,2025/08/20,Quebec,45000
2021,GMC,Sierra 1500,AT4,8,Gasoline,70599.0,2025/08/20,Quebec,47500
2024,GMC,Sierra 1500,Pro,4,Gasoline,19698.0,2025/08/20,Quebec,44400
2023,GMC,Sierra 1500,Pro,4,Gasoline,54858.0,2025/08/20,Alberta,34750
2024,GMC,Sierra 1500,Pro,4,Gasoline,27309.0,2025/08/20,Quebec,45800
2023,GMC,Sierra 1500,Pro,8,Gasoline,20157.0,2025/08/20,Quebec,45000
2023,GMC,Sierra 1500,Pro,8,Gasoline,21955.0,2025/08/20,Quebec,45000
2024,GMC,Sierra 1500,Elevation,6,Diesel,21254.0,2025/08/20,Ontario,63300
2024,GMC,Sierra 1500,Elevation,6,Diesel,23555.0,2025/08/20,Ontario,60000
2022,GMC,Sierra 1500,Elevation,8,Gasoline,34713.0,2025/08/20,Quebec,56200
2023,GMC,Sierra 1500,AT4,6,Diesel,50957.0,2025/08/20,Quebec,66750
2023,GMC,Sierra 1500,Denali,6,Diesel,76207.0,2025/08/20,Ontario,60000
2023,GMC,Sierra 1500,Denali,8,Gasoline,35586.0,2025/08/20,Ontario,69000
2023,GMC,Sierra 1500,Denali Ultimate,8,Gasoline,64150.0,2025/08/20,Quebec,70500
2024,GMC,Sierra 1500,Elevation,6,Diesel,33051.0,2025/08/20,Quebec,60500
2024,GMC,Sierra 1500,Elevation,8,Gasoline,38505.0,2025/08/20,Quebec,53750
2023,GMC,Sierra 1500,Elevation,8,Gasoline,69162.0,2025/08/20,Quebec,45250
2022,GMC,Sierra 1500,Elevation,8,Gasoline,85120.0,2025/08/20,Quebec,39500
2023,GMC,Sierra 1500,Elevation,8,Gasoline,50317.0,2025/08/20,Alberta,48000
2023,GMC,Sierra 1500,Elevation,8,Gasoline,39522.0,2025/08/20,Quebec,50200
2023,GMC,Sierra 1500,SLT,8,Gasoline,110522.0,2025/08/20,Alberta,44000
2023,GMC,Sierra 1500,AT4,8,Gasoline,53062.0,2025/08/20,Quebec,60000
2023,GMC,Sierra 1500,AT4,8,Gasoline,56828.0,2025/08/20,Ontario,61250
2024,GMC,Sierra 1500,AT4X,6,Diesel,51510.0,2025/08/20,Quebec,70250
2024,GMC,Sierra 1500,Pro,8,Gasoline,15827.0,2025/08/20,Quebec,42000
2023,GMC,Sierra 1500,Pro,4,Gasoline,40493.0,2025/08/20,Quebec,35000
2022,GMC,Sierra 1500,Elevation,4,Gasoline,50169.0,2025/08/20,Quebec,42200
2017,GMC,Sierra 1500,SLT,8,Gasoline,131598.0,2025/08/20,Ontario,26100
2017,GMC,Sierra 1500,SLT,8,Flex,183012.0,2025/08/20,Nova Scotia,16000
2018,GMC,Sierra 1500,SLT,8,Gasoline,103384.0,2025/08/19,Ontario,30300
2021,GMC,Sierra 1500,SLT,8,Gasoline,94497.0,2025/08/19,Ontario,45000
2022,GMC,Sierra 1500,Elevation,6,Diesel,47460.0,2025/08/19,Quebec,44500
2023,GMC,Sierra 1500,Denali,8,Gasoline,46000.0,2025/08/19,Ontario,58500
2020,GMC,Sierra 1500,AT4,8,Gasoline,147003.0,2025/08/19,Ontario,40700
2015,GMC,Sierra 1500,SLT,8,Gasoline,229997.0,2025/08/19,Quebec,11500
2019,GMC,Sierra 1500,4WD Crew Cab,8,Gasoline,132854.0,2025/08/19,Quebec,28300
2019,GMC,Sierra 1500,SLE,8,Gasoline,216855.0,2025/08/19,Alberta,19100
2023,GMC,Sierra 1500,SLE,8,Gasoline,145513.0,2025/08/19,Alberta,32200
2024,GMC,Sierra 1500,Elevation,8,Gasoline,26384.0,2025/08/19,Alberta,58000
2018,GMC,Sierra 1500,SLE,8,Gasoline,155048.0,2025/08/19,Alberta,17750
2015,GMC,Sierra 1500,Other,6,Flex,66757.0,2025/08/19,Alberta,15400
2014,GMC,Sierra 1500,SLE,8,Flex,189843.0,2025/08/19,Nova Scotia,10400
2014,GMC,Sierra 1500,SLE,6,Flex,94161.0,2025/08/19,Alberta,12500
2022,GMC,Sierra 1500,AT4,6,Diesel,28351.0,2025/08/19,Alberta,58750
2023,GMC,Sierra 1500,SLE,4,Gasoline,25611.0,2025/08/19,Alberta,41000
2018,GMC,Sierra 1500,SLE,8,Gasoline,149982.0,2025/08/19,Alberta,25000
2018,GMC,Sierra 1500,Denali,8,Flex,145296.0,2025/08/19,Nova Scotia,27000
2014,GMC,Sierra 1500,SLE,8,Flex,184228.0,2025/08/19,Alberta,12500
2015,GMC,Sierra 1500,SLT,8,Flex,92150.0,2025/08/19,Alberta,28250
2024,GMC,Sierra 1500,SLE,8,Gasoline,122557.0,2025/08/19,Alberta,35900
2023,GMC,Sierra 1500,AT4,6,Diesel,91509.0,2025/08/18,Ontario,48000
2022,GMC,Sierra 1500,Denali,8,Gasoline,77500.0,2025/08/18,Ontario,42500
2016,GMC,Sierra 1500,Denali,8,Flex,243000.0,2025/08/18,Ontario,10000
2021,GMC,Sierra 1500,Denali,8,Gasoline,119812.0,2025/08/18,Manitoba,40000
2017,GMC,Sierra 1500,SLT,8,Gasoline,205231.0,2025/08/18,British Columbia,15600
2025,GMC,Sierra 1500,Denali,8,Gasoline,18174.0,2025/08/18,Ontario,74500
2021,GMC,Sierra 1500,Denali,8,Gasoline,185945.0,2025/08/18,Ontario,33600
2021,GMC,Sierra 1500,Elevation,8,Gasoline,137075.0,2025/08/18,Quebec,33700
2019,GMC,Sierra 1500,AT4,8,Gasoline,130482.0,2025/08/18,Quebec,40900
2023,GMC,Sierra 1500,Denali Ultimate,8,Gasoline,44970.0,2025/08/18,Ontario,73000
2021,GMC,Sierra 1500,Denali,8,Gasoline,93490.0,2025/08/18,Ontario,48900
2023,GMC,Sierra 1500,Elevation,8,Gasoline,50032.0,2025/08/16,Ontario,54300
2019,GMC,Sierra 1500,Elevation,8,Gasoline,135356.0,2025/08/15,Quebec,31800
2025,GMC,Sierra 1500,Denali Ultimate,6,Diesel,25061.0,2025/08/15,Ontario,83400
2018,GMC,Sierra 1500,"4WD Double Cab 143.5""",8,Gasoline,150473.0,2025/08/15,Prince Edward Island,17800
2023,GMC,Sierra 1500,Elevation,8,Gasoline,82390.0,2025/08/15,Newfoundland and Labrador,47800
2017,GMC,Sierra 1500,SLE,8,Gasoline,97231.0,2025/08/15,Newfoundland and Labrador,20000
2015,GMC,Sierra 1500,CREW CAB SHORT BED,8,Gasoline,171558.0,2025/08/15,Newfoundland and Labrador,11000
2021,GMC,Sierra 1500,Elevation,8,Gasoline,90397.0,2025/08/14,Quebec,40000
2023,GMC,Sierra 1500,AT4,8,Gasoline,27000.0,2025/08/14,Alberta,69200
2020,GMC,Sierra 1500,4WD Crew Cab,8,Gasoline,246735.0,2025/08/14,Ontario,9600
2023,GMC,Sierra 1500,Elevation,8,Gasoline,99993.0,2025/08/14,Ontario,47500
2024,GMC,Sierra 1500,Elevation,6,Diesel,46356.0,2025/08/14,Ontario,59500
2023,GMC,Sierra 1500,SLE,8,Gasoline,122912.0,2025/08/14,Ontario,34000
2019,GMC,Sierra 1500,SLT,8,Gasoline,162729.0,2025/08/14,Ontario,35500
2023,GMC,Sierra 1500,SLE,4,Gasoline,57243.0,2025/08/14,Quebec,41000
2021,GMC,Sierra 1500,CREW CAB STD BED,8,Gasoline,90472.0,2025/08/14,Ontario,33300
2020,GMC,Sierra 1500,Elevation,8,Gasoline,168204.0,2025/08/14,Ontario,30000
2023,GMC,Sierra 1500,Pro,4,Gasoline,27667.0,2025/08/14,Ontario,41400
2023,GMC,Sierra 1500,Pro,4,Gasoline,20010.0,2025/08/14,British Columbia,44400
2024,GMC,Sierra 1500,SLE,8,Gasoline,55461.0,2025/08/14,New Brunswick,49600
2023,GMC,Sierra 1500,Elevation,8,Gasoline,63772.0,2025/08/14,Ontario,53800
2024,GMC,Sierra 1500,Elevation,8,Gasoline,43383.0,2025/08/14,Ontario,60000
2023,GMC,Sierra 1500,AT4,6,Diesel,58155.0,2025/08/14,Quebec,64600
2023,GMC,Sierra 1500,AT4,6,Diesel,79643.0,2025/08/14,Ontario,57500
2023,GMC,Sierra 1500,Denali,8,Gasoline,71394.0,2025/08/14,Ontario,58500
2022,GMC,Sierra 1500,Denali,8,Gasoline,23680.0,2025/08/14,Ontario,63250
2024,GMC,Sierra 1500,Denali Ultimate,8,Gasoline,16792.0,2025/08/14,Ontario,84500
2022,GMC,Sierra 1500,Denali Ultimate,6,Diesel,78965.0,2025/08/14,Ontario,66750
2017,GMC,Sierra 1500,Other,8,Gasoline,150762.0,2025/08/14,British Columbia,19750
2018,GMC,Sierra 1500,"4WD DOUBLE CAB 143.5""",8,Gasoline,104127.0,2025/08/14,Ontario,25100
2024,GMC,Sierra 1500,Elevation,8,Gasoline,40009.0,2025/08/14,Ontario,52000
2023,GMC,Sierra 1500,Elevation,8,Gasoline,59565.0,2025/08/14,British Columbia,45600
2022,GMC,Sierra 1500,AT4,6,Diesel,48733.0,2025/08/14,British Columbia,61250
2023,GMC,Sierra 1500,Pro,4,Gasoline,42429.0,2025/08/14,British Columbia,34100
2018,GMC,Sierra 1500,CREW CAB SHORT BED,6,Flex,118762.0,2025/08/14,Quebec,20000
2018,GMC,Sierra 1500,SLE,8,Gasoline,206564.0,2025/08/14,Ontario,13750
2018,GMC,Sierra 1500,SLT,8,Gasoline,161760.0,2025/08/14,Manitoba,20600
2017,GMC,Sierra 1500,4WD CREW CAB,8,Gasoline,117354.0,2025/08/13,Quebec,19000
2024,GMC,Sierra 1500,Pro,8,Gasoline,49326.0,2025/08/13,Ontario,37500
2024,GMC,Sierra 1500,Elevation,8,Gasoline,26805.0,2025/08/13,Manitoba,55400
2015,GMC,Sierra 1500,Denali,8,Gasoline,165422.0,2025/08/13,Newfoundland and Labrador,16200
2021,GMC,Sierra 1500,AT4,6,Diesel,121758.0,2025/08/13,Quebec,36250
2023,GMC,Sierra 1500,Pro,8,Gasoline,23810.0,2025/08/13,Ontario,44250
2022,GMC,Sierra 1500,Pro,8,Gasoline,97413.0,2025/08/13,Quebec,31000
2023,GMC,Sierra 1500,Pro,4,Gasoline,41091.0,2025/08/13,Quebec,41200
2023,GMC,Sierra 1500,Pro,4,Gasoline,53806.0,2025/08/13,Ontario,37000
2023,GMC,Sierra 1500,Pro,4,Gasoline,40836.0,2025/08/13,Quebec,38800
2023,GMC,Sierra 1500,Pro,4,Gasoline,43844.0,2025/08/13,Quebec,41400
2023,GMC,Sierra 1500,Pro,4,Gasoline,32475.0,2025/08/13,Quebec,38000
2023,GMC,Sierra 1500,Pro,4,Gasoline,40744.0,2025/08/13,Quebec,39800
2023,GMC,Sierra 1500,Pro,4,Gasoline,33817.0,2025/08/13,Ontario,39250
2023,GMC,Sierra 1500,Pro,4,Gasoline,42086.0,2025/08/13,Quebec,40800
2024,GMC,Sierra 1500,Elevation,4,Gasoline,22264.0,2025/08/13,Alberta,49250
2023,GMC,Sierra 1500,Pro,8,Gasoline,33705.0,2025/08/13,Quebec,38000
2019,GMC,Sierra 1500,Elevation,8,Gasoline,139830.0,2025/08/13,Ontario,28000
2019,GMC,Sierra 1500,Elevation,8,Gasoline,138699.0,2025/08/13,Ontario,27500
2020,GMC,Sierra 1500,Elevation,6,Diesel,110916.0,2025/08/13,Quebec,38750
2020,GMC,Sierra 1500,AT4,8,Gasoline,42747.0,2025/08/13,Quebec,49600
2019,GMC,Sierra 1500,AT4,8,Gasoline,148034.0,2025/08/13,Ontario,37000
2022,GMC,Sierra 1500,Pro,4,Gasoline,30731.0,2025/08/13,Quebec,38000
2023,GMC,Sierra 1500,Pro,4,Gasoline,35473.0,2025/08/13,Ontario,42000
2023,GMC,Sierra 1500,Pro,4,Gasoline,26356.0,2025/08/13,Quebec,41000
2023,GMC,Sierra 1500,Pro,4,Gasoline,30539.0,2025/08/13,Quebec,40000
2023,GMC,Sierra 1500,Pro,4,Gasoline,35588.0,2025/08/13,Quebec,39800
2023,GMC,Sierra 1500,Pro,4,Gasoline,26689.0,2025/08/13,Ontario,41500
2023,GMC,Sierra 1500,Pro,4,Gasoline,32898.0,2025/08/13,Quebec,41400
2022,GMC,Sierra 1500,Elevation,6,Diesel,67869.0,2025/08/13,Quebec,53250
2022,GMC,Sierra 1500,SLT,8,Gasoline,41088.0,2025/08/13,Ontario,54250
2024,GMC,Sierra 1500,AT4,6,Diesel,55292.0,2025/08/13,Quebec,68250
2024,GMC,Sierra 1500,AT4,6,Diesel,45485.0,2025/08/13,Quebec,69000
2023,GMC,Sierra 1500,AT4,6,Diesel,54208.0,2025/08/13,Quebec,64000
2023,GMC,Sierra 1500,AT4,8,Gasoline,36196.0,2025/08/13,Quebec,65750
2022,GMC,Sierra 1500,AT4,6,Diesel,38241.0,2025/08/13,Quebec,59750
2024,GMC,Sierra 1500,Denali,6,Diesel,32334.0,2025/08/13,Quebec,68600
2018,GMC,Sierra 1500,"4WD DOUBLE CAB 143.5""",8,Gasoline,166127.0,2025/08/13,Quebec,17400
2023,GMC,Sierra 1500,Elevation,6,Diesel,43815.0,2025/08/13,Quebec,47000
2023,GMC,Sierra 1500,Elevation,8,Gasoline,18262.0,2025/08/13,Quebec,50750
2023,GMC,Sierra 1500,Elevation,8,Gasoline,49674.0,2025/08/13,Quebec,46500
2023,GMC,Sierra 1500,Elevation,8,Gasoline,33416.0,2025/08/13,Quebec,44000
2022,GMC,Sierra 1500,Elevation,8,Gasoline,110032.0,2025/08/13,Ontario,37500
2023,GMC,Sierra 1500,Elevation,8,Gasoline,44886.0,2025/08/13,Ontario,48000
2023,GMC,Sierra 1500,Elevation,8,Gasoline,40690.0,2025/08/13,Quebec,48000
2023,GMC,Sierra 1500,Elevation,8,Gasoline,39374.0,2025/08/13,Quebec,48000
2023,GMC,Sierra 1500,Elevation,8,Gasoline,59572.0,2025/08/13,Quebec,46600
2023,GMC,Sierra 1500,Elevation,8,Gasoline,30538.0,2025/08/13,Quebec,49000
2023,GMC,Sierra 1500,Elevation,8,Gasoline,42958.0,2025/08/13,Ontario,44000
2025,GMC,Sierra 1500,AT4,8,Gasoline,18748.0,2025/08/13,Quebec,67250
2024,GMC,Sierra 1500,AT4X,6,Diesel,19969.0,2025/08/13,Ontario,74000
2024,GMC,Sierra 1500,AT4X CREW CAB SHORT BED,8,Gasoline,30603.0,2025/08/13,Quebec,75000
2023,GMC,Sierra 1500,Denali,8,Gasoline,44392.0,2025/08/13,Ontario,57000
2023,GMC,Sierra 1500,Denali,8,Gasoline,39830.0,2025/08/13,Quebec,55000
2023,GMC,Sierra 1500,Denali,8,Gasoline,45817.0,2025/08/13,Quebec,54000
2023,GMC,Sierra 1500,Denali,8,Gasoline,43358.0,2025/08/13,Ontario,57500
2023,GMC,Sierra 1500,Denali,8,Gasoline,40160.0,2025/08/13,Quebec,58750
2022,GMC,Sierra 1500,Denali,8,Gasoline,56886.0,2025/08/13,Alberta,51600
2023,GMC,Sierra 1500,Denali,8,Gasoline,39133.0,2025/08/13,Quebec,54000
2023,GMC,Sierra 1500,Denali,8,Gasoline,33625.0,2025/08/13,Quebec,57800
2023,GMC,Sierra 1500,Denali,8,Gasoline,54050.0,2025/08/13,Quebec,54200
2023,GMC,Sierra 1500,Denali,8,Gasoline,18652.0,2025/08/13,Quebec,59250
2023,GMC,Sierra 1500,Pro,4,Gasoline,99317.0,2025/08/13,Quebec,29000
2022,GMC,Sierra 1500,Pro,4,Gasoline,20198.0,2025/08/13,Ontario,36750
2023,GMC,Sierra 1500,Elevation,4,Gasoline,31184.0,2025/08/13,Quebec,44000
2024,GMC,Sierra 1500,AT4,6,Diesel,44107.0,2025/08/12,Ontario,68400
2025,GMC,Sierra 1500,Elevation,6,Diesel,19768.0,2025/08/12,Quebec,63200
2024,GMC,Sierra 1500,AT4,6,Diesel,68980.0,2025/08/12,Ontario,59900
2019,GMC,Sierra 1500,Denali,8,Gasoline,21546.0,2025/08/12,Ontario,54100
2017,GMC,Sierra 1500,"4WD Double Cab 143.5""",8,Gasoline,132040.0,2025/08/12,Ontario,23500
2023,GMC,Sierra 1500,SLE,8,Gasoline,99323.0,2025/08/12,Ontario,40000
2018,GMC,Sierra 1500,SLE,8,Gasoline,175559.0,2025/08/12,Ontario,12800
2020,GMC,Sierra 1500,SLT,8,Gasoline,133054.0,2025/08/12,Alberta,33900
2023,GMC,Sierra 1500,Pro,4,Gasoline,37102.0,2025/08/12,Nova Scotia,41600
2023,GMC,Sierra 1500,SLE,4,Gasoline,159663.0,2025/08/12,Alberta,27000
2019,GMC,Sierra 1500,AT4,8,Gasoline,110315.0,2025/08/12,Nova Scotia,40000
2014,GMC,Sierra 1500,SLE,6,Flex,227545.0,2025/08/12,Alberta,9900
2023,GMC,Sierra 1500,AT4,8,Gasoline,44588.0,2025/08/11,Alberta,66500
2021,GMC,Sierra 1500,Elevation,6,Diesel,129125.0,2025/08/11,Ontario,36800
2018,GMC,Sierra 1500,Denali,8,Flex,145188.0,2025/08/11,British Columbia,28200
2017,GMC,Sierra 1500,"4WD Double Cab 143.5""",8,Gasoline,181057.0,2025/08/11,Ontario,14500
2024,GMC,Sierra 1500,Denali Ultimate,8,Gasoline,26036.0,2025/08/11,Ontario,81400
2018,GMC,Sierra 1500,SLT,8,Gasoline,164241.0,2025/08/11,Ontario,19200
2023,GMC,Sierra 1500,Pro,4,Gasoline,49475.0,2025/08/11,Quebec,40900
2023,GMC,Sierra 1500,Denali,8,Gasoline,58760.0,2025/08/11,Alberta,61200
2023,GMC,Sierra 1500,Pro,4,Gasoline,38724.0,2025/08/11,Ontario,43900
2022,GMC,Sierra 1500,AT4,8,Gasoline,57109.0,2025/08/09,Ontario,60000
2023,GMC,Sierra 1500,Elevation,8,Gasoline,37954.0,2025/08/09,Quebec,55000
2023,GMC,Sierra 1500,AT4X,8,Gasoline,115687.0,2025/08/08,Ontario,57000
2025,GMC,Sierra 1500,Denali,6,Diesel,25300.0,2025/08/08,Alberta,72100
2021,GMC,Sierra 1500,AT4,8,Gasoline,139030.0,2025/08/08,Ontario,42400
2022,GMC,Sierra 1500,Elevation,4,Gasoline,138110.0,2025/08/08,Saskatchewan,36000
2022,GMC,Sierra 1500,Pro,4,Gasoline,53928.0,2025/08/08,Saskatchewan,37000
2018,GMC,Sierra 1500,CREW CAB STD BED,8,Gasoline,137088.0,2025/08/08,Newfoundland and Labrador,18900
2014,GMC,Sierra 1500,SLE,8,Flex,94463.0,2025/08/08,Manitoba,20000
2015,GMC,Sierra 1500,SLT,8,Gasoline,181065.0,2025/08/07,Ontario,14500
2019,GMC,Sierra 1500,SLE,8,Gasoline,142863.0,2025/08/07,Ontario,20400
2025,GMC,Sierra 1500,Denali,6,Diesel,21767.0,2025/08/07,Alberta,75900
2014,GMC,Sierra 1500,4WD Double Cab Standard Box,8,Flex,173175.0,2025/08/07,Alberta,9000
2016,GMC,Sierra 1500,SLE,8,Gasoline,173354.0,2025/08/07,Ontario,13400
2018,GMC,Sierra 1500,SLE,8,Gasoline,201759.0,2025/08/07,Ontario,14200
2013,GMC,Sierra 1500,SLE,8,Flex,180575.0,2025/08/07,Ontario,10100
2018,GMC,Sierra 1500,SLE,8,Gasoline,114642.0,2025/08/07,Quebec,25100
2018,GMC,Sierra 1500,SLE,8,Gasoline,124863.0,2025/08/07,Manitoba,22300
2024,GMC,Sierra 1500,Denali Ultimate,6,Diesel,58929.0,2025/08/07,Quebec,79500
2020,GMC,Sierra 1500,Elevation,8,Gasoline,179209.0,2025/08/07,Ontario,20300
2021,GMC,Sierra 1500,Denali,8,Gasoline,144275.0,2025/08/07,Ontario,40500
2020,GMC,Sierra 1500,Denali,6,Diesel,122162.0,2025/08/07,Ontario,44750
2023,GMC,Sierra 1500,Pro,8,Gasoline,48528.0,2025/08/07,Ontario,37900
2023,GMC,Sierra 1500,Pro,8,Gasoline,34324.0,2025/08/07,Ontario,41000
2023,GMC,Sierra 1500,SLE,4,Gasoline,126552.0,2025/08/07,British Columbia,35000
2023,GMC,Sierra 1500,Elevation,4,Gasoline,27597.0,2025/08/07,British Columbia,48900
2023,GMC,Sierra 1500,Pro,4,Gasoline,55479.0,2025/08/07,Quebec,39400
2022,GMC,Sierra 1500,Elevation,8,Gasoline,58543.0,2025/08/07,Quebec,51600
2024,GMC,Sierra 1500,Elevation,8,Gasoline,23795.0,2025/08/07,Quebec,61250
2023,GMC,Sierra 1500,AT4,6,Diesel,87853.0,2025/08/07,Ontario,57100
2024,GMC,Sierra 1500,AT4,6,Diesel,47929.0,2025/08/07,Ontario,68250
2023,GMC,Sierra 1500,Denali,6,Diesel,76205.0,2025/08/07,Quebec,58800
2024,GMC,Sierra 1500,Denali Ultimate,6,Diesel,42619.0,2025/08/07,Ontario,82000
2023,GMC,Sierra 1500,SLE,6,Diesel,68864.0,2025/08/07,Quebec,43800
2024,GMC,Sierra 1500,Elevation,6,Diesel,66800.0,2025/08/07,Quebec,53000
2022,GMC,Sierra 1500,Denali,8,Gasoline,50423.0,2025/08/07,British Columbia,60500
2023,GMC,Sierra 1500,Denali,8,Gasoline,57285.0,2025/08/07,Manitoba,57200
2022,GMC,Sierra 1500,SLE,4,Gasoline,75003.0,2025/08/07,Manitoba,30000
2022,GMC,Sierra 1500,AT4,8,Gasoline,76827.0,2025/08/07,Ontario,50500
2018,GMC,Sierra 1500,SLT,8,Gasoline,122442.0,2025/08/07,New Brunswick,27000
2017,GMC,Sierra 1500,SLT,8,Gasoline,200032.0,2025/08/07,Quebec,14100
2021,GMC,Sierra 1500,SLE,6,Diesel,74623.0,2025/08/07,Ontario,36500
2021,GMC,Sierra 1500,AT4,6,Diesel,116262.0,2025/08/07,Ontario,37500
2019,GMC,Sierra 1500,Elevation,8,Gasoline,223263.0,2025/08/06,Saskatchewan,12500
2020,GMC,Sierra 1500,Elevation,8,Gasoline,165934.0,2025/08/06,Ontario,31000
2025,GMC,Sierra 1500,AT4,6,Diesel,21314.0,2025/08/06,Alberta,71000
2018,GMC,Sierra 1500,SLE,8,Gasoline,109854.0,2025/08/06,Newfoundland and Labrador,20000
2020,GMC,Sierra 1500,AT4,6,Diesel,59960.0,2025/08/06,Quebec,52200
2021,GMC,Sierra 1500,AT4,6,Diesel,121957.0,2025/08/06,Quebec,42600
2021,GMC,Sierra 1500,AT4,6,Diesel,114658.0,2025/08/06,Ontario,38000
2021,GMC,Sierra 1500,AT4,6,Diesel,150557.0,2025/08/06,Ontario,40000
2023,GMC,Sierra 1500,Pro,8,Gasoline,30691.0,2025/08/06,Quebec,45500
2023,GMC,Sierra 1500,Pro,4,Gasoline,37182.0,2025/08/06,Quebec,41200
2022,GMC,Sierra 1500,AT4,8,Gasoline,46888.0,2025/08/06,Quebec,59000
2023,GMC,Sierra 1500,SLE,8,Gasoline,93470.0,2025/08/06,Alberta,31250
2019,GMC,Sierra 1500,Elevation,8,Gasoline,152949.0,2025/08/06,Quebec,26000
2021,GMC,Sierra 1500,Elevation,8,Gasoline,79502.0,2025/08/06,Ontario,42000
2021,GMC,Sierra 1500,AT4,8,Gasoline,101106.0,2025/08/06,Quebec,43500
2020,GMC,Sierra 1500,AT4,8,Gasoline,106138.0,2025/08/06,Quebec,45000
2025,GMC,Sierra 1500,Elevation,6,Diesel,32998.0,2025/08/06,Alberta,64000
2023,GMC,Sierra 1500,Elevation,8,Gasoline,20338.0,2025/08/06,Alberta,57400
2023,GMC,Sierra 1500,Elevation,8,Gasoline,79841.0,2025/08/06,Alberta,52000
2024,GMC,Sierra 1500,Elevation,8,Gasoline,22703.0,2025/08/06,Quebec,60000
2023,GMC,Sierra 1500,Elevation,8,Gasoline,59137.0,2025/08/06,Ontario,52250
2023,GMC,Sierra 1500,AT4,6,Diesel,79575.0,2025/08/06,Quebec,57700
2023,GMC,Sierra 1500,AT4,8,Gasoline,77345.0,2025/08/06,Quebec,58000
2022,GMC,Sierra 1500,AT4,6,Diesel,61516.0,2025/08/06,Ontario,55900
2024,GMC,Sierra 1500,Denali,6,Diesel,84569.0,2025/08/06,Quebec,63750
2014,GMC,Sierra 1500,SLE,8,Flex,187277.0,2025/08/06,Quebec,12800
2023,GMC,Sierra 1500,Elevation,6,Diesel,36555.0,2025/08/06,Quebec,51500
2023,GMC,Sierra 1500,Elevation,8,Gasoline,34838.0,2025/08/06,Ontario,48000
2023,GMC,Sierra 1500,Elevation,8,Gasoline,41157.0,2025/08/06,Ontario,46250
2023,GMC,Sierra 1500,SLT,8,Gasoline,39921.0,2025/08/06,Ontario,52250
2022,GMC,Sierra 1500,AT4,6,Diesel,100780.0,2025/08/06,Alberta,36250
2024,GMC,Sierra 1500,Denali,6,Diesel,30402.0,2025/08/06,Alberta,68750
2023,GMC,Sierra 1500,Denali,8,Gasoline,54644.0,2025/08/06,Quebec,55500
2018,GMC,Sierra 1500,SLE,8,Gasoline,127342.0,2025/08/06,Quebec,14500
2017,GMC,Sierra 1500,SLE,8,Gasoline,101815.0,2025/08/06,Quebec,17500
2017,GMC,Sierra 1500,SLT,8,Gasoline,144458.0,2025/08/06,Ontario,24000
2018,GMC,Sierra 1500,SLE,8,Gasoline,191036.0,2025/08/05,Ontario,14500
2022,GMC,Sierra 1500,Denali Ultimate,6,Diesel,78908.0,2025/08/05,Quebec,66400
2019,GMC,Sierra 1500,SLT,8,Gasoline,34871.0,2025/08/05,Ontario,49200
2018,GMC,Sierra 1500,SLE,8,Gasoline,191875.0,2025/08/05,Ontario,13000
2020,GMC,Sierra 1500,AT4,8,Gasoline,143100.0,2025/08/05,Alberta,38500
2017,GMC,Sierra 1500,SLT,8,Gasoline,142539.0,2025/08/05,Manitoba,25000
2021,GMC,Sierra 1500,Denali,6,Diesel,85336.0,2025/08/05,Ontario,51500
2019,GMC,Sierra 1500,4WD Crew Cab,8,Gasoline,147512.0,2025/08/05,Ontario,26600
2018,GMC,Sierra 1500,SLE,8,Gasoline,144815.0,2025/08/05,Ontario,21000
2021,GMC,Sierra 1500,SLE,8,Gasoline,144446.0,2025/08/05,Alberta,21900
2023,GMC,Sierra 1500,SLE,8,Gasoline,139304.0,2025/08/05,Alberta,28000
2017,GMC,Sierra 1500,SLE,8,Gasoline,202388.0,2025/08/05,Alberta,14900
2018,GMC,Sierra 1500,SLE,8,Gasoline,132687.0,2025/08/05,Alberta,20300
2017,GMC,Sierra 1500,SLE,8,Gasoline,100353.0,2025/08/05,Alberta,23900
2014,GMC,Sierra 1500,SLT,8,Flex,109476.0,2025/08/05,Nova Scotia,15600
2017,GMC,Sierra 1500,SLE,8,Gasoline,105739.0,2025/08/05,Alberta,22100
2018,GMC,Sierra 1500,SLE,8,Gasoline,127204.0,2025/08/04,Quebec,26000
2022,GMC,Sierra 1500,Elevation,6,Diesel,81208.0,2025/08/02,Ontario,45500
2018,GMC,Sierra 1500,SLT,8,Hybrid,58750.0,2025/08/02,Alberta,33800
2020,GMC,Sierra 1500,SLT,8,Gasoline,244030.0,2025/08/01,Saskatchewan,22000
2021,GMC,Sierra 1500,AT4,6,Diesel,204299.0,2025/08/01,Saskatchewan,29500
2023,GMC,Sierra 1500,Denali Ultimate,8,Gasoline,25135.0,2025/08/01,Alberta,75000
2017,GMC,Sierra 1500,ELEVATION,6,Flex,121503.0,2025/08/01,Saskatchewan,13500
2018,GMC,Sierra 1500,SLE,8,Gasoline,127000.0,2025/07/31,Alberta,21300
2021,GMC,Sierra 1500,Elevation,8,Gasoline,42000.0,2025/07/31,Ontario,35000
2023,GMC,Sierra 1500,AT4,8,Gasoline,25120.0,2025/07/31,Quebec,67000
2014,GMC,Sierra 1500,SLE,8,Flex,174335.0,2025/07/31,Alberta,13800
2013,GMC,Sierra 1500,SLT,8,Flex,159673.0,2025/07/31,Saskatchewan,10100
2016,GMC,Sierra 1500,SLE,8,Gasoline,183062.0,2025/07/31,Ontario,15000
2017,GMC,Sierra 1500,"4WD Double Cab 143.5""",8,Gasoline,160571.0,2025/07/31,New Brunswick,10900
2023,GMC,Sierra 1500,Elevation,8,Gasoline,76682.0,2025/07/31,Quebec,44900
2017,GMC,Sierra 1500,SLE,8,Gasoline,170225.0,2025/07/31,Ontario,14300
2024,GMC,Sierra 1500,SLE,6,Diesel,37727.0,2025/07/31,New Brunswick,54500
2021,GMC,Sierra 1500,Elevation,6,Diesel,146025.0,2025/07/31,New Brunswick,34000
2021,GMC,Sierra 1500,Denali,8,Gasoline,66162.0,2025/07/31,Ontario,53000
2020,GMC,Sierra 1500,Denali,8,Gasoline,79418.0,2025/07/31,Ontario,50250
2019,GMC,Sierra 1500,SLE,8,Gasoline,216407.0,2025/07/31,Ontario,17600
2019,GMC,Sierra 1500,SLE,8,Gasoline,93097.0,2025/07/31,Ontario,32750
2023,GMC,Sierra 1500,Elevation,4,Gasoline,38474.0,2025/07/31,Ontario,45500
2020,GMC,Sierra 1500,AT4,8,Gasoline,97241.0,2025/07/31,Ontario,43000
2020,GMC,Sierra 1500,AT4,8,Gasoline,174836.0,2025/07/31,British Columbia,39500
2023,GMC,Sierra 1500,Pro,4,Gasoline,59706.0,2025/07/31,Ontario,39750
2023,GMC,Sierra 1500,SLE,8,Gasoline,46885.0,2025/07/31,Quebec,45200
2024,GMC,Sierra 1500,Elevation,6,Diesel,46634.0,2025/07/31,Ontario,59250
2023,GMC,Sierra 1500,AT4,6,Diesel,87844.0,2025/07/31,Ontario,57250
2018,GMC,Sierra 1500,"4WD DOUBLE CAB 143.5""",8,Gasoline,188066.0,2025/07/31,Quebec,14000
2023,GMC,Sierra 1500,AT4,6,Diesel,44814.0,2025/07/31,Quebec,59500
2022,GMC,Sierra 1500,AT4,6,Diesel,103302.0,2025/07/31,Manitoba,45300
2016,GMC,Sierra 1500,SLE,8,Gasoline,180291.0,2025/07/31,New Brunswick,10000
2018,GMC,Sierra 1500,SLE,8,Gasoline,178154.0,2025/07/31,Manitoba,20250
2017,GMC,Sierra 1500,SLE,8,Gasoline,224254.0,2025/07/31,Ontario,9500
2014,GMC,Sierra 1500,SLT,8,Flex,228219.0,2025/07/31,British Columbia,9100
2021,GMC,Sierra 1500,SLE,8,Gasoline,76053.0,2025/07/31,Ontario,32100
2021,GMC,Sierra 1500,Elevation,8,Gasoline,72832.0,2025/07/31,Quebec,41500
2021,GMC,Sierra 1500,Elevation,6,Diesel,62368.0,2025/07/31,Quebec,39000
2021,GMC,Sierra 1500,SLT,8,Gasoline,103407.0,2025/07/31,Manitoba,35000
2023,GMC,Sierra 1500,Elevation,8,Gasoline,51358.0,2025/07/30,Saskatchewan,50000
2021,GMC,Sierra 1500,AT4,8,Gasoline,75574.0,2025/07/30,Ontario,50000
2017,GMC,Sierra 1500,"4WD Double Cab 143.5""",8,Gasoline,137726.0,2025/07/30,Alberta,16600
2021,GMC,Sierra 1500,SLE,8,Gasoline,134098.0,2025/07/30,Newfoundland and Labrador,20000
2021,GMC,Sierra 1500,Denali,8,Gasoline,90829.0,2025/07/30,Alberta,50200
2023,GMC,Sierra 1500,Elevation,8,Gasoline,85965.0,2025/07/30,Ontario,49300
2019,GMC,Sierra 1500,Denali,8,Gasoline,27185.0,2025/07/30,Quebec,54000
2023,GMC,Sierra 1500,Pro,8,Gasoline,38181.0,2025/07/30,Ontario,43750
2024,GMC,Sierra 1500,Pro,8,Gasoline,27240.0,2025/07/30,Quebec,44250
2023,GMC,Sierra 1500,Pro,8,Gasoline,30205.0,2025/07/30,Quebec,46000
2023,GMC,Sierra 1500,Pro,4,Gasoline,54099.0,2025/07/30,Ontario,38500
2023,GMC,Sierra 1500,Pro,4,Gasoline,28745.0,2025/07/30,Quebec,42200
2019,GMC,Sierra 1500,SLE,8,Gasoline,155226.0,2025/07/30,Ontario,21000
2019,GMC,Sierra 1500,Elevation,8,Gasoline,156182.0,2025/07/30,Quebec,28400
2019,GMC,Sierra 1500,Elevation,8,Gasoline,38115.0,2025/07/30,Quebec,39200
2023,GMC,Sierra 1500,SLE,8,Gasoline,93773.0,2025/07/30,Alberta,36500
2019,GMC,Sierra 1500,SLE,8,Gasoline,93799.0,2025/07/30,Quebec,30400
2019,GMC,Sierra 1500,SLE,8,Gasoline,163192.0,2025/07/30,Ontario,28000
2019,GMC,Sierra 1500,Elevation,8,Gasoline,130059.0,2025/07/30,Quebec,27000
2021,GMC,Sierra 1500,AT4,8,Gasoline,66448.0,2025/07/30,Ontario,48000
2023,GMC,Sierra 1500,Pro,8,Gasoline,33574.0,2025/07/30,Ontario,43750
2022,GMC,Sierra 1500,SLE,8,Gasoline,45517.0,2025/07/30,Quebec,43000
2023,GMC,Sierra 1500,Elevation,8,Gasoline,59133.0,2025/07/30,Quebec,54000
2024,GMC,Sierra 1500,AT4,6,Diesel,16110.0,2025/07/30,Quebec,73000
2024,GMC,Sierra 1500,AT4,6,Diesel,39016.0,2025/07/30,Quebec,70500
2023,GMC,Sierra 1500,AT4,6,Diesel,37775.0,2025/07/30,Quebec,66000
2023,GMC,Sierra 1500,AT4,6,Diesel,55110.0,2025/07/30,Alberta,64750
2024,GMC,Sierra 1500,AT4,8,Gasoline,45552.0,2025/07/30,Ontario,62000
2023,GMC,Sierra 1500,Denali,6,Diesel,73933.0,2025/07/30,Quebec,59500
2023,GMC,Sierra 1500,Denali,8,Gasoline,34113.0,2025/07/30,Ontario,65750
2023,GMC,Sierra 1500,Denali,8,Gasoline,50974.0,2025/07/30,Alberta,64100
2022,GMC,Sierra 1500,Denali,6,Diesel,77722.0,2025/07/30,Ontario,55000
2017,GMC,Sierra 1500,"4WD DOUBLE CAB 143.5""",8,Gasoline,156633.0,2025/07/30,Quebec,19400
2017,GMC,Sierra 1500,SLE,8,Gasoline,122126.0,2025/07/30,Ontario,23750
2023,GMC,Sierra 1500,SLE,6,Diesel,53059.0,2025/07/30,Quebec,43500
2023,GMC,Sierra 1500,Elevation,8,Gasoline,17073.0,2025/07/30,Quebec,52000
2023,GMC,Sierra 1500,Elevation,8,Gasoline,23725.0,2025/07/30,Ontario,53500
2023,GMC,Sierra 1500,Elevation,8,Gasoline,31553.0,2025/07/30,Ontario,49750
2023,GMC,Sierra 1500,Elevation,8,Gasoline,80930.0,2025/07/30,Ontario,44000
2022,GMC,Sierra 1500,AT4,6,Diesel,61240.0,2025/07/30,Quebec,49500
2023,GMC,Sierra 1500,Denali,8,Gasoline,53655.0,2025/07/30,Ontario,57250
2023,GMC,Sierra 1500,Denali,8,Gasoline,47733.0,2025/07/30,Quebec,56750
2023,GMC,Sierra 1500,Denali,8,Gasoline,76451.0,2025/07/30,Quebec,55000
2023,GMC,Sierra 1500,Denali,8,Gasoline,71125.0,2025/07/30,Quebec,55000
2023,GMC,Sierra 1500,Denali,8,Gasoline,37608.0,2025/07/30,Quebec,61500
2023,GMC,Sierra 1500,Pro,4,Gasoline,32424.0,2025/07/30,Quebec,40200
2022,GMC,Sierra 1500,Pro,4,Gasoline,26022.0,2025/07/30,Quebec,38200
2023,GMC,Sierra 1500,Elevation,4,Gasoline,41571.0,2025/07/30,Ontario,44000
2018,GMC,Sierra 1500,SLE,8,Gasoline,129954.0,2025/07/30,Quebec,24000
2021,GMC,Sierra 1500,SLE,8,Gasoline,69334.0,2025/07/30,Ontario,27250
2016,GMC,Sierra 1500,SLT,8,Gasoline,161303.0,2025/07/29,Ontario,17500
2017,GMC,Sierra 1500,4WD Crew Cab,8,Gasoline,68184.0,2025/07/29,Ontario,23000
2019,GMC,Sierra 1500,SLE,8,Gasoline,131798.0,2025/07/29,Alberta,24200
2023,GMC,Sierra 1500,Pro,4,Gasoline,42175.0,2025/07/29,Nova Scotia,39800
2020,GMC,Sierra 1500,CREW CAB SHORT BED,8,Gasoline,109427.0,2025/07/29,Nova Scotia,35000
2023,GMC,Sierra 1500,Pro,4,Gasoline,29769.0,2025/07/29,Nova Scotia,41200
2018,GMC,Sierra 1500,Other,8,Gasoline,133250.0,2025/07/29,Nova Scotia,13800
2024,GMC,Sierra 1500,Elevation,6,Diesel,20296.0,2025/07/29,Nova Scotia,59000
2018,GMC,Sierra 1500,SLE,8,Gasoline,137868.0,2025/07/29,Alberta,21400
2018,GMC,Sierra 1500,SLE,8,Gasoline,144105.0,2025/07/29,Alberta,18500
2018,GMC,Sierra 1500,SLE,8,Gasoline,148336.0,2025/07/29,Nova Scotia,21300
2017,GMC,Sierra 1500,Denali,8,Flex,182568.0,2025/07/29,Alberta,18900
2017,GMC,Sierra 1500,Denali,8,Flex,160188.0,2025/07/29,Alberta,22100
2022,GMC,Sierra 1500,Elevation,8,Gasoline,69685.0,2025/07/28,Ontario,44500
2021,GMC,Sierra 1500,Elevation,8,Gasoline,74611.0,2025/07/28,Ontario,37700
2023,GMC,Sierra 1500,Pro,4,Gasoline,16231.0,2025/07/28,Ontario,40400
2015,GMC,Sierra 1500,SLT,8,Gasoline,155853.0,2025/07/28,Ontario,14700
2017,GMC,Sierra 1500,SLT,8,Gasoline,90538.0,2025/07/28,Ontario,26500
2021,GMC,Sierra 1500,AT4,8,Gasoline,127549.0,2025/07/28,Ontario,44400
2017,GMC,Sierra 1500,SLE,8,Gasoline,142505.0,2025/07/28,Ontario,14300
2021,GMC,Sierra 1500,Elevation,6,Diesel,75126.0,2025/07/28,Quebec,33300
2023,GMC,Sierra 1500,AT4,8,Gasoline,51126.0,2025/07/28,Ontario,65800
2019,GMC,Sierra 1500,Denali,8,Gasoline,60341.0,2025/07/28,Ontario,49500
2015,GMC,Sierra 1500,CREW CAB STD BED,8,Gasoline,169894.0,2025/07/28,Nova Scotia,10000
2023,GMC,Sierra 1500,Denali,6,Diesel,30536.0,2025/07/26,British Columbia,66000
2017,GMC,Sierra 1500,SLE,8,Gasoline,157501.0,2025/07/26,Ontario,18700
2018,GMC,Sierra 1500,SLE,8,Gasoline,67955.0,2025/07/25,Ontario,33300
2023,GMC,Sierra 1500,Pro,8,Gasoline,70322.0,2025/07/25,Ontario,38100
2023,GMC,Sierra 1500,Elevation,8,Gasoline,75232.0,2025/07/25,Saskatchewan,49000
2022,GMC,Sierra 1500,Elevation,6,Diesel,98142.0,2025/07/25,Saskatchewan,41500
2018,GMC,Sierra 1500,Denali,8,Flex,157323.0,2025/07/25,Saskatchewan,28500
2015,GMC,Sierra 1500,SLT,8,Gasoline,212825.0,2025/07/24,British Columbia,13200
2018,GMC,Sierra 1500,Denali,8,Flex,208172.0,2025/07/24,Alberta,21100
2021,GMC,Sierra 1500,Denali,8,Gasoline,88800.0,2025/07/24,Ontario,50200
2023,GMC,Sierra 1500,Elevation,4,Gasoline,36000.0,2025/07/24,Ontario,47000
2023,GMC,Sierra 1500,Pro,4,Gasoline,25137.0,2025/07/24,Ontario,43000
2022,GMC,Sierra 1500,Elevation,8,Gasoline,67626.0,2025/07/24,Ontario,43000
2020,GMC,Sierra 1500,Elevation,8,Gasoline,57898.0,2025/07/24,Ontario,42700
2015,GMC,Sierra 1500,SLT,8,Gasoline,127782.0,2025/07/24,Ontario,19800
2020,GMC,Sierra 1500,Elevation,8,Gasoline,66176.0,2025/07/24,Ontario,42000
2022,GMC,Sierra 1500,Elevation,6,Diesel,85898.0,2025/07/24,Ontario,50000
2024,GMC,Sierra 1500,Elevation,6,Diesel,77834.0,2025/07/24,Ontario,51000
2022,GMC,Sierra 1500,Pro,4,Gasoline,59589.0,2025/07/24,Manitoba,35100
2019,GMC,Sierra 1500,SLT,8,Gasoline,165936.0,2025/07/24,Ontario,33250
2020,GMC,Sierra 1500,AT4,6,Diesel,59958.0,2025/07/24,Quebec,52600
2020,GMC,Sierra 1500,Denali,8,Gasoline,234253.0,2025/07/24,Ontario,30400
2024,GMC,Sierra 1500,Pro,8,Gasoline,15330.0,2025/07/24,Ontario,47500
2021,GMC,Sierra 1500,"4WD DOUBLE CAB 147""",8,Gasoline,95559.0,2025/07/24,Ontario,30200
2020,GMC,Sierra 1500,SLE,8,Gasoline,164988.0,2025/07/24,British Columbia,20700
2022,GMC,Sierra 1500,SLE,4,Gasoline,91275.0,2025/07/24,Ontario,33000
2020,GMC,Sierra 1500,SLE,8,Gasoline,90671.0,2025/07/24,New Brunswick,27200
2021,GMC,Sierra 1500,Elevation,8,Gasoline,99580.0,2025/07/24,Quebec,41300
2018,GMC,Sierra 1500,REGULAR CAB LONG BED,6,Flex,140296.0,2025/07/24,British Columbia,14600
2022,GMC,Sierra 1500,SLE,8,Gasoline,90104.0,2025/07/24,Ontario,37250
2022,GMC,Sierra 1500,SLE,8,Gasoline,122997.0,2025/07/24,Ontario,35500
2023,GMC,Sierra 1500,AT4,8,Gasoline,52719.0,2025/07/24,Ontario,63500
2023,GMC,Sierra 1500,AT4,8,Gasoline,77343.0,2025/07/24,Quebec,58800
2023,GMC,Sierra 1500,AT4,8,Gasoline,50795.0,2025/07/24,Ontario,66500
2022,GMC,Sierra 1500,AT4,6,Diesel,67366.0,2025/07/24,Ontario,56000
2018,GMC,Sierra 1500,"4WD DOUBLE CAB 143.5""",8,Gasoline,230298.0,2025/07/24,Ontario,9500
2018,GMC,Sierra 1500,"4WD DOUBLE CAB 143.5""",8,Gasoline,151676.0,2025/07/24,Ontario,21200
2018,GMC,Sierra 1500,"4WD DOUBLE CAB 143.5""",8,Gasoline,167589.0,2025/07/24,Ontario,16800
2024,GMC,Sierra 1500,Elevation,6,Diesel,88593.0,2025/07/24,Quebec,47300
2023,GMC,Sierra 1500,Elevation,6,Diesel,127938.0,2025/07/24,Quebec,44000
2023,GMC,Sierra 1500,AT4,6,Diesel,49261.0,2025/07/24,British Columbia,63000
2023,GMC,Sierra 1500,AT4X,8,Gasoline,74239.0,2025/07/24,Ontario,63000
2022,GMC,Sierra 1500,Denali,8,Gasoline,95680.0,2025/07/24,Ontario,46500
2024,GMC,Sierra 1500,Elevation,4,Gasoline,46226.0,2025/07/24,Ontario,46200
2017,GMC,Sierra 1500,SLT,8,Flex,105228.0,2025/07/24,British Columbia,25000
2018,GMC,Sierra 1500,Denali,8,Flex,222387.0,2025/07/24,Ontario,18200
2020,GMC,Sierra 1500,Elevation,8,Gasoline,139200.0,2025/07/23,Ontario,32500
2020,GMC,Sierra 1500,Denali,6,Diesel,215843.0,2025/07/23,Ontario,25000
2017,GMC,Sierra 1500,Denali,8,Flex,184586.0,2025/07/23,Ontario,20800
2021,GMC,Sierra 1500,AT4,8,Gasoline,88500.0,2025/07/23,New Brunswick,45500
2017,GMC,Sierra 1500,SLE,8,Gasoline,156413.0,2025/07/23,Ontario,22400
2021,GMC,Sierra 1500,SLE,4,Gasoline,63172.0,2025/07/23,Ontario,30800
2020,GMC,Sierra 1500,SLT,8,Gasoline,152699.0,2025/07/23,British Columbia,25500
2021,GMC,Sierra 1500,AT4,6,Diesel,48797.0,2025/07/23,Quebec,52000
2020,GMC,Sierra 1500,Denali,8,Gasoline,75265.0,2025/07/23,Ontario,48250
2023,GMC,Sierra 1500,Pro,8,Gasoline,30217.0,2025/07/23,Quebec,39800
2023,GMC,Sierra 1500,Pro,8,Gasoline,20139.0,2025/07/23,Quebec,43200
2023,GMC,Sierra 1500,Pro,8,Gasoline,42617.0,2025/07/23,Quebec,43500
2023,GMC,Sierra 1500,Pro,4,Gasoline,23607.0,2025/07/23,Quebec,42000
2023,GMC,Sierra 1500,Pro,4,Gasoline,54097.0,2025/07/23,Quebec,37800
2022,GMC,Sierra 1500,Pro,8,Gasoline,135152.0,2025/07/23,Quebec,25200
2020,GMC,Sierra 1500,SLE,8,Gasoline,196944.0,2025/07/23,Quebec,24000
2019,GMC,Sierra 1500,AT4,8,Gasoline,96043.0,2025/07/23,Quebec,44800
2022,GMC,Sierra 1500,Pro,4,Gasoline,43947.0,2025/07/23,Quebec,41200
2023,GMC,Sierra 1500,Pro,4,Gasoline,67500.0,2025/07/23,Quebec,36400
2023,GMC,Sierra 1500,Pro,4,Gasoline,25391.0,2025/07/23,Ontario,41750
2023,GMC,Sierra 1500,Pro,8,Gasoline,30496.0,2025/07/23,Quebec,45400
2023,GMC,Sierra 1500,SLE,8,Gasoline,85765.0,2025/07/23,Quebec,35250
2023,GMC,Sierra 1500,Elevation,6,Diesel,86596.0,2025/07/23,Quebec,50000
2024,GMC,Sierra 1500,Elevation,8,Gasoline,26714.0,2025/07/23,Ontario,57000
2023,GMC,Sierra 1500,Elevation,8,Gasoline,15129.0,2025/07/23,Alberta,53100
2024,GMC,Sierra 1500,Elevation,8,Gasoline,22698.0,2025/07/23,Quebec,60400
2024,GMC,Sierra 1500,AT4,6,Diesel,32552.0,2025/07/23,Quebec,70400
2022,GMC,Sierra 1500,AT4,6,Diesel,101980.0,2025/07/23,Quebec,49000
2018,GMC,Sierra 1500,SLE,8,Gasoline,85012.0,2025/07/23,Ontario,31500
2023,GMC,Sierra 1500,Elevation,8,Gasoline,25110.0,2025/07/23,Ontario,51750
2023,GMC,Sierra 1500,Elevation,8,Gasoline,53763.0,2025/07/23,Ontario,48000
2023,GMC,Sierra 1500,Elevation,8,Gasoline,41127.0,2025/07/23,Quebec,51000
2023,GMC,Sierra 1500,Elevation,8,Gasoline,98345.0,2025/07/23,Quebec,41000
2023,GMC,Sierra 1500,Elevation,8,Gasoline,44890.0,2025/07/23,Quebec,53100
2023,GMC,Sierra 1500,Elevation,8,Gasoline,64268.0,2025/07/23,Alberta,48100
2023,GMC,Sierra 1500,Elevation,8,Gasoline,44253.0,2025/07/23,Quebec,51400
2023,GMC,Sierra 1500,Elevation,8,Gasoline,32619.0,2025/07/23,Quebec,49500
2023,GMC,Sierra 1500,Elevation,8,Gasoline,60479.0,2025/07/23,Ontario,45500
2023,GMC,Sierra 1500,Elevation,8,Gasoline,28631.0,2025/07/23,Quebec,51500
2022,GMC,Sierra 1500,Elevation,6,Diesel,69957.0,2025/07/23,Quebec,44500
2022,GMC,Sierra 1500,AT4,6,Diesel,91988.0,2025/07/23,Ontario,49000
2023,GMC,Sierra 1500,Denali,8,Gasoline,38256.0,2025/07/23,Ontario,62250
2021,GMC,Sierra 1500,REGULAR CAB LONG BED,8,Gasoline,65403.0,2025/07/23,Quebec,33800
2022,GMC,Sierra 1500,Pro,4,Gasoline,87406.0,2025/07/23,Alberta,24100
2021,GMC,Sierra 1500,4WD CREW CAB,4,Gasoline,84293.0,2025/07/23,Ontario,34500
2021,GMC,Sierra 1500,AT4,8,Gasoline,176752.0,2025/07/23,Ontario,34250
2023,GMC,Sierra 1500,Pro,4,Gasoline,35109.0,2025/07/23,Quebec,39000
2023,GMC,Sierra 1500,Pro,4,Gasoline,34018.0,2025/07/23,Quebec,41000
2022,GMC,Sierra 1500,Pro,4,Gasoline,27750.0,2025/07/23,Quebec,38000
2022,GMC,Sierra 1500,Pro,4,Gasoline,57302.0,2025/07/23,Quebec,36800
2022,GMC,Sierra 1500,Pro,4,Gasoline,37683.0,2025/07/23,Quebec,37000
2022,GMC,Sierra 1500,Elevation,4,Gasoline,58917.0,2025/07/23,Ontario,42250
2023,GMC,Sierra 1500,Elevation,4,Gasoline,31027.0,2025/07/23,Quebec,49000
2018,GMC,Sierra 1500,SLE,8,Gasoline,192101.0,2025/07/23,Alberta,10800
2018,GMC,Sierra 1500,SLE,8,Gasoline,153190.0,2025/07/23,Quebec,22200
2021,GMC,Sierra 1500,Elevation,8,Gasoline,62189.0,2025/07/23,Ontario,39500
2022,GMC,Sierra 1500,Pro,8,Gasoline,29594.0,2025/07/23,Quebec,37600
2023,GMC,Sierra 1500,SLE,8,Gasoline,47242.0,2025/07/23,Quebec,42000
2021,GMC,Sierra 1500,Elevation,6,Diesel,86130.0,2025/07/22,British Columbia,41700
2020,GMC,Sierra 1500,SLT,8,Gasoline,71103.0,2025/07/22,British Columbia,47400
2016,GMC,Sierra 1500,Denali,8,Gasoline,163816.0,2025/07/22,Alberta,24000
2022,GMC,Sierra 1500,Elevation,8,Gasoline,84154.0,2025/07/22,Quebec,47500
2021,GMC,Sierra 1500,Denali,8,Gasoline,58703.0,2025/07/22,Ontario,46500
2023,GMC,Sierra 1500,Pro,4,Gasoline,41185.0,2025/07/22,Quebec,40600
2020,GMC,Sierra 1500,SLT,8,Gasoline,96871.0,2025/07/22,Alberta,36800
2023,GMC,Sierra 1500,SLE,4,Gasoline,115600.0,2025/07/22,Alberta,33000
2023,GMC,Sierra 1500,SLE,4,Gasoline,128530.0,2025/07/22,Alberta,30700
2023,GMC,Sierra 1500,SLE,8,Gasoline,141058.0,2025/07/22,Alberta,28100
2023,GMC,Sierra 1500,SLE,8,Gasoline,96551.0,2025/07/22,Alberta,28200
2024,GMC,Sierra 1500,SLE,8,Gasoline,130511.0,2025/07/22,Alberta,32500
2019,GMC,Sierra 1500,SLE,8,Gasoline,40361.0,2025/07/22,Alberta,35900
2019,GMC,Sierra 1500,Elevation,8,Gasoline,59925.0,2025/07/22,Alberta,40000
2023,GMC,Sierra 1500,SLE,8,Gasoline,94174.0,2025/07/22,Nova Scotia,40100
2024,GMC,Sierra 1500,AT4,6,Diesel,47821.0,2025/07/22,Alberta,69750
2016,GMC,Sierra 1500,Denali,8,Flex,232605.0,2025/07/22,Nova Scotia,11200
2022,GMC,Sierra 1500,Elevation,6,Diesel,125518.0,2025/07/21,Quebec,42500
2019,GMC,Sierra 1500,AT4,8,Gasoline,96516.0,2025/07/21,Alberta,46600
2021,GMC,Sierra 1500,Elevation,8,Gasoline,121045.0,2025/07/21,Ontario,31500
2021,GMC,Sierra 1500,Denali,8,Gasoline,117325.0,2025/07/21,Ontario,41000
2021,GMC,Sierra 1500,Denali,6,Diesel,88354.0,2025/07/21,Ontario,50500
2018,GMC,Sierra 1500,Denali,8,Gasoline,122178.0,2025/07/21,Ontario,32100
2021,GMC,Sierra 1500,AT4,8,Gasoline,127640.0,2025/07/21,Ontario,45300
2015,GMC,Sierra 1500,Other,8,Gasoline,81217.0,2025/07/19,British Columbia,20000
2022,GMC,Sierra 1500,Elevation,4,Gasoline,79842.0,2025/07/18,Quebec,38000
2021,GMC,Sierra 1500,Denali,8,Gasoline,45339.0,2025/07/18,Ontario,49500
2019,GMC,Sierra 1500,AT4,8,Gasoline,169554.0,2025/07/18,Ontario,34800
2024,GMC,Sierra 1500,Elevation,4,Gasoline,23593.0,2025/07/18,Alberta,55000
2023,GMC,Sierra 1500,SLE,4,Gasoline,34705.0,2025/07/18,Ontario,42100
2018,GMC,Sierra 1500,4WD Crew Cab,8,Gasoline,115305.0,2025/07/18,Alberta,19000
2018,GMC,Sierra 1500,SLT,8,Flex,183644.0,2025/07/18,Ontario,11000
2017,GMC,Sierra 1500,SLE,8,Gasoline,109665.0,2025/07/18,Quebec,18000
2020,GMC,Sierra 1500,Elevation,8,Gasoline,135259.0,2025/07/18,Ontario,32600
2023,GMC,Sierra 1500,Pro,8,Gasoline,159381.0,2025/07/18,Saskatchewan,24000
2023,GMC,Sierra 1500,Elevation,8,Gasoline,81736.0,2025/07/18,Manitoba,46500
2021,GMC,Sierra 1500,AT4,8,Gasoline,161184.0,2025/07/18,Saskatchewan,33500
2016,GMC,Sierra 1500,"4WD Double Cab 143.5""",8,Gasoline,75356.0,2025/07/17,Ontario,23500
2018,GMC,Sierra 1500,SLT,8,Gasoline,124339.0,2025/07/17,Saskatchewan,28000
2024,GMC,Sierra 1500,AT4,6,Diesel,73125.0,2025/07/17,Ontario,64800
2023,GMC,Sierra 1500,Pro,4,Gasoline,33483.0,2025/07/17,Quebec,41700
2019,GMC,Sierra 1500,CREW CAB STD BED,8,Gasoline,210325.0,2025/07/17,Manitoba,11300
2020,GMC,Sierra 1500,Elevation,8,Gasoline,160845.0,2025/07/17,Ontario,27600
2020,GMC,Sierra 1500,Elevation,8,Gasoline,131872.0,2025/07/17,Manitoba,34500
2023,GMC,Sierra 1500,Elevation,6,Diesel,61212.0,2025/07/17,Quebec,55400
2022,GMC,Sierra 1500,Elevation,6,Diesel,93464.0,2025/07/17,Ontario,49250
2023,GMC,Sierra 1500,AT4,6,Diesel,55818.0,2025/07/17,British Columbia,67250
2023,GMC,Sierra 1500,Denali,8,Gasoline,20369.0,2025/07/17,Ontario,67750
2024,GMC,Sierra 1500,Denali Ultimate,6,Diesel,43413.0,2025/07/17,Ontario,79750
2015,GMC,Sierra 1500,Other,6,Flex,128967.0,2025/07/17,Quebec,12000
2022,GMC,Sierra 1500,Elevation,6,Diesel,73579.0,2025/07/17,Quebec,49600
2022,GMC,Sierra 1500,Pro,8,Gasoline,53548.0,2025/07/17,Manitoba,27000
2018,GMC,Sierra 1500,SLE,8,Gasoline,179557.0,2025/07/17,Manitoba,17500
2018,GMC,Sierra 1500,SLE,8,Gasoline,230907.0,2025/07/17,Manitoba,13100
2018,GMC,Sierra 1500,SLE,8,Gasoline,136437.0,2025/07/17,Manitoba,23000
2016,GMC,Sierra 1500,SLE,8,Gasoline,128752.0,2025/07/17,British Columbia,21500
2018,GMC,Sierra 1500,SLT,8,Gasoline,229800.0,2025/07/17,British Columbia,15400
2015,GMC,Sierra 1500,SLT,8,Gasoline,167743.0,2025/07/17,British Columbia,19100
2021,GMC,Sierra 1500,AT4,6,Diesel,139530.0,2025/07/16,Manitoba,41000
2022,GMC,Sierra 1500,Denali Ultimate,8,Gasoline,112985.0,2025/07/16,Manitoba,62800
2019,GMC,Sierra 1500,SLT,8,Gasoline,152260.0,2025/07/16,Quebec,28500
2022,GMC,Sierra 1500,Pro,8,Gasoline,30789.0,2025/07/16,Quebec,42000
2023,GMC,Sierra 1500,Pro,8,Gasoline,38178.0,2025/07/16,Quebec,43000
2023,GMC,Sierra 1500,Pro,8,Gasoline,38265.0,2025/07/16,Quebec,45500
2022,GMC,Sierra 1500,Pro,8,Gasoline,56873.0,2025/07/16,Quebec,35200
2023,GMC,Sierra 1500,Pro,8,Gasoline,36282.0,2025/07/16,Quebec,45000
2023,GMC,Sierra 1500,Pro,4,Gasoline,24811.0,2025/07/16,Ontario,42750
2023,GMC,Sierra 1500,Elevation,4,Gasoline,79031.0,2025/07/16,Quebec,45000
2022,GMC,Sierra 1500,AT4,8,Gasoline,106568.0,2025/07/16,Ontario,52500
2022,GMC,Sierra 1500,Pro,4,Gasoline,155240.0,2025/07/16,Quebec,22700
2023,GMC,Sierra 1500,SLE,8,Gasoline,115523.0,2025/07/16,Alberta,28250
2021,GMC,Sierra 1500,SLE,8,Gasoline,51769.0,2025/07/16,Ontario,36250
2020,GMC,Sierra 1500,Elevation,8,Gasoline,145602.0,2025/07/16,Ontario,32750
2021,GMC,Sierra 1500,Elevation,8,Gasoline,48827.0,2025/07/16,Quebec,48000
2015,GMC,Sierra 1500,SLE,8,Gasoline,111691.0,2025/07/16,Ontario,29000
2020,GMC,Sierra 1500,AT4,8,Gasoline,166420.0,2025/07/16,Ontario,38000
2023,GMC,Sierra 1500,Pro,4,Gasoline,28426.0,2025/07/16,Ontario,41500
2023,GMC,Sierra 1500,Pro,4,Gasoline,63634.0,2025/07/16,Ontario,33500
2023,GMC,Sierra 1500,Pro,4,Gasoline,45602.0,2025/07/16,Quebec,37500
2023,GMC,Sierra 1500,Pro,4,Gasoline,25386.0,2025/07/16,Quebec,41700
2022,GMC,Sierra 1500,Pro,4,Gasoline,44971.0,2025/07/16,Quebec,36400
2024,GMC,Sierra 1500,Elevation,6,Diesel,58218.0,2025/07/16,Quebec,59500
2022,GMC,Sierra 1500,Elevation,8,Gasoline,147779.0,2025/07/16,Quebec,37200
2017,GMC,Sierra 1500,Other,8,Gasoline,146373.0,2025/07/16,Ontario,19500
2022,GMC,Sierra 1500,Elevation,8,Gasoline,72229.0,2025/07/16,Quebec,35000
2023,GMC,Sierra 1500,Elevation,8,Gasoline,31922.0,2025/07/16,Ontario,50500
2023,GMC,Sierra 1500,Elevation,8,Gasoline,55104.0,2025/07/16,Quebec,49500
2023,GMC,Sierra 1500,Elevation,8,Gasoline,41152.0,2025/07/16,Ontario,50000
2023,GMC,Sierra 1500,SLT,8,Gasoline,47187.0,2025/07/16,Ontario,54500
2023,GMC,Sierra 1500,Denali,6,Diesel,24015.0,2025/07/16,Ontario,62500
2023,GMC,Sierra 1500,Denali,6,Diesel,37271.0,2025/07/16,Quebec,62000
2023,GMC,Sierra 1500,Denali,8,Gasoline,29919.0,2025/07/16,Ontario,63000
2023,GMC,Sierra 1500,Denali,8,Gasoline,31241.0,2025/07/16,Ontario,62750
2022,GMC,Sierra 1500,Pro,8,Gasoline,58899.0,2025/07/16,Alberta,28800
2022,GMC,Sierra 1500,Pro,8,Gasoline,104759.0,2025/07/16,Alberta,20700
2022,GMC,Sierra 1500,Pro,4,Gasoline,108258.0,2025/07/16,Alberta,21800
2024,GMC,Sierra 1500,Pro,8,Gasoline,27548.0,2025/07/16,Alberta,43600
2021,GMC,Sierra 1500,AT4,8,Gasoline,166358.0,2025/07/16,Alberta,28000
2022,GMC,Sierra 1500,Pro,4,Gasoline,24924.0,2025/07/16,Ontario,40500
2023,GMC,Sierra 1500,Pro,4,Gasoline,45391.0,2025/07/16,Quebec,36800
2023,GMC,Sierra 1500,Elevation,4,Gasoline,15184.0,2025/07/16,Ontario,49750
2015,GMC,Sierra 1500,SLE,8,Gasoline,210195.0,2025/07/16,Quebec,9000
2023,GMC,Sierra 1500,SLE,6,Diesel,45469.0,2025/07/16,Quebec,43000
2024,GMC,Sierra 1500,SLE,8,Gasoline,15228.0,2025/07/16,Alberta,50000
2012,GMC,Sierra 1500,SLT,8,Flex,171812.0,2025/07/15,Alberta,11200
2018,GMC,Sierra 1500,4WD Crew Cab,8,Gasoline,167280.0,2025/07/15,Alberta,16000
2023,GMC,Sierra 1500,Denali,8,Gasoline,68386.0,2025/07/15,Quebec,63800
2020,GMC,Sierra 1500,Elevation,8,Gasoline,118828.0,2025/07/15,Quebec,35600
2021,GMC,Sierra 1500,Denali,8,Gasoline,125461.0,2025/07/15,Alberta,43250
2021,GMC,Sierra 1500,SLE,8,Gasoline,106699.0,2025/07/15,Alberta,27500
2019,GMC,Sierra 1500,AT4,8,Gasoline,116094.0,2025/07/15,Nova Scotia,38800
2023,GMC,Sierra 1500,Pro,8,Gasoline,59984.0,2025/07/15,Nova Scotia,38500
2018,GMC,Sierra 1500,Denali,8,Gasoline,163448.0,2025/07/14,Alberta,28400
2017,GMC,Sierra 1500,SLT,8,Hybrid,146980.0,2025/07/14,Alberta,23000
2024,GMC,Sierra 1500,Denali,6,Diesel,94863.0,2025/07/14,Ontario,65900
2021,GMC,Sierra 1500,Elevation,6,Diesel,85510.0,2025/07/14,Manitoba,41500
2018,GMC,Sierra 1500,"4WD DOUBLE CAB 143.5""",8,Gasoline,211961.0,2025/07/14,Ontario,17000
2024,GMC,Sierra 1500,Elevation,8,Gasoline,66738.0,2025/07/12,Ontario,53200
2017,GMC,Sierra 1500,"4WD Double Cab 143.5""",8,Gasoline,115729.0,2025/07/11,Ontario,25000
2022,GMC,Sierra 1500,AT4,6,Diesel,117240.0,2025/07/11,Ontario,52300
2020,GMC,Sierra 1500,AT4,8,Gasoline,73770.0,2025/07/11,Newfoundland and Labrador,47700
2022,GMC,Sierra 1500,Pro,8,Gasoline,62376.0,2025/07/11,Saskatchewan,26100
2018,GMC,Sierra 1500,SLT,8,Flex,149037.0,2025/07/11,Saskatchewan,15250
2017,GMC,Sierra 1500,SLT,8,Gasoline,139023.0,2025/07/10,Ontario,23500
2022,GMC,Sierra 1500,Elevation,4,Gasoline,52123.0,2025/07/10,Quebec,41500
2018,GMC,Sierra 1500,SLT,8,Flex,101439.0,2025/07/10,Ontario,31000
2023,GMC,Sierra 1500,AT4,8,Gasoline,96381.0,2025/07/10,Ontario,58500
2018,GMC,Sierra 1500,"4WD Double Cab 143.5""",8,Gasoline,183701.0,2025/07/10,British Columbia,13300
2015,GMC,Sierra 1500,SLT,8,Gasoline,211817.0,2025/07/10,Ontario,15200
2021,GMC,Sierra 1500,Denali,8,Gasoline,135725.0,2025/07/10,British Columbia,45250
2023,GMC,Sierra 1500,Pro,8,Gasoline,52996.0,2025/07/10,Ontario,38300
2022,GMC,Sierra 1500,Pro,8,Gasoline,41065.0,2025/07/10,New Brunswick,42400
2023,GMC,Sierra 1500,Pro,8,Gasoline,88800.0,2025/07/10,Manitoba,35100
2023,GMC,Sierra 1500,Pro,8,Gasoline,20504.0,2025/07/10,Manitoba,44700
2017,GMC,Sierra 1500,"2WD DOUBLE CAB 143.5""",6,Flex,203292.0,2025/07/10,Ontario,9800
2021,GMC,Sierra 1500,SLE,4,Gasoline,66502.0,2025/07/10,Ontario,35750
2021,GMC,Sierra 1500,SLE,4,Gasoline,63166.0,2025/07/10,Quebec,31600
2021,GMC,Sierra 1500,Elevation,8,Gasoline,50671.0,2025/07/10,British Columbia,49250
2019,GMC,Sierra 1500,AT4,8,Gasoline,64115.0,2025/07/10,Ontario,50250
2019,GMC,Sierra 1500,AT4,8,Gasoline,146556.0,2025/07/10,Ontario,38100
2022,GMC,Sierra 1500,Pro,4,Gasoline,53339.0,2025/07/10,Manitoba,34100
2023,GMC,Sierra 1500,Pro,4,Gasoline,49549.0,2025/07/10,Ontario,38000
2024,GMC,Sierra 1500,Pro,4,Gasoline,37330.0,2025/07/10,Ontario,43000
2024,GMC,Sierra 1500,Elevation,6,Diesel,42168.0,2025/07/10,Ontario,59250
2024,GMC,Sierra 1500,Elevation,6,Diesel,27484.0,2025/07/10,Ontario,60700
2023,GMC,Sierra 1500,AT4,8,Gasoline,38795.0,2025/07/10,New Brunswick,67600
2023,GMC,Sierra 1500,Denali,8,Gasoline,67041.0,2025/07/10,Ontario,64900
2023,GMC,Sierra 1500,Denali Ultimate,8,Gasoline,55808.0,2025/07/10,Manitoba,70000
2024,GMC,Sierra 1500,Elevation,8,Gasoline,29979.0,2025/07/10,Ontario,54250
2023,GMC,Sierra 1500,Elevation,8,Gasoline,28934.0,2025/07/10,Ontario,49100
2023,GMC,Sierra 1500,Denali,8,Gasoline,63032.0,2025/07/10,Manitoba,59100
2023,GMC,Sierra 1500,Denali,8,Gasoline,38805.0,2025/07/10,Manitoba,64000
2018,GMC,Sierra 1500,SLE,8,Gasoline,72569.0,2025/07/10,Manitoba,27500
2018,GMC,Sierra 1500,Denali,8,Flex,153216.0,2025/07/10,British Columbia,27000
2015,GMC,Sierra 1500,SLE,8,Gasoline,214272.0,2025/07/10,Ontario,11700
2021,GMC,Sierra 1500,Denali,6,Diesel,244023.0,2025/07/10,Ontario,23100
2014,GMC,Sierra 1500,SLT,8,Flex,199169.0,2025/07/09,Alberta,14700
2017,GMC,Sierra 1500,SLT,8,Gasoline,219090.0,2025/07/09,Ontario,16000
2019,GMC,Sierra 1500,Elevation,8,Gasoline,174852.0,2025/07/09,Ontario,26200
2018,GMC,Sierra 1500,SLT,8,Flex,194809.0,2025/07/09,Quebec,19200
2017,GMC,Sierra 1500,Denali,8,Gasoline,209928.0,2025/07/09,Ontario,15000
2023,GMC,Sierra 1500,Denali,8,Gasoline,78616.0,2025/07/09,Manitoba,60000
2018,GMC,Sierra 1500,SLE,8,Gasoline,105430.0,2025/07/09,Ontario,25800
2021,GMC,Sierra 1500,SLE,6,Diesel,163215.0,2025/07/09,Alberta,29000
2020,GMC,Sierra 1500,Denali,8,Gasoline,75040.0,2025/07/09,Quebec,45500
2023,GMC,Sierra 1500,Pro,8,Gasoline,37365.0,2025/07/09,Quebec,42500
2023,GMC,Sierra 1500,Pro,4,Gasoline,29341.0,2025/07/09,Alberta,42750
2022,GMC,Sierra 1500,Pro,4,Gasoline,36740.0,2025/07/09,Quebec,39500
2023,GMC,Sierra 1500,Pro,4,Gasoline,29285.0,2025/07/09,Ontario,41750
2023,GMC,Sierra 1500,Elevation,4,Gasoline,57571.0,2025/07/09,Alberta,48800
2019,GMC,Sierra 1500,CREW CAB SHORT BED,8,Gasoline,154758.0,2025/07/09,Quebec,21000
2021,GMC,Sierra 1500,CREW CAB STD BED,8,Gasoline,212581.0,2025/07/09,Quebec,22800
2020,GMC,Sierra 1500,AT4,8,Gasoline,106341.0,2025/07/09,Ontario,45000
2023,GMC,Sierra 1500,Pro,4,Gasoline,27022.0,2025/07/09,Quebec,41200
2023,GMC,Sierra 1500,Pro,4,Gasoline,33877.0,2025/07/09,Alberta,46400
2023,GMC,Sierra 1500,Pro,4,Gasoline,21194.0,2025/07/09,Ontario,42100
2023,GMC,Sierra 1500,Pro,4,Gasoline,25132.0,2025/07/09,Quebec,42500
2022,GMC,Sierra 1500,Elevation,6,Diesel,112192.0,2025/07/09,Ontario,44500
2022,GMC,Sierra 1500,SLT,8,Gasoline,54209.0,2025/07/09,Ontario,54250
2023,GMC,Sierra 1500,AT4,8,Gasoline,31522.0,2025/07/09,Alberta,66500
2023,GMC,Sierra 1500,Denali,8,Gasoline,59821.0,2025/07/09,Alberta,64000
2023,GMC,Sierra 1500,Denali Ultimate,6,Diesel,39897.0,2025/07/09,Quebec,76800
2018,GMC,Sierra 1500,SLE,8,Gasoline,119837.0,2025/07/09,Alberta,22900
2024,GMC,Sierra 1500,Elevation,6,Diesel,36398.0,2025/07/09,Quebec,54750
2024,GMC,Sierra 1500,Elevation,6,Diesel,38452.0,2025/07/09,Ontario,56500
2024,GMC,Sierra 1500,Elevation,8,Gasoline,19463.0,2025/07/09,Ontario,55000
2023,GMC,Sierra 1500,Elevation,8,Gasoline,53445.0,2025/07/09,Ontario,50500
2024,GMC,Sierra 1500,AT4,6,Diesel,53070.0,2025/07/09,Quebec,60500
2023,GMC,Sierra 1500,Denali,8,Gasoline,79244.0,2025/07/09,Ontario,55500
2023,GMC,Sierra 1500,Denali,8,Gasoline,27635.0,2025/07/09,Ontario,62500
2023,GMC,Sierra 1500,Denali,8,Gasoline,40304.0,2025/07/09,Quebec,61500
2022,GMC,Sierra 1500,Pro,8,Gasoline,102087.0,2025/07/09,Alberta,19600
2023,GMC,Sierra 1500,Pro,4,Gasoline,47876.0,2025/07/09,Quebec,38600
2021,GMC,Sierra 1500,Elevation,8,Gasoline,147133.0,2025/07/09,Quebec,33250
2024,GMC,Sierra 1500,AT4,6,Diesel,31800.0,2025/07/08,Ontario,68000
2021,GMC,Sierra 1500,Denali,8,Gasoline,67702.0,2025/07/08,Quebec,45500
2015,GMC,Sierra 1500,SLT,8,Gasoline,183515.0,2025/07/08,Ontario,14800
2017,GMC,Sierra 1500,Denali,8,Flex,143659.0,2025/07/08,Alberta,31000
2023,GMC,Sierra 1500,Elevation,8,Gasoline,81298.0,2025/07/08,Quebec,48500
2021,GMC,Sierra 1500,Denali,8,Gasoline,75595.0,2025/07/08,Ontario,50300
2023,GMC,Sierra 1500,Pro,4,Gasoline,39999.0,2025/07/08,Quebec,42000
2023,GMC,Sierra 1500,Pro,4,Gasoline,38128.0,2025/07/08,Quebec,42700
2016,GMC,Sierra 1500,Denali,8,Gasoline,187706.0,2025/07/08,Alberta,22000
2023,GMC,Sierra 1500,Pro,8,Gasoline,37997.0,2025/07/08,Nova Scotia,46400
2023,GMC,Sierra 1500,SLE,8,Gasoline,145952.0,2025/07/08,Alberta,29000
2020,GMC,Sierra 1500,SLE,8,Gasoline,166522.0,2025/07/08,Alberta,23600
2021,GMC,Sierra 1500,SLE,8,Gasoline,141801.0,2025/07/08,Alberta,23250
2020,GMC,Sierra 1500,SLE,8,Gasoline,186852.0,2025/07/08,Alberta,21500
2021,GMC,Sierra 1500,SLE,8,Gasoline,219987.0,2025/07/08,Alberta,20250
2018,GMC,Sierra 1500,SLE,8,Gasoline,129976.0,2025/07/08,Alberta,22250
2024,GMC,Sierra 1500,Elevation,8,Gasoline,88809.0,2025/07/08,Alberta,40700
2012,GMC,Sierra 1500,SLE,8,Flex,151546.0,2025/07/08,Alberta,10600
2018,GMC,Sierra 1500,SLE,8,Gasoline,126576.0,2025/07/08,Alberta,19400
2018,GMC,Sierra 1500,Denali,8,Flex,171430.0,2025/07/08,Alberta,22000
2017,GMC,Sierra 1500,SLE,8,Gasoline,163977.0,2025/07/07,Ontario,14000
2023,GMC,Sierra 1500,Denali,8,Gasoline,72471.0,2025/07/07,Ontario,61100
2018,GMC,Sierra 1500,Denali,8,Gasoline,199198.0,2025/07/07,Ontario,21700
2017,GMC,Sierra 1500,SLE,8,Gasoline,117600.0,2025/07/07,British Columbia,25500
2019,GMC,Sierra 1500,Elevation,8,Gasoline,135590.0,2025/07/07,New Brunswick,32000
2015,GMC,Sierra 1500,SLE,8,Gasoline,102299.0,2025/07/07,Ontario,22000
2018,GMC,Sierra 1500,"4WD DOUBLE CAB 143.5""",8,Gasoline,172940.0,2025/07/07,Ontario,16600
2015,GMC,Sierra 1500,SLT,8,Gasoline,127361.0,2025/07/07,Ontario,16000
2024,GMC,Sierra 1500,4WD Crew Cab,8,Gasoline,25775.0,2025/07/05,Alberta,80500
2021,GMC,Sierra 1500,"4WD CREW CAB 147""",8,Gasoline,75913.0,2025/07/05,Ontario,32900
2014,GMC,Sierra 1500,SLE,8,Flex,180292.0,2025/07/05,British Columbia,10500
2016,GMC,Sierra 1500,SLE,8,Gasoline,210636.0,2025/07/04,Ontario,16500
2022,GMC,Sierra 1500,Elevation,4,Gasoline,98766.0,2025/07/04,Ontario,37000
2023,GMC,Sierra 1500,Pro,8,Gasoline,48406.0,2025/07/04,Newfoundland and Labrador,41000
2024,GMC,Sierra 1500,SLE,8,Gasoline,18300.0,2025/07/04,Saskatchewan,51000
2018,GMC,Sierra 1500,SLT,8,Gasoline,132886.0,2025/07/03,Ontario,27800
2021,GMC,Sierra 1500,4WD Crew Cab,8,Gasoline,77102.0,2025/07/03,Ontario,35200
2023,GMC,Sierra 1500,Pro,4,Gasoline,36797.0,2025/07/03,Quebec,42600
2023,GMC,Sierra 1500,Elevation,4,Gasoline,44623.0,2025/07/03,British Columbia,47750
2021,GMC,Sierra 1500,CREW CAB STD BED,8,Gasoline,113793.0,2025/07/03,Ontario,32250
2021,GMC,Sierra 1500,Elevation,8,Gasoline,122275.0,2025/07/03,Ontario,36000
2023,GMC,Sierra 1500,Elevation,6,Diesel,50782.0,2025/07/03,Ontario,58000
2018,GMC,Sierra 1500,"4WD DOUBLE CAB 143.5""",8,Gasoline,139141.0,2025/07/03,Quebec,19600
2022,GMC,Sierra 1500,Pro,4,Gasoline,47258.0,2025/07/03,Quebec,34400
2022,GMC,Sierra 1500,Elevation,4,Gasoline,35654.0,2025/07/03,British Columbia,44000
2017,GMC,Sierra 1500,Denali,8,Flex,181931.0,2025/07/03,Ontario,25800
2021,GMC,Sierra 1500,SLE,6,Diesel,122352.0,2025/07/03,British Columbia,30250
2021,GMC,Sierra 1500,Elevation,8,Gasoline,129896.0,2025/07/03,Quebec,33800
2020,GMC,Sierra 1500,Elevation,8,Gasoline,56682.0,2025/07/02,Ontario,44000
2015,GMC,Sierra 1500,SLE,8,Gasoline,166499.0,2025/07/02,Quebec,13600
2022,GMC,Sierra 1500,Elevation,4,Gasoline,51674.0,2025/07/02,Ontario,48900
2017,GMC,Sierra 1500,SLE,8,Gasoline,155015.0,2025/07/02,Ontario,18000
2021,GMC,Sierra 1500,AT4,6,Diesel,118724.0,2025/07/02,Quebec,43800
2022,GMC,Sierra 1500,Pro,8,Gasoline,46218.0,2025/07/02,Quebec,40600
2023,GMC,Sierra 1500,Pro,8,Gasoline,26732.0,2025/07/02,Quebec,45800
2023,GMC,Sierra 1500,Pro,8,Gasoline,25907.0,2025/07/02,Quebec,45600
2023,GMC,Sierra 1500,SLE,8,Gasoline,97449.0,2025/07/02,Alberta,32000
2020,GMC,Sierra 1500,Elevation,8,Gasoline,66171.0,2025/07/02,Quebec,44100
2022,GMC,Sierra 1500,Pro,4,Gasoline,34742.0,2025/07/02,Quebec,36000
2023,GMC,Sierra 1500,Pro,4,Gasoline,28422.0,2025/07/02,Quebec,42800
2023,GMC,Sierra 1500,Pro,4,Gasoline,28912.0,2025/07/02,Quebec,42000
2024,GMC,Sierra 1500,Pro,4,Gasoline,37181.0,2025/07/02,Quebec,43500
2022,GMC,Sierra 1500,Pro,4,Gasoline,37140.0,2025/07/02,Quebec,39200
2023,GMC,Sierra 1500,Elevation,8,Gasoline,19755.0,2025/07/02,Nova Scotia,58800
2024,GMC,Sierra 1500,AT4,6,Diesel,32820.0,2025/07/02,Quebec,70200
2023,GMC,Sierra 1500,AT4,8,Gasoline,59128.0,2025/07/02,Nova Scotia,62800
2023,GMC,Sierra 1500,Denali,8,Gasoline,45814.0,2025/07/02,Quebec,63000
2023,GMC,Sierra 1500,Denali,8,Gasoline,55974.0,2025/07/02,Ontario,63750
2017,GMC,Sierra 1500,SLE,8,Gasoline,180366.0,2025/07/02,Nova Scotia,16000
2023,GMC,Sierra 1500,Elevation,8,Gasoline,46090.0,2025/07/02,Ontario,45750
2024,GMC,Sierra 1500,Elevation,8,Gasoline,54752.0,2025/07/02,Quebec,54000
2023,GMC,Sierra 1500,Denali,8,Gasoline,39447.0,2025/07/02,Quebec,59000
2023,GMC,Sierra 1500,Denali,8,Gasoline,42321.0,2025/07/02,Ontario,62000
2023,GMC,Sierra 1500,Denali,8,Gasoline,35751.0,2025/07/02,Quebec,60250
2021,GMC,Sierra 1500,REGULAR CAB LONG BED,8,Gasoline,150991.0,2025/07/02,Ontario,26500
2021,GMC,Sierra 1500,AT4,8,Gasoline,117141.0,2025/07/02,Ontario,40000
2022,GMC,Sierra 1500,Pro,4,Gasoline,57595.0,2025/07/02,Quebec,36200
2023,GMC,Sierra 1500,Pro,4,Gasoline,18714.0,2025/07/02,Quebec,41200
2022,GMC,Sierra 1500,Pro,4,Gasoline,32875.0,2025/07/02,Quebec,35800
2023,GMC,Sierra 1500,Pro,4,Gasoline,30107.0,2025/07/02,Quebec,39200
2022,GMC,Sierra 1500,SLE,4,Gasoline,54535.0,2025/07/02,Nova Scotia,42500
2022,GMC,Sierra 1500,SLE,4,Gasoline,47170.0,2025/07/02,Quebec,37000
2018,GMC,Sierra 1500,Denali,8,Gasoline,169047.0,2025/07/02,Alberta,22000
2015,GMC,Sierra 1500,SLE,8,Gasoline,22511.0,2025/07/02,Alberta,24500
2015,GMC,Sierra 1500,SLE,8,Gasoline,49044.0,2025/07/02,Alberta,21000
2023,GMC,Sierra 1500,Pro,8,Gasoline,45896.0,2025/07/02,Quebec,43200
2022,GMC,Sierra 1500,SLE,6,Diesel,81750.0,2025/07/02,Quebec,41400
2017,GMC,Sierra 1500,SLE,8,Gasoline,139070.0,2025/06/30,British Columbia,21500
2020,GMC,Sierra 1500,SLT,8,Gasoline,145816.0,2025/06/30,New Brunswick,33500
2024,GMC,Sierra 1500,AT4,6,Diesel,61036.0,2025/06/30,Ontario,66000
2023,GMC,Sierra 1500,AT4,8,Gasoline,145082.0,2025/06/30,Saskatchewan,45000
2019,GMC,Sierra 1500,AT4,8,Gasoline,202485.0,2025/06/30,British Columbia,30400
2015,GMC,Sierra 1500,SLT,8,Gasoline,172577.0,2025/06/30,Alberta,20500
2018,GMC,Sierra 1500,4WD Crew Cab,8,Gasoline,150147.0,2025/06/30,Quebec,16000
2016,GMC,Sierra 1500,SLE,8,Gasoline,126462.0,2025/06/30,New Brunswick,18600
2019,GMC,Sierra 1500,Denali,8,Gasoline,151639.0,2025/06/30,Manitoba,38000
2018,GMC,Sierra 1500,"4WD Double Cab 143.5""",8,Gasoline,234850.0,2025/06/30,Ontario,14300
2019,GMC,Sierra 1500,CREW CAB SHORT BED,8,Gasoline,214087.0,2025/06/30,Saskatchewan,23000
2017,GMC,Sierra 1500,"4WD DOUBLE CAB 143.5""",8,Gasoline,120712.0,2025/06/28,Ontario,15500
2021,GMC,Sierra 1500,AT4,6,Diesel,150048.0,2025/06/27,Saskatchewan,39000
2019,GMC,Sierra 1500,AT4,8,Gasoline,147323.0,2025/06/27,Saskatchewan,36750
2021,GMC,Sierra 1500,AT4,8,Gasoline,91511.0,2025/06/27,Saskatchewan,45600
2021,GMC,Sierra 1500,AT4,8,Gasoline,109164.0,2025/06/27,Saskatchewan,47250
2021,GMC,Sierra 1500,AT4,8,Gasoline,161178.0,2025/06/27,Manitoba,32000
2015,GMC,Sierra 1500,SLT,8,Flex,234626.0,2025/06/27,Saskatchewan,10300
2021,GMC,Sierra 1500,Elevation,6,Diesel,88163.0,2025/06/27,Newfoundland and Labrador,43000
2020,GMC,Sierra 1500,4WD Crew Cab,4,Gasoline,117978.0,2025/06/26,Ontario,30400
2017,GMC,Sierra 1500,SLE,8,Gasoline,136000.0,2025/06/26,Quebec,20800
2019,GMC,Sierra 1500,SLT,8,Gasoline,62137.0,2025/06/26,Ontario,46250
2022,GMC,Sierra 1500,Pro,4,Gasoline,42170.0,2025/06/26,New Brunswick,38400
2019,GMC,Sierra 1500,AT4,8,Gasoline,246996.0,2025/06/26,Ontario,15000
2024,GMC,Sierra 1500,Elevation,6,Diesel,29711.0,2025/06/26,Ontario,58000
2018,GMC,Sierra 1500,"4WD DOUBLE CAB 143.5""",8,Gasoline,121912.0,2025/06/26,Ontario,24000
2022,GMC,Sierra 1500,Pro,4,Gasoline,38408.0,2025/06/26,New Brunswick,36600
2022,GMC,Sierra 1500,AT4,8,Gasoline,52812.0,2025/06/26,Manitoba,57200
2017,GMC,Sierra 1500,Denali,8,Flex,141934.0,2025/06/26,Manitoba,28100
2015,GMC,Sierra 1500,SLE,8,Gasoline,178801.0,2025/06/25,Ontario,15600
2015,GMC,Sierra 1500,SLE,8,Gasoline,222492.0,2025/06/25,Ontario,11500
2021,GMC,Sierra 1500,AT4,8,Gasoline,83702.0,2025/06/25,Manitoba,49600
2024,GMC,Sierra 1500,Elevation,8,Gasoline,35700.0,2025/06/25,Quebec,56300
2019,GMC,Sierra 1500,SLT,8,Gasoline,128372.0,2025/06/25,Ontario,38500
2023,GMC,Sierra 1500,Pro,4,Gasoline,30521.0,2025/06/25,Ontario,40250
2024,GMC,Sierra 1500,Pro,4,Gasoline,43490.0,2025/06/25,Quebec,42600
2023,GMC,Sierra 1500,SLE,4,Gasoline,37823.0,2025/06/25,Alberta,44000
2021,GMC,Sierra 1500,Elevation,8,Gasoline,64556.0,2025/06/25,Ontario,40500
2022,GMC,Sierra 1500,Pro,8,Gasoline,64959.0,2025/06/25,Alberta,32600
2020,GMC,Sierra 1500,SLE,8,Gasoline,147053.0,2025/06/25,Ontario,33300
2019,GMC,Sierra 1500,Elevation,8,Gasoline,145585.0,2025/06/25,Quebec,31500
2018,GMC,Sierra 1500,REGULAR CAB LONG BED,8,Gasoline,96149.0,2025/06/25,Quebec,17300
2017,GMC,Sierra 1500,Other,6,Flex,159717.0,2025/06/25,Ontario,10000
2016,GMC,Sierra 1500,SLE,8,Gasoline,166822.0,2025/06/25,Ontario,22250
2020,GMC,Sierra 1500,AT4,8,Gasoline,118386.0,2025/06/25,Ontario,46000
2020,GMC,Sierra 1500,AT4,8,Gasoline,66692.0,2025/06/25,Quebec,53750
2022,GMC,Sierra 1500,Pro,4,Gasoline,38870.0,2025/06/25,Quebec,38500
2024,GMC,Sierra 1500,Elevation,6,Diesel,76417.0,2025/06/25,Ontario,52750
2023,GMC,Sierra 1500,AT4,6,Diesel,62617.0,2025/06/25,Ontario,64250
2023,GMC,Sierra 1500,AT4,8,Gasoline,41468.0,2025/06/25,Quebec,64250
2023,GMC,Sierra 1500,Denali Ultimate,8,Gasoline,81476.0,2025/06/25,Ontario,64500
2023,GMC,Sierra 1500,Elevation,8,Gasoline,50638.0,2025/06/25,Ontario,49250
2023,GMC,Sierra 1500,Elevation,8,Gasoline,47217.0,2025/06/25,Quebec,48000
2023,GMC,Sierra 1500,Elevation,8,Gasoline,22415.0,2025/06/25,Quebec,54000
2023,GMC,Sierra 1500,Elevation,8,Gasoline,36258.0,2025/06/25,Quebec,50500
2023,GMC,Sierra 1500,AT4,6,Diesel,77795.0,2025/06/25,Quebec,57500
2022,GMC,Sierra 1500,AT4,6,Diesel,34315.0,2025/06/25,Quebec,60000
2022,GMC,Sierra 1500,AT4,6,Diesel,92627.0,2025/06/25,Ontario,49500
2023,GMC,Sierra 1500,Denali,8,Gasoline,32806.0,2025/06/25,Ontario,61250
2022,GMC,Sierra 1500,Denali,8,Gasoline,138164.0,2025/06/25,Ontario,40750
2023,GMC,Sierra 1500,Denali,8,Gasoline,36257.0,2025/06/25,Ontario,59500
2022,GMC,Sierra 1500,Pro,4,Gasoline,94662.0,2025/06/25,Ontario,32250
2022,GMC,Sierra 1500,Pro,4,Gasoline,39495.0,2025/06/25,Alberta,32000
2022,GMC,Sierra 1500,Pro,4,Gasoline,30979.0,2025/06/25,Quebec,36000
2023,GMC,Sierra 1500,Pro,4,Gasoline,45255.0,2025/06/25,Alberta,38400
2023,GMC,Sierra 1500,Elevation,4,Gasoline,52958.0,2025/06/25,Ontario,44250
2023,GMC,Sierra 1500,Elevation,4,Gasoline,26507.0,2025/06/25,Ontario,45250
2017,GMC,Sierra 1500,SLT,8,Gasoline,191973.0,2025/06/25,Ontario,21700
2017,GMC,Sierra 1500,SLT,8,Gasoline,151133.0,2025/06/25,Quebec,22000
2018,GMC,Sierra 1500,SLT,8,Flex,115614.0,2025/06/25,Quebec,25500
2015,GMC,Sierra 1500,SLE,8,Gasoline,128021.0,2025/06/25,Ontario,15300
2021,GMC,Sierra 1500,Elevation,8,Gasoline,112048.0,2025/06/25,Quebec,38500
2024,GMC,Sierra 1500,Pro,8,Gasoline,36363.0,2025/06/24,Ontario,44500
2017,GMC,Sierra 1500,SLE,8,Gasoline,191707.0,2025/06/24,Ontario,16900
2021,GMC,Sierra 1500,Denali,8,Gasoline,114505.0,2025/06/24,Alberta,48000
2019,GMC,Sierra 1500,Denali,8,Gasoline,160071.0,2025/06/24,British Columbia,33500
2018,GMC,Sierra 1500,SLT,8,Gasoline,76089.0,2025/06/24,Ontario,31200
2020,GMC,Sierra 1500,AT4,8,Gasoline,225592.0,2025/06/24,Ontario,26900
2023,GMC,Sierra 1500,Pro,4,Gasoline,39486.0,2025/06/24,Ontario,42000
2023,GMC,Sierra 1500,Elevation,8,Gasoline,45478.0,2025/06/24,Ontario,53600
2021,GMC,Sierra 1500,SLE,8,Gasoline,115458.0,2025/06/24,Alberta,29700
2021,GMC,Sierra 1500,SLE,8,Gasoline,89030.0,2025/06/24,Alberta,28250
2021,GMC,Sierra 1500,SLE,8,Gasoline,114251.0,2025/06/24,Alberta,26300
2024,GMC,Sierra 1500,SLE,8,Gasoline,88941.0,2025/06/24,Alberta,37750
2023,GMC,Sierra 1500,SLE,4,Gasoline,112379.0,2025/06/24,Alberta,30750
2023,GMC,Sierra 1500,SLE,4,Gasoline,126349.0,2025/06/24,Alberta,28750
2023,GMC,Sierra 1500,SLE,4,Gasoline,139332.0,2025/06/24,Alberta,29300
2022,GMC,Sierra 1500,SLE,8,Gasoline,97107.0,2025/06/24,Alberta,37900
2023,GMC,Sierra 1500,SLT,8,Gasoline,165874.0,2025/06/24,Alberta,42500
2017,GMC,Sierra 1500,SLE,8,Gasoline,153399.0,2025/06/24,Nova Scotia,12100
2018,GMC,Sierra 1500,SLE,8,Gasoline,191171.0,2025/06/24,Nova Scotia,14200
2023,GMC,Sierra 1500,Elevation,8,Gasoline,95296.0,2025/06/24,Manitoba,46300
2012,GMC,Sierra 1500,SLE,8,Flex,177530.0,2025/06/24,Alberta,9500
2017,GMC,Sierra 1500,SLE,8,Gasoline,102887.0,2025/06/24,Nova Scotia,18000
2017,GMC,Sierra 1500,SLE,8,Gasoline,216944.0,2025/06/24,Alberta,9100
2018,GMC,Sierra 1500,SLE,8,Gasoline,197439.0,2025/06/24,Alberta,9500
2017,GMC,Sierra 1500,Denali,8,Flex,206040.0,2025/06/24,Alberta,18500
2021,GMC,Sierra 1500,SLE,8,Gasoline,161333.0,2025/06/24,Alberta,24500
2023,GMC,Sierra 1500,SLE,8,Gasoline,100948.0,2025/06/24,Alberta,31700
2023,GMC,Sierra 1500,SLE,8,Gasoline,117081.0,2025/06/24,Alberta,34900
2022,GMC,Sierra 1500,Elevation,8,Gasoline,49289.0,2025/06/23,Ontario,52900
2015,GMC,Sierra 1500,4WD Crew Cab,6,Flex,182439.0,2025/06/23,British Columbia,9000
2023,GMC,Sierra 1500,AT4,6,Diesel,36855.0,2025/06/23,Ontario,66200
2023,GMC,Sierra 1500,Pro,4,Gasoline,33112.0,2025/06/23,Ontario,43900
2015,GMC,Sierra 1500,SLE,8,Gasoline,150159.0,2025/06/22,British Columbia,16500
2023,GMC,Sierra 1500,Elevation,8,Gasoline,78133.0,2025/06/21,Ontario,50500
2014,GMC,Sierra 1500,SLE,8,Flex,200946.0,2025/06/20,British Columbia,13200
2018,GMC,Sierra 1500,Denali,8,Gasoline,107590.0,2025/06/20,Ontario,28000
2022,GMC,Sierra 1500,SLE,8,Gasoline,106850.0,2025/06/20,Ontario,35900
2023,GMC,Sierra 1500,Elevation,4,Gasoline,29358.0,2025/06/20,Manitoba,49000
2022,GMC,Sierra 1500,AT4,8,Gasoline,27589.0,2025/06/20,Manitoba,61500
2024,GMC,Sierra 1500,AT4,6,Diesel,48408.0,2025/06/20,Manitoba,64000
2023,GMC,Sierra 1500,AT4X,8,Gasoline,19806.0,2025/06/20,Manitoba,73000
2022,GMC,Sierra 1500,AT4,8,Gasoline,63675.0,2025/06/20,Ontario,57500
2017,GMC,Sierra 1500,Denali,8,Gasoline,209925.0,2025/06/20,Ontario,15000
2020,GMC,Sierra 1500,SLT,6,Diesel,143507.0,2025/06/20,British Columbia,36800
2023,GMC,Sierra 1500,Elevation,4,Gasoline,27548.0,2025/06/20,Quebec,49400
2020,GMC,Sierra 1500,Elevation,8,Gasoline,115435.0,2025/06/20,Alberta,37500
2024,GMC,Sierra 1500,SLT,6,Diesel,33240.0,2025/06/20,Ontario,57000
2021,GMC,Sierra 1500,SLT,8,Gasoline,87516.0,2025/06/20,Newfoundland and Labrador,43800
2025,GMC,Sierra 1500,Elevation,6,Diesel,18861.0,2025/06/20,Manitoba,64500
2025,GMC,Sierra 1500,Elevation,8,Gasoline,19392.0,2025/06/20,Manitoba,63750
2018,GMC,Sierra 1500,Denali,8,Gasoline,148281.0,2025/06/19,Ontario,26900
2018,GMC,Sierra 1500,SLT,8,Flex,140685.0,2025/06/19,Ontario,26500
2015,GMC,Sierra 1500,SLE,8,Gasoline,176486.0,2025/06/19,Alberta,12500
2022,GMC,Sierra 1500,Denali Ultimate,8,Gasoline,52180.0,2025/06/19,Quebec,55000
2018,GMC,Sierra 1500,Denali,8,Flex,116694.0,2025/06/19,Quebec,31500
2013,GMC,Sierra 1500,SLT,8,Flex,69241.0,2025/06/19,Ontario,12000
2020,GMC,Sierra 1500,Denali,6,Diesel,132250.0,2025/06/19,British Columbia,46500
2021,GMC,Sierra 1500,Elevation,8,Gasoline,60998.0,2025/06/19,Ontario,47200
2020,GMC,Sierra 1500,Elevation,8,Gasoline,99681.0,2025/06/19,Ontario,38500
2019,GMC,Sierra 1500,Elevation,8,Gasoline,124565.0,2025/06/19,Ontario,33700
2021,GMC,Sierra 1500,Elevation,6,Diesel,107158.0,2025/06/19,Quebec,41000
2022,GMC,Sierra 1500,Elevation,6,Diesel,75207.0,2025/06/19,Ontario,48100
2017,GMC,Sierra 1500,Other,8,Gasoline,166883.0,2025/06/19,Quebec,24200
2016,GMC,Sierra 1500,SLE,8,Gasoline,81005.0,2025/06/19,Manitoba,26800
2017,GMC,Sierra 1500,SLE,8,Gasoline,172335.0,2025/06/19,Manitoba,9200
2023,GMC,Sierra 1500,Denali,6,Diesel,24898.0,2025/06/19,British Columbia,72500
2021,GMC,Sierra 1500,REGULAR CAB LONG BED,6,Flex,174599.0,2025/06/19,Ontario,15750
2018,GMC,Sierra 1500,SLE,8,Gasoline,137764.0,2025/06/19,British Columbia,19500
2017,GMC,Sierra 1500,Denali,8,Gasoline,182428.0,2025/06/19,Manitoba,23500
2018,GMC,Sierra 1500,Denali,8,Flex,179425.0,2025/06/19,British Columbia,20000
2018,GMC,Sierra 1500,Denali,8,Flex,181817.0,2025/06/19,British Columbia,17400
2021,GMC,Sierra 1500,Elevation,8,Gasoline,103491.0,2025/06/19,Ontario,41400
2021,GMC,Sierra 1500,Denali,8,Gasoline,43430.0,2025/06/19,Ontario,50500
2017,GMC,Sierra 1500,Denali,8,Flex,242143.0,2025/06/18,Ontario,16400
2020,GMC,Sierra 1500,Denali,6,Diesel,35537.0,2025/06/18,Ontario,57000
2019,GMC,Sierra 1500,Denali,8,Gasoline,213170.0,2025/06/18,Ontario,26100
2015,GMC,Sierra 1500,Denali,8,Gasoline,141122.0,2025/06/18,Ontario,21500
2024,GMC,Sierra 1500,AT4,8,Gasoline,40164.0,2025/06/18,Alberta,69000
2023,GMC,Sierra 1500,SLE,6,Diesel,75737.0,2025/06/18,Quebec,42500
2018,GMC,Sierra 1500,SLE,8,Gasoline,178101.0,2025/06/18,Alberta,17500
2019,GMC,Sierra 1500,SLT,8,Gasoline,84308.0,2025/06/18,Quebec,43750
2021,GMC,Sierra 1500,AT4,6,Diesel,70613.0,2025/06/18,Quebec,49100
2023,GMC,Sierra 1500,Pro,4,Gasoline,28250.0,2025/06/18,Ontario,40250
2023,GMC,Sierra 1500,Pro,4,Gasoline,24685.0,2025/06/18,Ontario,43250
2023,GMC,Sierra 1500,Elevation,4,Gasoline,27536.0,2025/06/18,Ontario,48500
2023,GMC,Sierra 1500,Pro,4,Gasoline,26380.0,2025/06/18,Quebec,39800
2023,GMC,Sierra 1500,Pro,4,Gasoline,42219.0,2025/06/18,Quebec,37200
2023,GMC,Sierra 1500,SLE,8,Gasoline,150508.0,2025/06/18,Alberta,27000
2020,GMC,Sierra 1500,CREW CAB SHORT BED,8,Gasoline,115591.0,2025/06/18,Ontario,29500
2019,GMC,Sierra 1500,CREW CAB SHORT BED,8,Gasoline,200211.0,2025/06/18,Ontario,21250
2021,GMC,Sierra 1500,CREW CAB STD BED,8,Gasoline,91883.0,2025/06/18,Ontario,33400
2020,GMC,Sierra 1500,SLE,8,Gasoline,218655.0,2025/06/18,Ontario,24500
2021,GMC,Sierra 1500,Elevation,8,Gasoline,40655.0,2025/06/18,Quebec,46600
2023,GMC,Sierra 1500,Pro,4,Gasoline,39136.0,2025/06/18,Ontario,36750
2023,GMC,Sierra 1500,Pro,4,Gasoline,41034.0,2025/06/18,Quebec,40200
2023,GMC,Sierra 1500,Pro,4,Gasoline,19992.0,2025/06/18,Quebec,39600
2024,GMC,Sierra 1500,Elevation,6,Diesel,34266.0,2025/06/18,Quebec,60250
2022,GMC,Sierra 1500,Elevation,8,Gasoline,38517.0,2025/06/18,Quebec,54500
2023,GMC,Sierra 1500,Elevation,8,Gasoline,36012.0,2025/06/18,Quebec,53750
2023,GMC,Sierra 1500,AT4,6,Diesel,51935.0,2025/06/18,Ontario,65500
2022,GMC,Sierra 1500,AT4,6,Diesel,57739.0,2025/06/18,Quebec,61000
2022,GMC,Sierra 1500,Denali Ultimate,8,Gasoline,48549.0,2025/06/18,Ontario,71000
2015,GMC,Sierra 1500,SLE,8,Gasoline,170882.0,2025/06/18,Quebec,12400
2019,GMC,Sierra 1500,Elevation,8,Gasoline,157193.0,2025/06/18,Ontario,32000
2023,GMC,Sierra 1500,Elevation,8,Gasoline,135310.0,2025/06/18,Alberta,42600
2023,GMC,Sierra 1500,Elevation,8,Gasoline,79301.0,2025/06/18,Quebec,42200
2024,GMC,Sierra 1500,AT4,6,Diesel,53085.0,2025/06/18,Ontario,64000
2024,GMC,Sierra 1500,AT4,6,Diesel,22464.0,2025/06/18,Ontario,68000
2023,GMC,Sierra 1500,AT4,8,Gasoline,51850.0,2025/06/18,Quebec,59000
2023,GMC,Sierra 1500,Denali,6,Diesel,43167.0,2025/06/18,Quebec,58000
2023,GMC,Sierra 1500,Denali,6,Diesel,77010.0,2025/06/18,Alberta,57500
2022,GMC,Sierra 1500,Pro,4,Gasoline,62697.0,2025/06/18,Quebec,35200
2016,GMC,Sierra 1500,SLE,8,Gasoline,83068.0,2025/06/18,Ontario,26500
2018,GMC,Sierra 1500,SLE,8,Gasoline,211497.0,2025/06/18,Ontario,15000
2016,GMC,Sierra 1500,SLT,8,Gasoline,118238.0,2025/06/18,Quebec,21500
2016,GMC,Sierra 1500,SLT,8,Gasoline,245715.0,2025/06/18,Alberta,14000
2021,GMC,Sierra 1500,Denali,8,Gasoline,176873.0,2025/06/18,Alberta,37200
2018,GMC,Sierra 1500,SLT,8,Gasoline,113454.0,2025/06/17,British Columbia,28100
2018,GMC,Sierra 1500,SLE,8,Gasoline,46032.0,2025/06/17,Quebec,31700
2015,GMC,Sierra 1500,Denali,8,Gasoline,164449.0,2025/06/17,Ontario,18800
2018,GMC,Sierra 1500,SLE,8,Gasoline,191100.0,2025/06/17,Ontario,14800
2021,GMC,Sierra 1500,SLE,8,Gasoline,143287.0,2025/06/17,Alberta,24300
2021,GMC,Sierra 1500,SLE,8,Gasoline,118599.0,2025/06/17,Alberta,25100
2020,GMC,Sierra 1500,SLE,8,Gasoline,104809.0,2025/06/17,Alberta,26900
2024,GMC,Sierra 1500,SLE,8,Gasoline,126899.0,2025/06/17,Alberta,32900
2021,GMC,Sierra 1500,SLE,8,Gasoline,160991.0,2025/06/17,Alberta,25900
2021,GMC,Sierra 1500,AT4,8,Gasoline,179470.0,2025/06/17,Manitoba,25000
2023,GMC,Sierra 1500,SLE,8,Gasoline,157665.0,2025/06/17,Alberta,32000
2023,GMC,Sierra 1500,SLE,8,Gasoline,120181.0,2025/06/17,Alberta,35000
2023,GMC,Sierra 1500,SLE,8,Gasoline,142932.0,2025/06/17,Alberta,34750
2017,GMC,Sierra 1500,SLE,8,Gasoline,103140.0,2025/06/17,Nova Scotia,23300
2018,GMC,Sierra 1500,SLE,8,Gasoline,156210.0,2025/06/17,Alberta,14400
2018,GMC,Sierra 1500,SLE,8,Gasoline,183609.0,2025/06/17,Nova Scotia,12200
2017,GMC,Sierra 1500,SLE,8,Gasoline,120116.0,2025/06/17,Alberta,17100
2015,GMC,Sierra 1500,SLE,8,Gasoline,156562.0,2025/06/17,Alberta,11400
2025,GMC,Sierra 1500,Elevation,8,Gasoline,22325.0,2025/06/16,Manitoba,64500
2024,GMC,Sierra 1500,SLT,8,Gasoline,47343.0,2025/06/16,Alberta,59000
2024,GMC,Sierra 1500,AT4,8,Gasoline,120228.0,2025/06/16,Ontario,54700
2018,GMC,Sierra 1500,Denali,8,Flex,122524.0,2025/06/16,Ontario,32700
2017,GMC,Sierra 1500,SLE,8,Gasoline,150994.0,2025/06/16,Quebec,20600
2024,GMC,Sierra 1500,Elevation,6,Diesel,31363.0,2025/06/16,Ontario,56000
2017,GMC,Sierra 1500,SLE,8,Gasoline,116262.0,2025/06/16,Ontario,19900
2020,GMC,Sierra 1500,SLE,8,Gasoline,42732.0,2025/06/16,Ontario,40600
2016,GMC,Sierra 1500,4WD Crew Cab,8,Gasoline,211022.0,2025/06/16,Ontario,10000
2016,GMC,Sierra 1500,SLE,8,Gasoline,139570.0,2025/06/16,Ontario,13400
2022,GMC,Sierra 1500,Elevation,8,Gasoline,75525.0,2025/06/16,Ontario,44800
2023,GMC,Sierra 1500,AT4X,8,Gasoline,79056.0,2025/06/16,Ontario,62000
2023,GMC,Sierra 1500,Elevation,8,Gasoline,86718.0,2025/06/14,Quebec,51900
2019,GMC,Sierra 1500,Elevation,8,Gasoline,203795.0,2025/06/13,Ontario,9800
2021,GMC,Sierra 1500,AT4,8,Gasoline,61000.0,2025/06/13,Ontario,48000
2023,GMC,Sierra 1500,AT4X,8,Gasoline,71041.0,2025/06/13,Ontario,61700
2023,GMC,Sierra 1500,Pro,8,Gasoline,28809.0,2025/06/13,Quebec,47300
2019,GMC,Sierra 1500,Denali,8,Gasoline,141995.0,2025/06/13,Saskatchewan,36300
2023,GMC,Sierra 1500,SLE,4,Gasoline,59826.0,2025/06/13,Saskatchewan,38750
2023,GMC,Sierra 1500,Denali,8,Gasoline,26947.0,2025/06/13,Saskatchewan,65250
2023,GMC,Sierra 1500,Denali,8,Gasoline,58124.0,2025/06/13,Saskatchewan,65500
2017,GMC,Sierra 1500,SLE,8,Gasoline,117961.0,2025/06/13,Newfoundland and Labrador,21400
2024,GMC,Sierra 1500,Denali,6,Diesel,56379.0,2025/06/13,Saskatchewan,60000
2016,GMC,Sierra 1500,CREW CAB SHORT BED,6,Flex,164480.0,2025/06/13,Manitoba,11400
2017,GMC,Sierra 1500,SLE,8,Gasoline,130952.0,2025/06/13,Newfoundland and Labrador,16300
2017,GMC,Sierra 1500,SLE,8,Gasoline,163945.0,2025/06/13,Newfoundland and Labrador,9400
2020,GMC,Sierra 1500,Denali,8,Gasoline,62042.0,2025/06/12,Ontario,54250
2023,GMC,Sierra 1500,Pro,4,Gasoline,41630.0,2025/06/12,Manitoba,42500
2019,GMC,Sierra 1500,Elevation,8,Gasoline,169976.0,2025/06/12,Manitoba,27800
2017,GMC,Sierra 1500,REGULAR CAB LONG BED,6,Flex,119884.0,2025/06/12,Ontario,15600
2017,GMC,Sierra 1500,REGULAR CAB LONG BED,6,Flex,178140.0,2025/06/12,Ontario,9750
2024,GMC,Sierra 1500,Pro,8,Gasoline,25831.0,2025/06/12,New Brunswick,43800
2024,GMC,Sierra 1500,Elevation,6,Diesel,40674.0,2025/06/12,Quebec,59500
2024,GMC,Sierra 1500,Elevation,6,Diesel,49850.0,2025/06/12,Ontario,53750
2022,GMC,Sierra 1500,AT4,6,Diesel,46402.0,2025/06/12,Ontario,60600
2017,GMC,Sierra 1500,Other,6,Flex,32932.0,2025/06/12,Ontario,25600
2018,GMC,Sierra 1500,SLE,8,Gasoline,158866.0,2025/06/12,Quebec,15900
2024,GMC,Sierra 1500,AT4,6,Diesel,63863.0,2025/06/12,Quebec,61000
2025,GMC,Sierra 1500,AT4,8,Gasoline,23332.0,2025/06/12,Manitoba,70100
2022,GMC,Sierra 1500,Elevation,4,Gasoline,41031.0,2025/06/12,New Brunswick,44200
2018,GMC,Sierra 1500,SLE,8,Gasoline,180426.0,2025/06/12,Ontario,13750
2018,GMC,Sierra 1500,SLE,8,Gasoline,168313.0,2025/06/12,Manitoba,11100
2024,GMC,Sierra 1500,Denali Ultimate,6,Diesel,45500.0,2025/06/11,Ontario,83300
2015,GMC,Sierra 1500,SLE,8,Gasoline,178180.0,2025/06/11,Manitoba,12900
2023,GMC,Sierra 1500,Denali,8,Gasoline,25404.0,2025/06/11,Nova Scotia,65000
2022,GMC,Sierra 1500,Pro,8,Gasoline,32211.0,2025/06/11,Quebec,40700
2022,GMC,Sierra 1500,Pro,8,Gasoline,18990.0,2025/06/11,Ontario,41750
2022,GMC,Sierra 1500,Pro,8,Gasoline,51187.0,2025/06/11,Quebec,40000
2023,GMC,Sierra 1500,Pro,8,Gasoline,29362.0,2025/06/11,Quebec,43700
2023,GMC,Sierra 1500,Pro,8,Gasoline,66512.0,2025/06/11,Alberta,36900
2023,GMC,Sierra 1500,Pro,4,Gasoline,39023.0,2025/06/11,Ontario,38000
2023,GMC,Sierra 1500,Pro,4,Gasoline,19628.0,2025/06/11,Ontario,43500
2023,GMC,Sierra 1500,Pro,4,Gasoline,45891.0,2025/06/11,Ontario,41500
2023,GMC,Sierra 1500,SLE,4,Gasoline,41901.0,2025/06/11,Quebec,40600
2023,GMC,Sierra 1500,Pro,8,Gasoline,83896.0,2025/06/11,Ontario,34000
2023,GMC,Sierra 1500,Pro,4,Gasoline,32292.0,2025/06/11,Quebec,39100
2022,GMC,Sierra 1500,Pro,4,Gasoline,85869.0,2025/06/11,Ontario,29500
2023,GMC,Sierra 1500,SLE,8,Gasoline,80258.0,2025/06/11,Ontario,39750
2023,GMC,Sierra 1500,SLE,8,Gasoline,129312.0,2025/06/11,Alberta,31000
2023,GMC,Sierra 1500,Elevation,4,Gasoline,21348.0,2025/06/11,Quebec,45500
2019,GMC,Sierra 1500,Elevation,8,Gasoline,120062.0,2025/06/11,Ontario,32000
2021,GMC,Sierra 1500,Elevation,8,Gasoline,139288.0,2025/06/11,Alberta,37750
2019,GMC,Sierra 1500,Elevation,8,Gasoline,77537.0,2025/06/11,Quebec,36000
2019,GMC,Sierra 1500,Elevation,8,Gasoline,131256.0,2025/06/11,Ontario,32750
2020,GMC,Sierra 1500,AT4,8,Gasoline,149882.0,2025/06/11,Ontario,41250
2023,GMC,Sierra 1500,Pro,4,Gasoline,35538.0,2025/06/11,Ontario,40750
2023,GMC,Sierra 1500,Pro,4,Gasoline,32257.0,2025/06/11,Ontario,41250
2023,GMC,Sierra 1500,Pro,4,Gasoline,47507.0,2025/06/11,Ontario,40000
2022,GMC,Sierra 1500,SLE,8,Gasoline,31797.0,2025/06/11,Ontario,44250
2024,GMC,Sierra 1500,Elevation,8,Gasoline,25688.0,2025/06/11,Alberta,62300
2023,GMC,Sierra 1500,Elevation,8,Gasoline,27851.0,2025/06/11,Alberta,58400
2023,GMC,Sierra 1500,SLT,8,Gasoline,48799.0,2025/06/11,Alberta,60250
2023,GMC,Sierra 1500,AT4,6,Diesel,53341.0,2025/06/11,Ontario,63000
2023,GMC,Sierra 1500,AT4,6,Diesel,36850.0,2025/06/11,Quebec,67500
2022,GMC,Sierra 1500,AT4,6,Diesel,33676.0,2025/06/11,Quebec,62500
2024,GMC,Sierra 1500,Denali Ultimate,6,Diesel,44891.0,2025/06/11,Quebec,85000
2023,GMC,Sierra 1500,Denali Ultimate,8,Gasoline,82866.0,2025/06/11,Ontario,64000
2022,GMC,Sierra 1500,Denali Ultimate,6,Diesel,150344.0,2025/06/11,Alberta,54000
2017,GMC,Sierra 1500,"4WD DOUBLE CAB 143.5""",8,Gasoline,70659.0,2025/06/11,Quebec,16750
2024,GMC,Sierra 1500,Elevation,6,Diesel,30296.0,2025/06/11,Quebec,56300
2023,GMC,Sierra 1500,Elevation,8,Gasoline,27091.0,2025/06/11,Quebec,51600
2023,GMC,Sierra 1500,Elevation,8,Gasoline,27107.0,2025/06/11,Ontario,54250
2023,GMC,Sierra 1500,Elevation,8,Gasoline,17083.0,2025/06/11,Alberta,56100
2023,GMC,Sierra 1500,Elevation,8,Gasoline,30523.0,2025/06/11,Quebec,51000
2023,GMC,Sierra 1500,Elevation,8,Gasoline,51877.0,2025/06/11,Ontario,50000
2023,GMC,Sierra 1500,SLT,8,Gasoline,125526.0,2025/06/11,Alberta,45250
2023,GMC,Sierra 1500,Denali,6,Diesel,76142.0,2025/06/11,Quebec,56500
2023,GMC,Sierra 1500,Denali,8,Gasoline,34390.0,2025/06/11,Ontario,60250
2013,GMC,Sierra 1500,SL Nevada Edition,8,Flex,180730.0,2025/06/11,Alberta,11800
2022,GMC,Sierra 1500,Pro,4,Gasoline,54133.0,2025/06/11,Quebec,34200
2022,GMC,Sierra 1500,Pro,4,Gasoline,40598.0,2025/06/11,Quebec,37800
2022,GMC,Sierra 1500,SLE,4,Gasoline,19101.0,2025/06/11,Quebec,42900
2023,GMC,Sierra 1500,Elevation,4,Gasoline,43978.0,2025/06/11,Quebec,43500
2018,GMC,Sierra 1500,SLE,8,Gasoline,142926.0,2025/06/11,Ontario,24250
2017,GMC,Sierra 1500,SLE,8,Gasoline,202184.0,2025/06/11,Ontario,13300
2015,GMC,Sierra 1500,SLE,8,Gasoline,210128.0,2025/06/11,Quebec,10500
2021,GMC,Sierra 1500,Elevation,8,Gasoline,115392.0,2025/06/11,Ontario,37500
2023,GMC,Sierra 1500,Pro,8,Gasoline,79438.0,2025/06/11,Quebec,35750
2023,GMC,Sierra 1500,SLE,8,Gasoline,47892.0,2025/06/11,Ontario,48250
2022,GMC,Sierra 1500,AT4X,8,Gasoline,22434.0,2025/06/10,Quebec,65500
2018,GMC,Sierra 1500,Denali,8,Flex,154903.0,2025/06/10,Alberta,26500
2017,GMC,Sierra 1500,SLE,8,Gasoline,216401.0,2025/06/10,Quebec,15500
2022,GMC,Sierra 1500,AT4,6,Diesel,196978.0,2025/06/10,Ontario,31500
2023,GMC,Sierra 1500,SLE,8,Gasoline,112063.0,2025/06/10,Alberta,33000
2023,GMC,Sierra 1500,SLE,4,Gasoline,109063.0,2025/06/10,Alberta,30900
2020,GMC,Sierra 1500,SLE,8,Gasoline,176898.0,2025/06/10,Alberta,26500
2020,GMC,Sierra 1500,SLE,8,Gasoline,117903.0,2025/06/10,Alberta,33000
2023,GMC,Sierra 1500,SLE,8,Gasoline,92491.0,2025/06/10,Alberta,40500
2015,GMC,Sierra 1500,SLE,8,Gasoline,86821.0,2025/06/10,Alberta,19400
2024,GMC,Sierra 1500,Elevation,8,Gasoline,39632.0,2025/06/10,Alberta,60750
2022,GMC,Sierra 1500,Pro,4,Gasoline,88447.0,2025/06/10,Alberta,18000
2022,GMC,Sierra 1500,Pro,4,Gasoline,134248.0,2025/06/10,Nova Scotia,19000
2024,GMC,Sierra 1500,SLE,4,Gasoline,25042.0,2025/06/10,Alberta,45000
2018,GMC,Sierra 1500,CREW CAB SHORT BED,8,Gasoline,168107.0,2025/06/10,Alberta,10250
2018,GMC,Sierra 1500,SLE,8,Gasoline,145973.0,2025/06/10,Alberta,24750
2022,GMC,Sierra 1500,AT4,6,Diesel,95010.0,2025/06/09,Ontario,52800
2023,GMC,Sierra 1500,AT4X,8,Gasoline,54115.0,2025/06/09,Quebec,67000
2015,GMC,Sierra 1500,Denali,8,Flex,167418.0,2025/06/09,Ontario,19000
2012,GMC,Sierra 1500,SLE,8,Flex,120645.0,2025/06/09,British Columbia,14100
2020,GMC,Sierra 1500,AT4,8,Gasoline,140709.0,2025/06/09,Saskatchewan,40100
2017,GMC,Sierra 1500,4WD Crew Cab,8,Gasoline,144348.0,2025/06/09,Ontario,15600
2022,GMC,Sierra 1500,AT4,6,Diesel,62069.0,2025/06/09,Ontario,56200
2024,GMC,Sierra 1500,Elevation,6,Diesel,47168.0,2025/06/09,Ontario,57600
2023,GMC,Sierra 1500,Pro,8,Gasoline,54408.0,2025/06/09,Ontario,39900
2020,GMC,Sierra 1500,Denali,8,Gasoline,137234.0,2025/06/07,Saskatchewan,40500
2016,GMC,Sierra 1500,SLE,8,Gasoline,157525.0,2025/06/06,British Columbia,19900
2019,GMC,Sierra 1500,Elevation,8,Gasoline,87093.0,2025/06/06,Ontario,34000
2020,GMC,Sierra 1500,SLE,6,Diesel,137013.0,2025/06/06,Ontario,24800
2021,GMC,Sierra 1500,SLE,8,Gasoline,102070.0,2025/06/06,Alberta,28500
2020,GMC,Sierra 1500,Elevation,8,Gasoline,206418.0,2025/06/06,Saskatchewan,27500
2020,GMC,Sierra 1500,Elevation,6,Diesel,166205.0,2025/06/06,Saskatchewan,32000
2017,GMC,Sierra 1500,SLE,8,Gasoline,159834.0,2025/06/05,Ontario,20100
2023,GMC,Sierra 1500,Elevation,6,Diesel,48507.0,2025/06/05,Quebec,51800
2022,GMC,Sierra 1500,AT4,8,Gasoline,129507.0,2025/06/05,Ontario,50600
2021,GMC,Sierra 1500,Denali,6,Diesel,75792.0,2025/06/05,Ontario,54000
2022,GMC,Sierra 1500,AT4,8,Gasoline,96750.0,2025/06/05,Ontario,56500
2021,GMC,Sierra 1500,Elevation,8,Gasoline,134029.0,2025/06/05,Ontario,38000
2020,GMC,Sierra 1500,AT4,8,Gasoline,94572.0,2025/06/05,Ontario,49500
2024,GMC,Sierra 1500,Elevation,6,Diesel,37308.0,2025/06/05,Ontario,61000
2023,GMC,Sierra 1500,Elevation,8,Gasoline,46709.0,2025/06/05,Ontario,55750
2024,GMC,Sierra 1500,Denali,6,Diesel,30953.0,2025/06/05,Ontario,73500
2023,GMC,Sierra 1500,Elevation,6,Diesel,50658.0,2025/06/05,Quebec,46600
2024,GMC,Sierra 1500,Elevation,6,Diesel,24847.0,2025/06/05,Ontario,56200
2023,GMC,Sierra 1500,SLT,8,Gasoline,44418.0,2025/06/05,British Columbia,56500
2023,GMC,Sierra 1500,SLT,8,Gasoline,44550.0,2025/06/05,British Columbia,57100
2023,GMC,Sierra 1500,AT4,6,Diesel,79178.0,2025/06/05,Quebec,52000
2020,GMC,Sierra 1500,REGULAR CAB LONG BED,6,Flex,100814.0,2025/06/05,British Columbia,25200
2017,GMC,Sierra 1500,CREW CAB STD BED,8,Gasoline,187333.0,2025/06/05,Ontario,16000
2017,GMC,Sierra 1500,CREW CAB STD BED,8,Gasoline,198918.0,2025/06/05,Ontario,11600
2019,GMC,Sierra 1500,Denali,8,Gasoline,185179.0,2025/06/04,Manitoba,31600
2022,GMC,Sierra 1500,Elevation,6,Diesel,90232.0,2025/06/04,Ontario,45700
2018,GMC,Sierra 1500,SLE,8,Gasoline,178888.0,2025/06/04,Ontario,14700
2014,GMC,Sierra 1500,SLE,8,Flex,198173.0,2025/06/04,British Columbia,15200
2021,GMC,Sierra 1500,Denali,8,Gasoline,158824.0,2025/06/04,Ontario,39000
2023,GMC,Sierra 1500,Pro,8,Gasoline,30741.0,2025/06/04,Ontario,44000
2023,GMC,Sierra 1500,Pro,8,Gasoline,28474.0,2025/06/04,Quebec,43500
2024,GMC,Sierra 1500,Pro,4,Gasoline,47675.0,2025/06/04,Quebec,44000
2023,GMC,Sierra 1500,Pro,4,Gasoline,55262.0,2025/06/04,Ontario,39000
2023,GMC,Sierra 1500,Pro,4,Gasoline,34458.0,2025/06/04,Quebec,42200
2022,GMC,Sierra 1500,Pro,4,Gasoline,78529.0,2025/06/04,Ontario,33250
2023,GMC,Sierra 1500,Elevation,4,Gasoline,27594.0,2025/06/04,Ontario,50250
2020,GMC,Sierra 1500,SLE,8,Gasoline,242560.0,2025/06/04,Ontario,16100
2019,GMC,Sierra 1500,SLE,8,Gasoline,123082.0,2025/06/04,Alberta,24750
2021,GMC,Sierra 1500,SLE,8,Gasoline,120974.0,2025/06/04,Alberta,25500
2019,GMC,Sierra 1500,AT4,8,Gasoline,105577.0,2025/06/04,Quebec,38750
2019,GMC,Sierra 1500,SLE,8,Gasoline,112766.0,2025/06/04,Ontario,31000
2021,GMC,Sierra 1500,SLE,8,Gasoline,138145.0,2025/06/04,Alberta,27500
2019,GMC,Sierra 1500,Elevation,8,Gasoline,137750.0,2025/06/04,Ontario,29100
2019,GMC,Sierra 1500,Elevation,4,Gasoline,111674.0,2025/06/04,Ontario,30500
2021,GMC,Sierra 1500,AT4,8,Gasoline,69455.0,2025/06/04,Ontario,54000
2019,GMC,Sierra 1500,AT4,8,Gasoline,146094.0,2025/06/04,British Columbia,39900
2021,GMC,Sierra 1500,AT4,8,Gasoline,28261.0,2025/06/04,Quebec,53500
2022,GMC,Sierra 1500,Pro,4,Gasoline,32050.0,2025/06/04,Quebec,38200
2023,GMC,Sierra 1500,Pro,4,Gasoline,42083.0,2025/06/04,Ontario,40000
2024,GMC,Sierra 1500,Elevation,8,Gasoline,28334.0,2025/06/04,Ontario,58500
2022,GMC,Sierra 1500,Elevation,8,Gasoline,48480.0,2025/06/04,Quebec,54400
2022,GMC,Sierra 1500,SLT,8,Gasoline,59949.0,2025/06/04,Ontario,53000
2023,GMC,Sierra 1500,AT4,6,Diesel,43942.0,2025/06/04,Quebec,62000
2022,GMC,Sierra 1500,AT4,6,Diesel,67461.0,2025/06/04,Alberta,61500
2022,GMC,Sierra 1500,AT4,6,Diesel,60037.0,2025/06/04,Quebec,60000
2023,GMC,Sierra 1500,Denali,8,Gasoline,15054.0,2025/06/04,Quebec,67500
2018,GMC,Sierra 1500,"4WD DOUBLE CAB 143.5""",8,Gasoline,55168.0,2025/06/04,Quebec,30500
2023,GMC,Sierra 1500,Elevation,8,Gasoline,40585.0,2025/06/04,Ontario,51500
2022,GMC,Sierra 1500,Denali,6,Diesel,100399.0,2025/06/04,Quebec,49000
2023,GMC,Sierra 1500,Pro,4,Gasoline,51900.0,2025/06/04,Quebec,36900
2022,GMC,Sierra 1500,Pro,4,Gasoline,59340.0,2025/06/04,Ontario,30750
2023,GMC,Sierra 1500,Pro,4,Gasoline,19265.0,2025/06/04,Quebec,36000
2023,GMC,Sierra 1500,Pro,4,Gasoline,26689.0,2025/06/04,Quebec,39400
2022,GMC,Sierra 1500,Pro,4,Gasoline,52610.0,2025/06/04,Quebec,33200
2022,GMC,Sierra 1500,Pro,4,Gasoline,25245.0,2025/06/04,Quebec,39500
2022,GMC,Sierra 1500,Pro,4,Gasoline,30932.0,2025/06/04,Quebec,39000
2023,GMC,Sierra 1500,SLE,4,Gasoline,47748.0,2025/06/04,Quebec,41600
2023,GMC,Sierra 1500,Elevation,4,Gasoline,37829.0,2025/06/04,Quebec,45000
2018,GMC,Sierra 1500,SLE,8,Gasoline,127864.0,2025/06/04,Quebec,25100
2017,GMC,Sierra 1500,SLT,8,Gasoline,167824.0,2025/06/04,Ontario,26750
2017,GMC,Sierra 1500,Denali,8,Flex,199321.0,2025/06/04,Ontario,19000
2021,GMC,Sierra 1500,Elevation,6,Diesel,107921.0,2025/06/04,Quebec,38000
2022,GMC,Sierra 1500,SLE,6,Diesel,108914.0,2025/06/04,Quebec,36000
2020,GMC,Sierra 1500,SLE,8,Gasoline,218616.0,2025/06/03,Ontario,19500
2019,GMC,Sierra 1500,SLE,8,Gasoline,175465.0,2025/06/03,Ontario,25000
2017,GMC,Sierra 1500,"4WD Double Cab 143.5""",8,Gasoline,105781.0,2025/06/03,Ontario,29600
2023,GMC,Sierra 1500,Elevation,8,Gasoline,49210.0,2025/06/03,Ontario,51000
2021,GMC,Sierra 1500,SLE,8,Gasoline,53596.0,2025/06/03,Alberta,34000
2023,GMC,Sierra 1500,SLE,8,Gasoline,125549.0,2025/06/03,Alberta,29000
2023,GMC,Sierra 1500,SLE,8,Gasoline,140246.0,2025/06/03,Alberta,30500
2024,GMC,Sierra 1500,SLE,8,Gasoline,73087.0,2025/06/03,Alberta,43250
2020,GMC,Sierra 1500,Elevation,8,Gasoline,96489.0,2025/06/03,Alberta,33400
2018,GMC,Sierra 1500,SLE,8,Gasoline,100996.0,2025/06/03,Alberta,22400
2023,GMC,Sierra 1500,Elevation,8,Gasoline,39953.0,2025/06/03,New Brunswick,52200
2016,GMC,Sierra 1500,CREW CAB SHORT BED,8,Gasoline,146429.0,2025/06/03,Nova Scotia,14200
2024,GMC,Sierra 1500,SLE,8,Gasoline,142050.0,2025/06/03,Alberta,33000
2023,GMC,Sierra 1500,SLE,8,Gasoline,103957.0,2025/06/03,Alberta,39100
2022,GMC,Sierra 1500,Elevation,8,Gasoline,98397.0,2025/06/02,Alberta,46500
2021,GMC,Sierra 1500,Denali,8,Gasoline,138449.0,2025/06/02,Alberta,43300
2014,GMC,Sierra 1500,SLT,8,Flex,198821.0,2025/06/02,British Columbia,12700
2017,GMC,Sierra 1500,"4WD Double Cab 143.5""",8,Gasoline,135751.0,2025/06/02,Ontario,23300
2024,GMC,Sierra 1500,SLT,8,Gasoline,33300.0,2025/06/02,Alberta,60000
2015,GMC,Sierra 1500,SLT,8,Gasoline,244750.0,2025/06/02,Ontario,9800
2017,GMC,Sierra 1500,SLT,8,Gasoline,188876.0,2025/06/02,Ontario,21500
2018,GMC,Sierra 1500,SLT,8,Gasoline,111049.0,2025/06/02,Ontario,28500
2017,GMC,Sierra 1500,Denali,8,Gasoline,202641.0,2025/06/02,Ontario,18800
2022,GMC,Sierra 1500,AT4,6,Diesel,71208.0,2025/06/02,Ontario,53000
2022,GMC,Sierra 1500,Elevation,4,Gasoline,69123.0,2025/06/02,Manitoba,36000
2023,GMC,Sierra 1500,SLT,8,Gasoline,62078.0,2025/05/31,Ontario,55800
2023,GMC,Sierra 1500,Elevation,8,Gasoline,48960.0,2025/05/30,British Columbia,57000
2020,GMC,Sierra 1500,SLE,8,Gasoline,146418.0,2025/05/30,Ontario,31800
2018,GMC,Sierra 1500,"4WD Double Cab 143.5""",8,Gasoline,86985.0,2025/05/30,Manitoba,28200
2016,GMC,Sierra 1500,4WD Reg Cab,6,Flex,170773.0,2025/05/30,Ontario,21000
2023,GMC,Sierra 1500,Denali,8,Gasoline,50996.0,2025/05/30,Ontario,61500
2020,GMC,Sierra 1500,AT4,8,Gasoline,98857.0,2025/05/30,Newfoundland and Labrador,46700
2020,GMC,Sierra 1500,AT4,8,Gasoline,142821.0,2025/05/30,Saskatchewan,43000
2022,GMC,Sierra 1500,SLE,8,Gasoline,91968.0,2025/05/30,Saskatchewan,39750
2017,GMC,Sierra 1500,"4WD DOUBLE CAB 143.5""",8,Gasoline,130549.0,2025/05/30,Newfoundland and Labrador,14800
2018,GMC,Sierra 1500,SLE,8,Gasoline,210736.0,2025/05/30,Saskatchewan,12900
2022,GMC,Sierra 1500,Denali,8,Gasoline,72910.0,2025/05/30,Saskatchewan,56500
2024,GMC,Sierra 1500,AT4,8,Gasoline,28419.0,2025/05/29,Alberta,71100
2021,GMC,Sierra 1500,Elevation,6,Diesel,71532.0,2025/05/29,Ontario,43700
2023,GMC,Sierra 1500,AT4,8,Gasoline,97056.0,2025/05/29,Ontario,61100
2021,GMC,Sierra 1500,Denali,8,Gasoline,129524.0,2025/05/29,Ontario,42000
2020,GMC,Sierra 1500,AT4,8,Gasoline,65753.0,2025/05/29,Ontario,45000
2019,GMC,Sierra 1500,AT4,8,Gasoline,135257.0,2025/05/29,Ontario,40200
2024,GMC,Sierra 1500,SLE,8,Gasoline,76571.0,2025/05/29,Ontario,47000
2022,GMC,Sierra 1500,Elevation,8,Gasoline,203857.0,2025/05/29,Ontario,36500
2023,GMC,Sierra 1500,Elevation,8,Gasoline,74012.0,2025/05/29,Ontario,53800
2023,GMC,Sierra 1500,AT4,8,Gasoline,29718.0,2025/05/29,Quebec,68000
2024,GMC,Sierra 1500,Denali,6,Diesel,21677.0,2025/05/29,Ontario,75500
2017,GMC,Sierra 1500,SLE,8,Gasoline,129846.0,2025/05/29,New Brunswick,16500
2014,GMC,Sierra 1500,SLE,8,Flex,117670.0,2025/05/29,Ontario,11500
2022,GMC,Sierra 1500,AT4,6,Diesel,76528.0,2025/05/29,British Columbia,63000
2022,GMC,Sierra 1500,Denali,8,Gasoline,29695.0,2025/05/29,Manitoba,58600
2023,GMC,Sierra 1500,Denali,8,Gasoline,48320.0,2025/05/29,British Columbia,66750
2016,GMC,Sierra 1500,SLE,8,Gasoline,105586.0,2025/05/29,Quebec,22600
2017,GMC,Sierra 1500,SLT,8,Gasoline,109509.0,2025/05/29,Manitoba,19500
2021,GMC,Sierra 1500,SLT,8,Gasoline,52999.0,2025/05/29,Ontario,44500
2021,GMC,Sierra 1500,Denali,8,Gasoline,66102.0,2025/05/29,Quebec,50000
2018,GMC,Sierra 1500,Denali,8,Flex,142987.0,2025/05/28,Alberta,25400
2023,GMC,Sierra 1500,Denali,6,Diesel,62956.0,2025/05/28,British Columbia,66000
2022,GMC,Sierra 1500,Elevation,8,Gasoline,72991.0,2025/05/28,Ontario,46900
2024,GMC,Sierra 1500,Elevation,6,Diesel,34194.0,2025/05/28,Ontario,58300
2016,GMC,Sierra 1500,"4WD Double Cab 143.5""",8,Gasoline,176662.0,2025/05/28,Ontario,11700
2023,GMC,Sierra 1500,Pro,8,Gasoline,43177.0,2025/05/28,Quebec,43200
2023,GMC,Sierra 1500,Pro,4,Gasoline,34143.0,2025/05/28,Quebec,41200
2023,GMC,Sierra 1500,SLE,4,Gasoline,48214.0,2025/05/28,Quebec,43500
2021,GMC,Sierra 1500,Elevation,6,Diesel,70584.0,2025/05/28,Quebec,45800
2023,GMC,Sierra 1500,Pro,4,Gasoline,40890.0,2025/05/28,Ontario,41750
2023,GMC,Sierra 1500,Pro,4,Gasoline,35956.0,2025/05/28,Quebec,42500
2022,GMC,Sierra 1500,SLE,8,Gasoline,115612.0,2025/05/28,Alberta,32100
2024,GMC,Sierra 1500,Elevation,6,Diesel,76413.0,2025/05/28,Quebec,54750
2022,GMC,Sierra 1500,Elevation,8,Gasoline,37941.0,2025/05/28,Quebec,54250
2022,GMC,Sierra 1500,Elevation,8,Gasoline,53624.0,2025/05/28,Ontario,51500
2024,GMC,Sierra 1500,Elevation,8,Gasoline,36791.0,2025/05/28,Ontario,57750
2024,GMC,Sierra 1500,AT4,6,Diesel,92872.0,2025/05/28,Quebec,62500
2023,GMC,Sierra 1500,AT4,8,Gasoline,41708.0,2025/05/28,Quebec,66500
2022,GMC,Sierra 1500,AT4,6,Diesel,42844.0,2025/05/28,Quebec,62250
2022,GMC,Sierra 1500,Denali,8,Gasoline,35616.0,2025/05/28,Quebec,61500
2023,GMC,Sierra 1500,Denali Ultimate,8,Gasoline,55980.0,2025/05/28,Ontario,76000
2023,GMC,Sierra 1500,Elevation,8,Gasoline,66966.0,2025/05/28,Ontario,45600
2023,GMC,Sierra 1500,Elevation,8,Gasoline,24310.0,2025/05/28,Ontario,55250
2023,GMC,Sierra 1500,Elevation,8,Gasoline,58272.0,2025/05/28,Quebec,51000
2023,GMC,Sierra 1500,AT4X,8,Gasoline,19900.0,2025/05/28,Quebec,74000
2023,GMC,Sierra 1500,Denali,8,Gasoline,39098.0,2025/05/28,Ontario,62500
2023,GMC,Sierra 1500,Denali,8,Gasoline,34462.0,2025/05/28,Ontario,63500
2023,GMC,Sierra 1500,Denali,8,Gasoline,32941.0,2025/05/28,Ontario,63500
2023,GMC,Sierra 1500,Denali,8,Gasoline,50814.0,2025/05/28,Ontario,61000
2022,GMC,Sierra 1500,Denali,8,Gasoline,36766.0,2025/05/28,Quebec,56800
2023,GMC,Sierra 1500,Denali,8,Gasoline,44861.0,2025/05/28,Ontario,62000
2023,GMC,Sierra 1500,Elevation,4,Gasoline,42386.0,2025/05/28,Alberta,47500
2022,GMC,Sierra 1500,Elevation,4,Gasoline,71626.0,2025/05/28,Quebec,41000
2017,GMC,Sierra 1500,CREW CAB STD BED,8,Gasoline,158750.0,2025/05/28,Quebec,12300
2017,GMC,Sierra 1500,SLE,8,Gasoline,153917.0,2025/05/28,Ontario,22000
2016,GMC,Sierra 1500,SLE,8,Gasoline,142376.0,2025/05/28,Quebec,21200
2021,GMC,Sierra 1500,CREW CAB SHORT BED,8,Gasoline,120327.0,2025/05/28,Ontario,30000
2023,GMC,Sierra 1500,SLE,8,Gasoline,46348.0,2025/05/28,Ontario,42500
2023,GMC,Sierra 1500,SLE,8,Gasoline,24845.0,2025/05/28,Ontario,49000
2021,GMC,Sierra 1500,Elevation,8,Gasoline,124419.0,2025/05/27,Ontario,40500
2019,GMC,Sierra 1500,Elevation,4,Gasoline,111502.0,2025/05/27,Ontario,26500
2018,GMC,Sierra 1500,SLE,8,Gasoline,224834.0,2025/05/27,Ontario,11000
2017,GMC,Sierra 1500,SLT,8,Gasoline,185661.0,2025/05/27,Alberta,17300
2021,GMC,Sierra 1500,AT4,8,Gasoline,150149.0,2025/05/27,Ontario,42600
2023,GMC,Sierra 1500,SLE,4,Gasoline,117109.0,2025/05/27,Alberta,35000
2020,GMC,Sierra 1500,SLE,8,Gasoline,122157.0,2025/05/27,Alberta,24900
2021,GMC,Sierra 1500,Elevation,8,Gasoline,98460.0,2025/05/27,Saskatchewan,37000
2024,GMC,Sierra 1500,SLE,8,Gasoline,101975.0,2025/05/27,Alberta,36900
2024,GMC,Sierra 1500,SLE,8,Gasoline,124779.0,2025/05/27,Alberta,34100
2023,GMC,Sierra 1500,SLE,8,Gasoline,91584.0,2025/05/27,Alberta,34750
2023,GMC,Sierra 1500,SLE,8,Gasoline,132379.0,2025/05/27,Alberta,31900
2019,GMC,Sierra 1500,CREW CAB STD BED,8,Gasoline,118833.0,2025/05/27,Alberta,26100
2021,GMC,Sierra 1500,SLE,8,Gasoline,83407.0,2025/05/27,Alberta,33600
2020,GMC,Sierra 1500,Elevation,8,Gasoline,191292.0,2025/05/27,Nova Scotia,27800
2023,GMC,Sierra 1500,Denali Ultimate,8,Gasoline,26502.0,2025/05/27,Alberta,82000
2015,GMC,Sierra 1500,SLE,8,Gasoline,147365.0,2025/05/27,Nova Scotia,15400
2014,GMC,Sierra 1500,SLT,8,Flex,223646.0,2025/05/27,Nova Scotia,11900
2021,GMC,Sierra 2500HD,Denali,8,Diesel,112552.0,2025/11/22,Ontario,63800
2022,GMC,Sierra 2500HD,SLE,8,Diesel,114617.0,2025/11/21,Quebec,47500
2021,GMC,Sierra 2500HD,Denali,8,Diesel,192108.0,2025/11/20,Quebec,37000
2018,GMC,Sierra 2500HD,CREW CAB STD BED,8,Flex,209754.0,2025/11/20,British Columbia,16750
2018,GMC,Sierra 2500HD,CREW CAB STD BED,8,Flex,214437.0,2025/11/20,British Columbia,10900
2019,GMC,Sierra 2500HD,SLT,8,Diesel,76017.0,2025/11/20,British Columbia,60500
2015,GMC,Sierra 2500HD,SLE,8,Flex,248063.0,2025/11/20,Ontario,9250
2022,GMC,Sierra 2500HD,AT4,8,Diesel,144909.0,2025/11/20,New Brunswick,56600
2025,GMC,Sierra 2500HD,AT4,8,Gasoline,38080.0,2025/11/20,Ontario,84000
2020,GMC,Sierra 2500HD,AT4,8,Diesel,95583.0,2025/11/19,Ontario,62700
2018,GMC,Sierra 2500HD,SLT,8,Diesel,215686.0,2025/11/19,Quebec,30250
2018,GMC,Sierra 2500HD,Denali,8,Diesel,104224.0,2025/11/19,Quebec,61000
2022,GMC,Sierra 2500HD,SLT,8,Diesel,53129.0,2025/11/19,Quebec,68800
2024,GMC,Sierra 2500HD,AT4,8,Diesel,47703.0,2025/11/19,Ontario,84500
2024,GMC,Sierra 2500HD,Denali,8,Diesel,66240.0,2025/11/19,Ontario,78500
2021,GMC,Sierra 2500HD,Denali,8,Diesel,48796.0,2025/11/19,Ontario,74000
2024,GMC,Sierra 2500HD,Denali,8,Diesel,77340.0,2025/11/19,Ontario,79500
2024,GMC,Sierra 2500HD,SLE,8,Gasoline,33422.0,2025/11/19,Alberta,55250
2021,GMC,Sierra 2500HD,AT4,8,Diesel,119735.0,2025/11/19,Quebec,64000
2022,GMC,Sierra 2500HD,Denali,8,Diesel,111785.0,2025/11/19,Quebec,65000
2022,GMC,Sierra 2500HD,Denali,8,Diesel,127454.0,2025/11/19,Ontario,66250
2023,GMC,Sierra 2500HD,Denali,8,Diesel,70750.0,2025/11/19,Ontario,75000
2024,GMC,Sierra 2500HD,Denali,8,Diesel,106651.0,2025/11/19,Quebec,77750
2022,GMC,Sierra 2500HD,SLE,8,Gasoline,116277.0,2025/11/18,Alberta,40250
2024,GMC,Sierra 2500HD,SLE,8,Gasoline,119666.0,2025/11/18,Alberta,29250
2023,GMC,Sierra 2500HD,Pro,8,Diesel,53604.0,2025/11/17,Ontario,51100
2021,GMC,Sierra 2500HD,AT4,8,Diesel,50804.0,2025/11/17,Ontario,75000
2024,GMC,Sierra 2500HD,SLE,8,Diesel,29769.0,2025/11/14,Newfoundland and Labrador,67000
2024,GMC,Sierra 2500HD,SLE,8,Diesel,25115.0,2025/11/14,Newfoundland and Labrador,68000
2022,GMC,Sierra 2500HD,AT4,8,Gasoline,136358.0,2025/11/14,Manitoba,48500
2022,GMC,Sierra 2500HD,Pro,8,Gasoline,35555.0,2025/11/13,Ontario,51750
2019,GMC,Sierra 2500HD,SLT,8,Diesel,176371.0,2025/11/13,Ontario,42000
2024,GMC,Sierra 2500HD,Denali,8,Diesel,41383.0,2025/11/13,Ontario,82500
2022,GMC,Sierra 2500HD,Denali,8,Diesel,83074.0,2025/11/13,Ontario,75700
2024,GMC,Sierra 2500HD,Denali,8,Diesel,64768.0,2025/11/13,Ontario,81500
2010,GMC,Sierra 2500HD,SLE,8,Gasoline,188480.0,2025/11/13,Ontario,12000
2022,GMC,Sierra 2500HD,Denali,8,Diesel,69798.0,2025/11/12,Ontario,73500
2024,GMC,Sierra 2500HD,SLE,8,Diesel,38039.0,2025/11/12,Ontario,69500
2023,GMC,Sierra 2500HD,AT4,8,Diesel,90835.0,2025/11/12,Ontario,67000
2023,GMC,Sierra 2500HD,AT4,8,Diesel,131958.0,2025/11/12,Quebec,62250
2023,GMC,Sierra 2500HD,AT4,8,Diesel,73086.0,2025/11/12,Quebec,67000
2021,GMC,Sierra 2500HD,AT4,8,Diesel,91349.0,2025/11/12,Quebec,67200
2024,GMC,Sierra 2500HD,Denali,8,Diesel,65498.0,2025/11/12,Quebec,81000
2022,GMC,Sierra 2500HD,Denali,8,Diesel,105251.0,2025/11/12,Quebec,69500
2022,GMC,Sierra 2500HD,SLE,8,Gasoline,87048.0,2025/11/12,Alberta,35000
2023,GMC,Sierra 2500HD,SLE,8,Gasoline,153214.0,2025/11/12,Alberta,36000
2023,GMC,Sierra 2500HD,SLE,8,Gasoline,52839.0,2025/11/12,Alberta,46900
2016,GMC,Sierra 2500HD,"4WD REG CAB 133.6""",8,Flex,127399.0,2025/11/08,British Columbia,17200
2021,GMC,Sierra 2500HD,SLE,8,Gasoline,127015.0,2025/11/08,Ontario,39800
2017,GMC,Sierra 2500HD,SLT,8,Flex,197012.0,2025/11/07,Saskatchewan,23900
2023,GMC,Sierra 2500HD,AT4,8,Diesel,81142.0,2025/11/06,Ontario,68000
2022,GMC,Sierra 2500HD,AT4,8,Gasoline,59488.0,2025/11/06,Ontario,68900
2023,GMC,Sierra 2500HD,AT4,8,Diesel,73615.0,2025/11/06,Ontario,72000
2024,GMC,Sierra 2500HD,Pro,8,Diesel,15579.0,2025/11/06,Quebec,59600
2024,GMC,Sierra 2500HD,AT4,8,Diesel,82237.0,2025/11/05,Nova Scotia,82000
2019,GMC,Sierra 2500HD,SLT,8,Diesel,138957.0,2025/11/05,Quebec,50500
2024,GMC,Sierra 2500HD,AT4,8,Diesel,62195.0,2025/11/05,Quebec,79000
2024,GMC,Sierra 2500HD,Denali,8,Diesel,72853.0,2025/11/05,Quebec,81500
2023,GMC,Sierra 2500HD,SLE,8,Gasoline,18023.0,2025/11/05,Ontario,64500
2024,GMC,Sierra 2500HD,AT4,8,Gasoline,49286.0,2025/11/05,Quebec,83500
2024,GMC,Sierra 2500HD,AT4,8,Diesel,51565.0,2025/11/05,Ontario,82800
2024,GMC,Sierra 2500HD,Denali,8,Gasoline,21957.0,2025/11/05,Ontario,79000
2025,GMC,Sierra 2500HD,AT4,8,Diesel,72245.0,2025/11/05,Quebec,84000
2018,GMC,Sierra 2500HD,SLE,8,Flex,239852.0,2025/11/04,Alberta,14400
2023,GMC,Sierra 2500HD,Denali,8,Diesel,45614.0,2025/11/04,Nova Scotia,78500
2023,GMC,Sierra 2500HD,SLE,8,Gasoline,107753.0,2025/11/04,Alberta,33500
2022,GMC,Sierra 2500HD,SLE,8,Gasoline,102868.0,2025/11/03,Alberta,30500
2023,GMC,Sierra 2500HD,SLE,8,Gasoline,68746.0,2025/11/03,Alberta,36500
2020,GMC,Sierra 2500HD,SLE,8,Gasoline,231042.0,2025/10/31,Saskatchewan,20000
2023,GMC,Sierra 2500HD,SLE,8,Gasoline,67976.0,2025/10/31,Alberta,36000
2023,GMC,Sierra 2500HD,AT4,8,Diesel,27565.0,2025/10/30,Quebec,77800
2022,GMC,Sierra 2500HD,Denali,8,Diesel,43084.0,2025/10/30,Ontario,80000
2023,GMC,Sierra 2500HD,SLE,8,Gasoline,63532.0,2025/10/30,Alberta,50250
2024,GMC,Sierra 2500HD,AT4,8,Diesel,71174.0,2025/10/29,Quebec,80500
2023,GMC,Sierra 2500HD,Denali,8,Diesel,93422.0,2025/10/29,Quebec,76000
2011,GMC,Sierra 2500HD,SLE,8,Diesel,122862.0,2025/10/29,Quebec,21400
2015,GMC,Sierra 2500HD,SLT,8,Diesel,222681.0,2025/10/28,British Columbia,22300
2013,GMC,Sierra 2500HD,SLE,8,Flex,235715.0,2025/10/28,Manitoba,10500
2018,GMC,Sierra 2500HD,SLT,8,Flex,99615.0,2025/10/28,Alberta,43000
2021,GMC,Sierra 2500HD,SLE,8,Gasoline,125990.0,2025/10/28,Alberta,32000
2023,GMC,Sierra 2500HD,SLE,8,Gasoline,113481.0,2025/10/28,Alberta,48250
2021,GMC,Sierra 2500HD,Denali,8,Diesel,134445.0,2025/10/27,Manitoba,61000
2020,GMC,Sierra 2500HD,AT4,8,Diesel,141414.0,2025/10/24,Quebec,59100
2019,GMC,Sierra 2500HD,Denali,8,Diesel,213630.0,2025/10/24,Saskatchewan,43750
2023,GMC,Sierra 2500HD,AT4,8,Diesel,74676.0,2025/10/24,Saskatchewan,68250
2023,GMC,Sierra 2500HD,Denali,8,Diesel,59278.0,2025/10/23,Ontario,73500
2017,GMC,Sierra 2500HD,Denali,8,Diesel,167872.0,2025/10/23,Quebec,40250
2020,GMC,Sierra 2500HD,Denali,8,Diesel,120621.0,2025/10/23,Ontario,63000
2022,GMC,Sierra 2500HD,Pro,8,Gasoline,82728.0,2025/10/23,Ontario,39000
2024,GMC,Sierra 2500HD,SLE,8,Gasoline,53922.0,2025/10/23,British Columbia,53500
2022,GMC,Sierra 2500HD,SLE,8,Gasoline,54369.0,2025/10/22,Ontario,52000
2017,GMC,Sierra 2500HD,Denali,8,Diesel,217764.0,2025/10/22,Ontario,36250
2024,GMC,Sierra 2500HD,SLE,8,Gasoline,52479.0,2025/10/22,Ontario,62500
2023,GMC,Sierra 2500HD,AT4,8,Diesel,90832.0,2025/10/22,Quebec,70000
2024,GMC,Sierra 2500HD,SLE,8,Gasoline,16887.0,2025/10/22,Ontario,67600
2022,GMC,Sierra 2500HD,SLE,8,Gasoline,153516.0,2025/10/21,Alberta,29400
2015,GMC,Sierra 2500HD,SLE,8,Flex,156874.0,2025/10/21,Alberta,18400
2024,GMC,Sierra 2500HD,SLE,8,Gasoline,29483.0,2025/10/20,Alberta,59200
2019,GMC,Sierra 2500HD,SLE,8,Flex,169002.0,2025/10/16,Saskatchewan,21000
2013,GMC,Sierra 2500HD,WT,8,Flex,86929.0,2025/10/16,Ontario,17000
2018,GMC,Sierra 2500HD,SLE,8,Diesel,46631.0,2025/10/15,Quebec,54500
2022,GMC,Sierra 2500HD,Pro,8,Diesel,183379.0,2025/10/15,Quebec,37500
2024,GMC,Sierra 2500HD,SLE,8,Gasoline,51389.0,2025/10/15,Quebec,62500
2023,GMC,Sierra 2500HD,SLE,8,Diesel,83683.0,2025/10/15,Quebec,54000
2023,GMC,Sierra 2500HD,SLE,8,Diesel,89433.0,2025/10/15,Quebec,54750
2022,GMC,Sierra 2500HD,Denali,8,Diesel,118903.0,2025/10/15,Quebec,65500
2021,GMC,Sierra 2500HD,Denali,8,Diesel,123634.0,2025/10/15,Quebec,64000
2017,GMC,Sierra 2500HD,SLT,8,Diesel,195207.0,2025/10/15,Quebec,27000
2020,GMC,Sierra 2500HD,Denali,8,Gasoline,67597.0,2025/10/15,Ontario,63750
2022,GMC,Sierra 2500HD,Denali,8,Diesel,81781.0,2025/10/15,Ontario,74250
2020,GMC,Sierra 2500HD,Denali,8,Diesel,89322.0,2025/10/15,Quebec,64600
2022,GMC,Sierra 2500HD,Denali,8,Diesel,205415.0,2025/10/14,Ontario,40200
2024,GMC,Sierra 2500HD,Denali Ultimate,8,Diesel,80036.0,2025/10/14,Ontario,82000
2023,GMC,Sierra 2500HD,Pro,8,Gasoline,133392.0,2025/10/09,Ontario,41000
2022,GMC,Sierra 2500HD,SLE,8,Diesel,102250.0,2025/10/09,Ontario,48400
2021,GMC,Sierra 2500HD,AT4,8,Diesel,177000.0,2025/10/09,Ontario,49500
2024,GMC,Sierra 2500HD,Pro,8,Gasoline,70087.0,2025/10/09,New Brunswick,45600
2016,GMC,Sierra 2500HD,4WD CREW CAB,8,Flex,200541.0,2025/10/08,Ontario,17000
2022,GMC,Sierra 2500HD,AT4,8,Gasoline,105330.0,2025/10/08,Ontario,59700
2021,GMC,Sierra 2500HD,Denali,8,Diesel,84019.0,2025/10/08,Quebec,71700
2022,GMC,Sierra 2500HD,Denali,8,Diesel,132090.0,2025/10/08,Quebec,67200
2022,GMC,Sierra 2500HD,Pro,8,Gasoline,101936.0,2025/10/08,Quebec,35000
2020,GMC,Sierra 2500HD,SLE,8,Gasoline,146744.0,2025/10/08,Alberta,34800
2022,GMC,Sierra 2500HD,Denali,8,Diesel,198709.0,2025/10/08,Ontario,51500
2024,GMC,Sierra 2500HD,SLE,8,Gasoline,46860.0,2025/10/07,Alberta,59000
2020,GMC,Sierra 2500HD,Denali,8,Diesel,79089.0,2025/10/06,Ontario,63500
2012,GMC,Sierra 2500HD,SLE,8,Flex,101690.0,2025/10/06,Quebec,13400
2021,GMC,Sierra 2500HD,AT4,8,Diesel,146518.0,2025/10/02,Ontario,60750
2021,GMC,Sierra 2500HD,CREW CAB LONG BED,8,Gasoline,96399.0,2025/10/02,Ontario,42500
2023,GMC,Sierra 2500HD,SLT,8,Diesel,102155.0,2025/10/02,Ontario,66500
2024,GMC,Sierra 2500HD,AT4,8,Diesel,82347.0,2025/10/02,Ontario,82000
2024,GMC,Sierra 2500HD,PRO CREW CAB STD BED,8,Diesel,44687.0,2025/10/01,Quebec,62250
2024,GMC,Sierra 2500HD,SLE,8,Diesel,79653.0,2025/10/01,Ontario,62750
2021,GMC,Sierra 2500HD,AT4,8,Gasoline,76930.0,2025/10/01,Quebec,61400
2023,GMC,Sierra 2500HD,Denali,8,Diesel,87493.0,2025/10/01,Quebec,75250
2022,GMC,Sierra 2500HD,Pro,8,Gasoline,71384.0,2025/10/01,Ontario,43000
2024,GMC,Sierra 2500HD,SLE,8,Gasoline,29140.0,2025/10/01,Alberta,62000
2020,GMC,Sierra 2500HD,AT4,8,Gasoline,219988.0,2025/10/01,Alberta,36500
2022,GMC,Sierra 2500HD,Denali,8,Diesel,69928.0,2025/10/01,Quebec,76800
2019,GMC,Sierra 2500HD,SLT,8,Diesel,180654.0,2025/09/30,Alberta,28000
2017,GMC,Sierra 2500HD,Denali,8,Diesel,217648.0,2025/09/30,Nova Scotia,33800
2013,GMC,Sierra 2500HD,SLT,8,Flex,233473.0,2025/09/26,Alberta,9100
2020,GMC,Sierra 2500HD,SLE,8,Gasoline,128093.0,2025/09/26,Manitoba,36500
2022,GMC,Sierra 2500HD,SLE,8,Diesel,65107.0,2025/09/25,Ontario,53300
2017,GMC,Sierra 2500HD,"4WD Reg Cab 133.6""",8,Diesel,222650.0,2025/09/25,Ontario,19800
2015,GMC,Sierra 2500HD,"4WD DOUBLE CAB 158.1""",8,Diesel,185553.0,2025/09/25,Ontario,21200
2022,GMC,Sierra 2500HD,AT4,8,Gasoline,95377.0,2025/09/25,New Brunswick,62000
2024,GMC,Sierra 2500HD,Denali,8,Diesel,79446.0,2025/09/25,Ontario,82000
2020,GMC,Sierra 2500HD,SLT,8,Diesel,159723.0,2025/09/24,Ontario,50500
2024,GMC,Sierra 2500HD,SLE,8,Diesel,29154.0,2025/09/24,Ontario,70500
2023,GMC,Sierra 2500HD,SLE,8,Diesel,54952.0,2025/09/24,Quebec,65250
2023,GMC,Sierra 2500HD,Denali,8,Diesel,75797.0,2025/09/24,Quebec,76200
2021,GMC,Sierra 2500HD,Denali,8,Diesel,103662.0,2025/09/24,Quebec,52750
2023,GMC,Sierra 2500HD,Pro,8,Gasoline,117276.0,2025/09/24,Quebec,41200
2020,GMC,Sierra 2500HD,Denali,8,Diesel,56064.0,2025/09/24,Quebec,76750
2020,GMC,Sierra 2500HD,Denali,8,Diesel,170166.0,2025/09/24,Ontario,55750
2024,GMC,Sierra 2500HD,SLE,8,Gasoline,29043.0,2025/09/23,Alberta,64100
2021,GMC,Sierra 2500HD,"4WD DOUBLE CAB 162""",8,Gasoline,223493.0,2025/09/23,Alberta,14400
2023,GMC,Sierra 2500HD,SLE,8,Gasoline,79009.0,2025/09/23,Alberta,40750
2017,GMC,Sierra 2500HD,4WD CREW CAB,8,Flex,153194.0,2025/09/22,Alberta,23900
2022,GMC,Sierra 2500HD,AT4,8,Diesel,58340.0,2025/09/22,Manitoba,75000
2022,GMC,Sierra 2500HD,Denali,8,Diesel,81332.0,2025/09/19,Ontario,72700
2022,GMC,Sierra 2500HD,Denali,8,Diesel,87899.0,2025/09/19,Nova Scotia,72000
2024,GMC,Sierra 2500HD,Denali,8,Diesel,46055.0,2025/09/19,Newfoundland and Labrador,80500
2022,GMC,Sierra 2500HD,SLE,8,Gasoline,21863.0,2025/09/18,British Columbia,58750
2019,GMC,Sierra 2500HD,SLT,8,Diesel,75952.0,2025/09/18,British Columbia,62000
2020,GMC,Sierra 2500HD,CREW CAB LONG BED,8,Diesel,88729.0,2025/09/18,Ontario,46000
2023,GMC,Sierra 2500HD,Denali,8,Diesel,56782.0,2025/09/18,Ontario,80500
2019,GMC,Sierra 2500HD,SLE,8,Diesel,141726.0,2025/09/17,Quebec,41500
2015,GMC,Sierra 2500HD,SLT,8,Diesel,227624.0,2025/09/17,Quebec,27400
2024,GMC,Sierra 2500HD,Pro,8,Diesel,32600.0,2025/09/17,Quebec,63500
2022,GMC,Sierra 2500HD,SLE,8,Gasoline,89162.0,2025/09/17,Quebec,50250
2021,GMC,Sierra 2500HD,SLE,8,Diesel,84398.0,2025/09/17,Ontario,56750
2022,GMC,Sierra 2500HD,SLT,8,Diesel,97719.0,2025/09/17,Quebec,65250
2022,GMC,Sierra 2500HD,AT4,8,Diesel,71284.0,2025/09/17,Quebec,68500
2023,GMC,Sierra 2500HD,AT4,8,Diesel,30210.0,2025/09/17,Quebec,79250
2020,GMC,Sierra 2500HD,Denali,8,Diesel,82179.0,2025/09/17,Quebec,70000
2022,GMC,Sierra 2500HD,Pro,8,Gasoline,62321.0,2025/09/17,Ontario,40000
2022,GMC,Sierra 2500HD,Denali,8,Diesel,75608.0,2025/09/17,Quebec,77250
2024,GMC,Sierra 2500HD,Denali,8,Diesel,80283.0,2025/09/17,Alberta,81000
2019,GMC,Sierra 2500HD,REGULAR CAB LONG BED,8,Flex,206766.0,2025/09/16,Alberta,15800
2016,GMC,Sierra 2500HD,REGULAR CAB LONG BED,8,Flex,170872.0,2025/09/16,Alberta,13800
2017,GMC,Sierra 2500HD,SLE,8,Flex,243232.0,2025/09/16,Alberta,15600
2022,GMC,Sierra 2500HD,SLE,8,Gasoline,100208.0,2025/09/16,Alberta,34500
2023,GMC,Sierra 2500HD,SLE,8,Gasoline,59031.0,2025/09/16,Alberta,54000
2021,GMC,Sierra 2500HD,SLT,8,Gasoline,166378.0,2025/09/16,Alberta,45500
2022,GMC,Sierra 2500HD,SLT,8,Gasoline,201737.0,2025/09/16,Alberta,35600
2020,GMC,Sierra 2500HD,AT4,8,Diesel,177903.0,2025/09/12,Ontario,57800
2015,GMC,Sierra 2500HD,REGULAR CAB LONG BED,8,Diesel,135289.0,2025/09/11,Ontario,23000
2024,GMC,Sierra 2500HD,PRO CREW CAB STD BED,8,Diesel,35135.0,2025/09/11,Ontario,63000
2024,GMC,Sierra 2500HD,SLE,8,Diesel,37906.0,2025/09/11,New Brunswick,69000
2022,GMC,Sierra 2500HD,AT4,8,Gasoline,104429.0,2025/09/11,Ontario,60000
2022,GMC,Sierra 2500HD,Denali,8,Diesel,166191.0,2025/09/11,Ontario,57200
2023,GMC,Sierra 2500HD,Denali,8,Diesel,41663.0,2025/09/10,Ontario,80700
2024,GMC,Sierra 2500HD,Pro,8,Diesel,29801.0,2025/09/10,Quebec,65000
2024,GMC,Sierra 2500HD,SLE,8,Diesel,63967.0,2025/09/10,Quebec,67500
2024,GMC,Sierra 2500HD,SLE,8,Diesel,28210.0,2025/09/10,Quebec,72500
2024,GMC,Sierra 2500HD,Denali,8,Diesel,73035.0,2025/09/10,Quebec,84250
2021,GMC,Sierra 2500HD,SLE,8,Gasoline,174112.0,2025/09/10,Alberta,34500
2022,GMC,Sierra 2500HD,SLT,8,Gasoline,196957.0,2025/09/10,Alberta,39300
2021,GMC,Sierra 2500HD,Denali,8,Diesel,131796.0,2025/09/10,Ontario,65750
2020,GMC,Sierra 2500HD,Denali,8,Diesel,89248.0,2025/09/10,Quebec,64250
2022,GMC,Sierra 2500HD,SLT,8,Diesel,139029.0,2025/09/10,Ontario,52000
2021,GMC,Sierra 2500HD,Denali,8,Diesel,219855.0,2025/09/09,Ontario,41000
2018,GMC,Sierra 2500HD,SLE,8,Flex,249187.0,2025/09/09,Alberta,12250
2023,GMC,Sierra 2500HD,SLE,8,Gasoline,66969.0,2025/09/09,Alberta,49000
2023,GMC,Sierra 2500HD,SLE,8,Gasoline,71926.0,2025/09/09,Alberta,50200
2018,GMC,Sierra 2500HD,SLE,8,Flex,124990.0,2025/09/08,British Columbia,34055
2022,GMC,Sierra 2500HD,SLE,8,Gasoline,95632.0,2025/09/05,Quebec,49000
2018,GMC,Sierra 2500HD,SLT,8,Diesel,204407.0,2025/09/04,Manitoba,33000
2022,GMC,Sierra 2500HD,Pro,8,Gasoline,99794.0,2025/09/04,Ontario,38250
2021,GMC,Sierra 2500HD,SLE,8,Diesel,72962.0,2025/09/04,Ontario,52750
2024,GMC,Sierra 2500HD,AT4,8,Diesel,99069.0,2025/09/04,Ontario,83000
2016,GMC,Sierra 2500HD,Denali,8,Diesel,168665.0,2025/09/03,Ontario,33200
2023,GMC,Sierra 2500HD,SLE,8,Diesel,77159.0,2025/09/03,Ontario,60000
2023,GMC,Sierra 2500HD,AT4,8,Diesel,87615.0,2025/09/03,Quebec,66500
2023,GMC,Sierra 2500HD,AT4,8,Diesel,101056.0,2025/09/03,Ontario,68250
2024,GMC,Sierra 2500HD,AT4,8,Diesel,78510.0,2025/09/03,Quebec,84200
2024,GMC,Sierra 2500HD,AT4,8,Diesel,80102.0,2025/09/03,Quebec,84500
2023,GMC,Sierra 2500HD,Denali,8,Diesel,89703.0,2025/09/03,Ontario,75750
2024,GMC,Sierra 2500HD,CREW CAB PRO BED,8,Gasoline,27949.0,2025/09/03,Quebec,55700
2024,GMC,Sierra 2500HD,AT4,8,Diesel,103266.0,2025/09/03,Ontario,80250
2024,GMC,Sierra 2500HD,SLE,8,Diesel,25176.0,2025/09/03,Ontario,71000
2011,GMC,Sierra 2500HD,SLE,8,Diesel,202519.0,2025/09/02,British Columbia,22500
2022,GMC,Sierra 2500HD,Pro,8,Gasoline,42493.0,2025/09/02,Ontario,44100
2017,GMC,Sierra 2500HD,CREW CAB STD BED,8,Diesel,228890.0,2025/09/02,Alberta,13600
2017,GMC,Sierra 2500HD,SLT,8,Flex,157431.0,2025/09/02,Alberta,39500
2018,GMC,Sierra 2500HD,SLT,8,Diesel,189680.0,2025/09/02,Nova Scotia,36900
2021,GMC,Sierra 2500HD,"4WD DOUBLE CAB 162""",8,Gasoline,249387.0,2025/09/02,Alberta,23000
2015,GMC,Sierra 2500HD,SLE,8,Flex,155117.0,2025/08/29,Ontario,24900
2024,GMC,Sierra 2500HD,Denali,8,Diesel,77737.0,2025/08/29,Ontario,83800
2021,GMC,Sierra 2500HD,SLE,8,Gasoline,57824.0,2025/08/29,Newfoundland and Labrador,45500
2018,GMC,Sierra 2500HD,SLE,8,Flex,109164.0,2025/08/28,Ontario,30800
2016,GMC,Sierra 2500HD,Denali,8,Diesel,102938.0,2025/08/28,Ontario,54000
2023,GMC,Sierra 2500HD,Denali,8,Diesel,109579.0,2025/08/28,Ontario,70900
2024,GMC,Sierra 2500HD,SLE CREW CAB STD BED,8,Gasoline,25551.0,2025/08/28,Ontario,57100
2023,GMC,Sierra 2500HD,AT4,8,Diesel,55420.0,2025/08/28,Ontario,76750
2023,GMC,Sierra 2500HD,Denali,8,Diesel,110579.0,2025/08/27,Ontario,73500
2023,GMC,Sierra 2500HD,Pro,8,Gasoline,55971.0,2025/08/27,Quebec,48000
2020,GMC,Sierra 2500HD,AT4,8,Diesel,94814.0,2025/08/27,Ontario,65750
2023,GMC,Sierra 2500HD,AT4,8,Diesel,101051.0,2025/08/27,Quebec,70500
2021,GMC,Sierra 2500HD,AT4,8,Diesel,109501.0,2025/08/27,Ontario,64250
2020,GMC,Sierra 2500HD,SLE,8,Gasoline,145238.0,2025/08/27,Quebec,33800
2023,GMC,Sierra 2500HD,AT4,8,Diesel,47632.0,2025/08/27,Ontario,79500
2020,GMC,Sierra 2500HD,SLE,8,Gasoline,162624.0,2025/08/26,Alberta,26300
2021,GMC,Sierra 2500HD,SLE,8,Gasoline,187838.0,2025/08/26,Alberta,26500
2012,GMC,Sierra 2500HD,SLE,8,Flex,30162.0,2025/08/26,Alberta,22750
2024,GMC,Sierra 2500HD,SLE,8,Gasoline,27812.0,2025/08/26,Alberta,58900
2023,GMC,Sierra 2500HD,AT4,8,Gasoline,187569.0,2025/08/26,Alberta,37750
2022,GMC,Sierra 2500HD,Denali,8,Diesel,97170.0,2025/08/26,Nova Scotia,71200
2022,GMC,Sierra 2500HD,AT4,8,Diesel,46325.0,2025/08/25,Ontario,71900
2020,GMC,Sierra 2500HD,Denali,8,Diesel,60326.0,2025/08/25,Nova Scotia,70000
2022,GMC,Sierra 2500HD,Denali,8,Diesel,87749.0,2025/08/22,Ontario,71100
2024,GMC,Sierra 2500HD,SLT,8,Diesel,23027.0,2025/08/22,New Brunswick,80000
2024,GMC,Sierra 2500HD,Denali,8,Diesel,65266.0,2025/08/22,Ontario,84900
2011,GMC,Sierra 2500HD,SLE,8,Flex,192627.0,2025/08/22,British Columbia,9800
2023,GMC,Sierra 2500HD,SLE,8,Gasoline,90728.0,2025/08/22,Saskatchewan,49250
2015,GMC,Sierra 2500HD,SLT,8,Diesel,150917.0,2025/08/21,British Columbia,40500
2021,GMC,Sierra 2500HD,AT4,8,Gasoline,100937.0,2025/08/21,Ontario,60750
2021,GMC,Sierra 2500HD,"4WD DOUBLE CAB 149""",8,Gasoline,133879.0,2025/08/21,Ontario,38000
2023,GMC,Sierra 2500HD,Pro,8,Gasoline,40669.0,2025/08/20,Quebec,45200
2021,GMC,Sierra 2500HD,SLE,8,Diesel,84260.0,2025/08/20,Quebec,43500
2023,GMC,Sierra 2500HD,SLE,8,Diesel,77155.0,2025/08/20,Quebec,60750
2020,GMC,Sierra 2500HD,AT4,8,Diesel,94809.0,2025/08/20,Quebec,66500
2024,GMC,Sierra 2500HD,AT4,8,Diesel,62743.0,2025/08/20,Ontario,79500
2020,GMC,Sierra 2500HD,AT4,8,Diesel,104309.0,2025/08/20,Quebec,61600
2021,GMC,Sierra 2500HD,AT4,8,Diesel,109497.0,2025/08/20,Quebec,63500
2022,GMC,Sierra 2500HD,Denali,8,Diesel,71717.0,2025/08/20,Quebec,73500
2023,GMC,Sierra 2500HD,Denali,8,Diesel,53616.0,2025/08/20,Quebec,80500
2021,GMC,Sierra 2500HD,Denali,8,Diesel,37881.0,2025/08/20,Quebec,79000
2023,GMC,Sierra 2500HD,Pro,8,Gasoline,65774.0,2025/08/20,Ontario,49000
2022,GMC,Sierra 2500HD,SLE,8,Gasoline,129454.0,2025/08/19,Alberta,27500
2013,GMC,Sierra 2500HD,SLE,8,Flex,204889.0,2025/08/19,Alberta,9300
2017,GMC,Sierra 2500HD,SLE,8,Flex,151721.0,2025/08/19,Alberta,16500
2017,GMC,Sierra 2500HD,SLE,8,Flex,140296.0,2025/08/19,Alberta,24500
2018,GMC,Sierra 2500HD,SLE,8,Flex,126903.0,2025/08/19,Alberta,27750
2022,GMC,Sierra 2500HD,SLE,8,Gasoline,121315.0,2025/08/19,Alberta,30750
2019,GMC,Sierra 2500HD,SLE,8,Flex,132397.0,2025/08/19,Alberta,23000
2021,GMC,Sierra 2500HD,Denali,8,Diesel,120750.0,2025/08/18,Ontario,63700
2022,GMC,Sierra 2500HD,Denali,8,Diesel,129500.0,2025/08/16,Ontario,67100
2022,GMC,Sierra 2500HD,SLT,8,Gasoline,107330.0,2025/08/16,Ontario,50000
2021,GMC,Sierra 2500HD,Denali,8,Diesel,105637.0,2025/08/15,Manitoba,70300
2023,GMC,Sierra 2500HD,Denali,8,Diesel,56217.0,2025/08/15,Saskatchewan,77500
2023,GMC,Sierra 2500HD,Pro,8,Diesel,55892.0,2025/08/14,Quebec,60400
2024,GMC,Sierra 2500HD,PRO CREW CAB LONG BED,8,Diesel,36071.0,2025/08/14,Quebec,64500
2023,GMC,Sierra 2500HD,SLE,8,Diesel,59672.0,2025/08/14,Ontario,63250
2020,GMC,Sierra 2500HD,SLE,8,Gasoline,235470.0,2025/08/14,British Columbia,26100
2018,GMC,Sierra 2500HD,SLE,8,Flex,115218.0,2025/08/13,Alberta,30500
2024,GMC,Sierra 2500HD,AT4,8,Diesel,62738.0,2025/08/13,Quebec,80250
2020,GMC,Sierra 2500HD,AT4,8,Diesel,129603.0,2025/08/13,Quebec,60200
2021,GMC,Sierra 2500HD,AT4,8,Diesel,131575.0,2025/08/13,Quebec,57000
2024,GMC,Sierra 2500HD,AT4,8,Diesel,104904.0,2025/08/13,Quebec,80000
2021,GMC,Sierra 2500HD,AT4,8,Diesel,241049.0,2025/08/13,Ontario,45600
2024,GMC,Sierra 2500HD,Denali Ultimate,8,Diesel,185476.0,2025/08/13,Quebec,68000
2024,GMC,Sierra 2500HD,PRO CREW CAB LONG BED,8,Gasoline,28637.0,2025/08/13,Alberta,53000
2022,GMC,Sierra 2500HD,SLE,8,Diesel,95204.0,2025/08/13,Ontario,51400
2022,GMC,Sierra 2500HD,SLE,8,Gasoline,129697.0,2025/08/12,Alberta,33400
2021,GMC,Sierra 2500HD,SLE,8,Gasoline,123839.0,2025/08/12,Alberta,41750
2023,GMC,Sierra 2500HD,SLE,8,Gasoline,55896.0,2025/08/12,Alberta,53100
2023,GMC,Sierra 2500HD,SLE,8,Gasoline,111616.0,2025/08/12,Alberta,40900
2015,GMC,Sierra 2500HD,Denali,8,Diesel,231827.0,2025/08/08,Saskatchewan,33500
2022,GMC,Sierra 2500HD,SLE,8,Gasoline,92526.0,2025/08/08,British Columbia,45175
2024,GMC,Sierra 2500HD,Denali,8,Diesel,58994.0,2025/08/07,Nova Scotia,80000
2016,GMC,Sierra 2500HD,SLE,8,Flex,234598.0,2025/08/07,British Columbia,21500
2024,GMC,Sierra 2500HD,AT4,8,Gasoline,45239.0,2025/08/07,Ontario,75500
2021,GMC,Sierra 2500HD,"4WD DOUBLE CAB 149""",8,Gasoline,179230.0,2025/08/07,Ontario,33000
2019,GMC,Sierra 2500HD,SLE,8,Flex,200439.0,2025/08/07,Alberta,15750
2019,GMC,Sierra 2500HD,SLT,8,Diesel,182281.0,2025/08/06,Quebec,41800
2023,GMC,Sierra 2500HD,AT4,8,Diesel,48968.0,2025/08/06,Quebec,77250
2022,GMC,Sierra 2500HD,Denali,8,Gasoline,99804.0,2025/08/06,Quebec,67000
2021,GMC,Sierra 2500HD,Denali,8,Diesel,85694.0,2025/08/06,Quebec,70200
2022,GMC,Sierra 2500HD,Denali,8,Diesel,53667.0,2025/08/06,Quebec,78500
2024,GMC,Sierra 2500HD,SLE,8,Gasoline,65181.0,2025/08/06,Alberta,49000
2020,GMC,Sierra 2500HD,AT4,8,Gasoline,163209.0,2025/08/06,Ontario,49250
2017,GMC,Sierra 2500HD,4WD Crew Cab,8,Flex,181727.0,2025/08/05,Ontario,12600
2023,GMC,Sierra 2500HD,SLE,8,Gasoline,136416.0,2025/08/05,Alberta,33000
2023,GMC,Sierra 2500HD,SLE,8,Gasoline,147045.0,2025/08/05,Alberta,31300
2022,GMC,Sierra 2500HD,SLE,8,Gasoline,184522.0,2025/08/05,Alberta,32500
2024,GMC,Sierra 2500HD,SLE,8,Gasoline,43645.0,2025/08/05,Alberta,58500
2023,GMC,Sierra 2500HD,SLE,8,Gasoline,92277.0,2025/08/05,Alberta,33600
2023,GMC,Sierra 2500HD,SLE,8,Gasoline,84422.0,2025/08/05,Alberta,41600
2023,GMC,Sierra 2500HD,SLE,8,Gasoline,147712.0,2025/08/05,Alberta,27500
2015,GMC,Sierra 2500HD,SLT,8,Diesel,132737.0,2025/07/31,Ontario,39200
2021,GMC,Sierra 2500HD,AT4,8,Diesel,240995.0,2025/07/31,Ontario,42000
2024,GMC,Sierra 2500HD,AT4,8,Gasoline,72411.0,2025/07/31,Ontario,78250
2020,GMC,Sierra 2500HD,SLE,8,Gasoline,101313.0,2025/07/30,Alberta,33000
2018,GMC,Sierra 2500HD,Denali,8,Diesel,129338.0,2025/07/30,Quebec,57750
2020,GMC,Sierra 2500HD,SLT,8,Diesel,196621.0,2025/07/30,Ontario,46000
2021,GMC,Sierra 2500HD,AT4,8,Diesel,81536.0,2025/07/30,Quebec,68000
2022,GMC,Sierra 2500HD,AT4,8,Diesel,46321.0,2025/07/30,Quebec,75500
2023,GMC,Sierra 2500HD,Denali,8,Diesel,92246.0,2025/07/30,Quebec,73500
2023,GMC,Sierra 2500HD,Denali,8,Diesel,53096.0,2025/07/30,Quebec,79000
2024,GMC,Sierra 2500HD,PRO CREW CAB LONG BED,8,Gasoline,47144.0,2025/07/30,Ontario,51000
2023,GMC,Sierra 2500HD,SLE,8,Gasoline,84249.0,2025/07/29,Alberta,38800
2022,GMC,Sierra 2500HD,SLE,8,Gasoline,78587.0,2025/07/29,Alberta,37500
2018,GMC,Sierra 2500HD,SLE,8,Flex,139938.0,2025/07/29,Alberta,30250
2020,GMC,Sierra 2500HD,SLE,8,Gasoline,166455.0,2025/07/29,Alberta,31500
2022,GMC,Sierra 2500HD,AT4,8,Diesel,63325.0,2025/07/29,Nova Scotia,74600
2022,GMC,Sierra 2500HD,SLE,8,Gasoline,195590.0,2025/07/29,Alberta,30750
2023,GMC,Sierra 2500HD,SLE,8,Gasoline,103066.0,2025/07/29,Alberta,40250
2023,GMC,Sierra 2500HD,SLE,8,Gasoline,136023.0,2025/07/29,Alberta,34100
2023,GMC,Sierra 2500HD,SLE,8,Gasoline,98319.0,2025/07/29,Alberta,39500
2023,GMC,Sierra 2500HD,SLE,8,Gasoline,87842.0,2025/07/29,Alberta,38500
2023,GMC,Sierra 2500HD,SLT,8,Gasoline,54722.0,2025/07/28,Ontario,61800
2023,GMC,Sierra 2500HD,Pro,8,Diesel,35177.0,2025/07/25,Quebec,62000
2020,GMC,Sierra 2500HD,Other,8,Gasoline,122503.0,2025/07/25,New Brunswick,33500
2021,GMC,Sierra 2500HD,Denali,8,Diesel,37640.0,2025/07/24,Ontario,79900
2021,GMC,Sierra 2500HD,SLT,8,Diesel,101705.0,2025/07/24,Manitoba,60000
2021,GMC,Sierra 2500HD,4WD Crew Cab,8,Gasoline,198088.0,2025/07/23,Ontario,25500
2020,GMC,Sierra 2500HD,SLE,8,Gasoline,144303.0,2025/07/23,Quebec,37400
2012,GMC,Sierra 2500HD,SLE,8,Flex,172957.0,2025/07/23,Alberta,11600
2021,GMC,Sierra 2500HD,AT4,8,Diesel,126075.0,2025/07/23,Ontario,60750
2024,GMC,Sierra 2500HD,Denali,8,Diesel,86549.0,2025/07/23,Ontario,80000
2023,GMC,Sierra 2500HD,SLE,8,Gasoline,27093.0,2025/07/23,Ontario,60500
2024,GMC,Sierra 2500HD,SLE,8,Gasoline,149026.0,2025/07/23,Alberta,41750
2023,GMC,Sierra 2500HD,SLE,8,Gasoline,168438.0,2025/07/23,Alberta,37900
2024,GMC,Sierra 2500HD,SLE,8,Diesel,58083.0,2025/07/23,Alberta,68750
2024,GMC,Sierra 2500HD,SLE,8,Gasoline,89126.0,2025/07/22,Alberta,47800
2023,GMC,Sierra 2500HD,SLE,8,Gasoline,99561.0,2025/07/22,Alberta,40500
2019,GMC,Sierra 2500HD,SLE,8,Flex,232175.0,2025/07/22,Alberta,18000
2018,GMC,Sierra 2500HD,SLE,8,Flex,208498.0,2025/07/22,Alberta,18100
2017,GMC,Sierra 2500HD,SLE,8,Flex,210130.0,2025/07/22,Alberta,17000
2022,GMC,Sierra 2500HD,SLE,8,Gasoline,92422.0,2025/07/22,Alberta,34500
2023,GMC,Sierra 2500HD,SLE,8,Gasoline,92003.0,2025/07/22,Alberta,34400
2023,GMC,Sierra 2500HD,SLE,8,Gasoline,116769.0,2025/07/22,Alberta,35000
2023,GMC,Sierra 2500HD,SLE,8,Gasoline,77259.0,2025/07/22,Alberta,44000
2022,GMC,Sierra 2500HD,AT4,8,Diesel,70329.0,2025/07/21,Nova Scotia,72000
2013,GMC,Sierra 2500HD,SLE,8,Flex,165072.0,2025/07/18,Saskatchewan,11700
2023,GMC,Sierra 2500HD,AT4,8,Diesel,148888.0,2025/07/17,Ontario,56500
2015,GMC,Sierra 2500HD,SLE,8,Flex,167173.0,2025/07/17,Ontario,18200
2020,GMC,Sierra 2500HD,SLT,8,Diesel,80853.0,2025/07/17,Saskatchewan,65000
2022,GMC,Sierra 2500HD,AT4,8,Diesel,98410.0,2025/07/17,Ontario,71500
2015,GMC,Sierra 2500HD,SLE,8,Flex,184856.0,2025/07/17,Alberta,22000
2024,GMC,Sierra 2500HD,Pro,8,Gasoline,54929.0,2025/07/17,Ontario,53500
2023,GMC,Sierra 2500HD,SLE,8,Diesel,48394.0,2025/07/17,Quebec,66000
2023,GMC,Sierra 2500HD,Denali,8,Diesel,103101.0,2025/07/17,Ontario,71500
2020,GMC,Sierra 2500HD,SLT,8,Gasoline,95863.0,2025/07/16,Ontario,53500
2011,GMC,Sierra 2500HD,Denali,8,Diesel,118522.0,2025/07/16,Quebec,23500
2021,GMC,Sierra 2500HD,AT4,8,Diesel,126071.0,2025/07/16,Quebec,61500
2023,GMC,Sierra 2500HD,AT4,8,Diesel,65022.0,2025/07/16,Quebec,75750
2024,GMC,Sierra 2500HD,AT4,8,Diesel,80121.0,2025/07/16,Ontario,80500
2024,GMC,Sierra 2500HD,Denali,8,Diesel,86545.0,2025/07/16,Quebec,80750
2023,GMC,Sierra 2500HD,SLT,8,Diesel,24256.0,2025/07/16,Ontario,75750
2024,GMC,Sierra 2500HD,AT4,8,Diesel,76437.0,2025/07/16,Ontario,80500
2024,GMC,Sierra 2500HD,Denali,8,Gasoline,40444.0,2025/07/16,Ontario,84100
2016,GMC,Sierra 2500HD,SLE,8,Diesel,136311.0,2025/07/15,British Columbia,44900
2019,GMC,Sierra 2500HD,SLE,8,Flex,190901.0,2025/07/15,Alberta,17200
2019,GMC,Sierra 2500HD,SLE,8,Flex,240129.0,2025/07/15,Alberta,13750
2020,GMC,Sierra 2500HD,CREW CAB STD BED,8,Gasoline,98607.0,2025/07/15,Nova Scotia,38000
2022,GMC,Sierra 2500HD,Denali,8,Diesel,87118.0,2025/07/14,Quebec,75500
2019,GMC,Sierra 2500HD,Denali,8,Diesel,157585.0,2025/07/11,Ontario,52000
2020,GMC,Sierra 2500HD,AT4,8,Diesel,69000.0,2025/07/10,British Columbia,73000
2011,GMC,Sierra 2500HD,Denali,8,Diesel,219706.0,2025/07/10,Alberta,21500
2019,GMC,Sierra 2500HD,Denali,8,Diesel,71621.0,2025/07/10,Ontario,64250
2021,GMC,Sierra 2500HD,Denali,8,Diesel,98390.0,2025/07/10,Ontario,67800
2023,GMC,Sierra 2500HD,AT4,8,Gasoline,72893.0,2025/07/09,Ontario,69500
2019,GMC,Sierra 2500HD,SLT,8,Diesel,206679.0,2025/07/09,Ontario,35000
2024,GMC,Sierra 2500HD,SLE,8,Gasoline,33867.0,2025/07/09,Ontario,63250
2022,GMC,Sierra 2500HD,AT4,8,Diesel,93210.0,2025/07/09,Quebec,72000
2024,GMC,Sierra 2500HD,AT4,8,Diesel,80118.0,2025/07/09,Quebec,81750
2022,GMC,Sierra 2500HD,Denali,8,Diesel,70881.0,2025/07/09,Quebec,77400
2016,GMC,Sierra 2500HD,"4WD DOUBLE CAB 144.2""",8,Flex,214296.0,2025/07/09,Quebec,9800
2024,GMC,Sierra 2500HD,SLE,8,Gasoline,58981.0,2025/07/09,Alberta,53000
2018,GMC,Sierra 2500HD,Denali,8,Diesel,140676.0,2025/07/08,Ontario,52900
2024,GMC,Sierra 2500HD,SLE,8,Gasoline,87819.0,2025/07/08,Alberta,46300
2022,GMC,Sierra 2500HD,SLE,8,Gasoline,87597.0,2025/07/08,Alberta,36700
2021,GMC,Sierra 2500HD,SLE,8,Gasoline,163306.0,2025/07/08,Alberta,25000
2018,GMC,Sierra 2500HD,SLE,8,Flex,193661.0,2025/07/08,Alberta,18100
2019,GMC,Sierra 2500HD,Denali,8,Diesel,139526.0,2025/07/08,Alberta,54750
2020,GMC,Sierra 2500HD,CREW CAB STD BED,8,Gasoline,87548.0,2025/07/08,Alberta,25000
2023,GMC,Sierra 2500HD,SLE,8,Gasoline,114740.0,2025/07/08,Alberta,38250
2023,GMC,Sierra 2500HD,SLE,8,Gasoline,118778.0,2025/07/08,Alberta,36700
2020,GMC,Sierra 2500HD,Denali,8,Diesel,187838.0,2025/07/04,Alberta,46000
2022,GMC,Sierra 2500HD,SLE,8,Gasoline,114492.0,2025/07/03,Quebec,45000
2023,GMC,Sierra 2500HD,Denali,8,Diesel,71404.0,2025/07/03,Ontario,75000
2021,GMC,Sierra 2500HD,Denali,8,Diesel,37595.0,2025/07/02,Quebec,79300
2020,GMC,Sierra 2500HD,REGULAR CAB LONG BED,8,Gasoline,34000.0,2025/07/02,Nova Scotia,42000
2022,GMC,Sierra 2500HD,SLE,8,Gasoline,87901.0,2025/07/02,Alberta,35750
2014,GMC,Sierra 2500HD,Denali,8,Diesel,22659.0,2025/07/02,Alberta,55500
2019,GMC,Sierra 2500HD,SLT,8,Diesel,158481.0,2025/07/02,Quebec,44000
2016,GMC,Sierra 2500HD,SLE,8,Flex,175966.0,2025/07/02,Alberta,20250
2024,GMC,Sierra 2500HD,SLE,8,Gasoline,33863.0,2025/07/02,Quebec,64500
2022,GMC,Sierra 2500HD,AT4,8,Diesel,107599.0,2025/07/02,Quebec,64000
2022,GMC,Sierra 2500HD,Denali,8,Diesel,94335.0,2025/07/02,Ontario,67000
2023,GMC,Sierra 2500HD,Denali,8,Diesel,86199.0,2025/07/02,Quebec,77200
2015,GMC,Sierra 2500HD,"4WD DOUBLE CAB 158.1""",8,Natural Gas,101270.0,2025/07/02,Ontario,25500
2023,GMC,Sierra 2500HD,SLE,8,Gasoline,94778.0,2025/07/02,Alberta,29600
2024,GMC,Sierra 2500HD,SLT,8,Diesel,39734.0,2025/06/30,Quebec,83900
2022,GMC,Sierra 2500HD,AT4,8,Diesel,63953.0,2025/06/28,Ontario,75000
2022,GMC,Sierra 2500HD,SLE,8,Gasoline,70958.0,2025/06/28,Quebec,49100
2020,GMC,Sierra 2500HD,AT4,8,Diesel,98650.0,2025/06/27,Ontario,64200
2020,GMC,Sierra 2500HD,AT4,8,Diesel,98177.0,2025/06/26,Quebec,63600
2022,GMC,Sierra 2500HD,AT4,8,Diesel,98026.0,2025/06/25,Ontario,67800
2019,GMC,Sierra 2500HD,SLT,8,Diesel,206558.0,2025/06/25,Quebec,30250
2023,GMC,Sierra 2500HD,Pro,8,Diesel,79038.0,2025/06/25,Quebec,54000
2023,GMC,Sierra 2500HD,Pro,8,Diesel,52766.0,2025/06/25,Quebec,57250
2020,GMC,Sierra 2500HD,AT4,8,Diesel,135037.0,2025/06/25,Ontario,56500
2020,GMC,Sierra 2500HD,Denali,8,Diesel,74165.0,2025/06/25,Quebec,72000
2022,GMC,Sierra 2500HD,Denali,8,Diesel,94332.0,2025/06/25,Quebec,68000
2023,GMC,Sierra 2500HD,Denali,8,Diesel,52955.0,2025/06/25,Quebec,79500
2022,GMC,Sierra 2500HD,Denali,8,Diesel,69325.0,2025/06/24,Ontario,73700
2022,GMC,Sierra 2500HD,SLE,8,Gasoline,104870.0,2025/06/24,Alberta,37800
2024,GMC,Sierra 2500HD,SLE,8,Gasoline,78057.0,2025/06/24,Alberta,43000
2024,GMC,Sierra 2500HD,SLE,8,Gasoline,76908.0,2025/06/24,Alberta,43100
2022,GMC,Sierra 2500HD,SLE,8,Gasoline,131620.0,2025/06/24,Alberta,31700
2019,GMC,Sierra 2500HD,SLT,8,Diesel,35594.0,2025/06/24,Alberta,67750
2016,GMC,Sierra 2500HD,SLE,8,Flex,129648.0,2025/06/24,Alberta,21800
2019,GMC,Sierra 2500HD,Denali,8,Diesel,206764.0,2025/06/24,Alberta,45500
2022,GMC,Sierra 2500HD,SLE,8,Gasoline,220712.0,2025/06/24,Alberta,27000
2020,GMC,Sierra 2500HD,SLT,8,Gasoline,224139.0,2025/06/24,Alberta,28850
2021,GMC,Sierra 2500HD,SLE,8,Gasoline,114548.0,2025/06/24,Alberta,36000
2020,GMC,Sierra 2500HD,SLE,8,Gasoline,140839.0,2025/06/24,Alberta,34000
2021,GMC,Sierra 2500HD,SLE,8,Gasoline,123861.0,2025/06/24,Alberta,28800
2023,GMC,Sierra 2500HD,SLE,8,Gasoline,158318.0,2025/06/24,Alberta,36900
2023,GMC,Sierra 2500HD,SLE,8,Gasoline,100971.0,2025/06/24,Alberta,40000
2023,GMC,Sierra 2500HD,AT4,8,Diesel,60524.0,2025/06/19,Quebec,72000
2023,GMC,Sierra 2500HD,AT4,8,Diesel,46681.0,2025/06/19,Ontario,75250
2018,GMC,Sierra 2500HD,SLT,8,Diesel,132223.0,2025/06/19,New Brunswick,42200
2020,GMC,Sierra 2500HD,CREW CAB LONG BED,8,Gasoline,123744.0,2025/06/19,Ontario,39000
2024,GMC,Sierra 2500HD,PRO CREW CAB STD BED,8,Gasoline,52349.0,2025/06/19,Ontario,54500
2021,GMC,Sierra 2500HD,"4WD DOUBLE CAB 149""",8,Gasoline,184667.0,2025/06/19,Ontario,29000
2022,GMC,Sierra 2500HD,Pro,8,Gasoline,207427.0,2025/06/19,Ontario,30000
2023,GMC,Sierra 2500HD,Pro,8,Diesel,41422.0,2025/06/18,Quebec,58500
2020,GMC,Sierra 2500HD,SLT,8,Gasoline,144419.0,2025/06/18,Quebec,48250
2020,GMC,Sierra 2500HD,SLT,8,Diesel,74069.0,2025/06/18,Quebec,64000
2020,GMC,Sierra 2500HD,AT4,8,Diesel,135032.0,2025/06/18,Quebec,57500
2024,GMC,Sierra 2500HD,AT4,8,Diesel,80118.0,2025/06/18,Quebec,83400
2023,GMC,Sierra 2500HD,AT4,8,Diesel,65109.0,2025/06/18,Ontario,72500
2022,GMC,Sierra 2500HD,Denali,8,Diesel,31975.0,2025/06/18,Ontario,84000
2022,GMC,Sierra 2500HD,Denali,8,Diesel,76082.0,2025/06/18,Quebec,73000
2020,GMC,Sierra 2500HD,Denali,8,Diesel,103227.0,2025/06/18,Quebec,69100
2023,GMC,Sierra 2500HD,Pro,8,Diesel,93785.0,2025/06/18,Ontario,52000
2019,GMC,Sierra 2500HD,SLE,8,Flex,160724.0,2025/06/18,Ontario,24000
2022,GMC,Sierra 2500HD,SLE,8,Gasoline,108803.0,2025/06/17,Alberta,37800
2024,GMC,Sierra 2500HD,SLE,8,Gasoline,89869.0,2025/06/17,Alberta,39000
2021,GMC,Sierra 2500HD,SLE,8,Gasoline,98374.0,2025/06/17,Alberta,33000
2023,GMC,Sierra 2500HD,SLE,8,Gasoline,117177.0,2025/06/17,Alberta,33900
2016,GMC,Sierra 2500HD,SLE,8,Flex,112347.0,2025/06/17,Alberta,23500
2017,GMC,Sierra 2500HD,SLE,8,Flex,194330.0,2025/06/17,Alberta,20000
2013,GMC,Sierra 2500HD,SLE,8,Flex,111787.0,2025/06/17,Alberta,17500
2022,GMC,Sierra 2500HD,SLE,8,Gasoline,144381.0,2025/06/17,Alberta,30700
2022,GMC,Sierra 2500HD,AT4,8,Diesel,111476.0,2025/06/17,Saskatchewan,67500
2021,GMC,Sierra 2500HD,Denali,8,Diesel,126000.0,2025/06/16,Ontario,63500
2022,GMC,Sierra 2500HD,Denali,8,Diesel,55436.0,2025/06/16,Ontario,31000
2020,GMC,Sierra 2500HD,SLE,8,Diesel,217198.0,2025/06/13,Alberta,22800
2021,GMC,Sierra 2500HD,Denali,8,Diesel,103950.0,2025/06/13,Ontario,67500
2023,GMC,Sierra 2500HD,Denali,8,Diesel,104311.0,2025/06/13,Ontario,74500
2021,GMC,Sierra 2500HD,Denali,8,Diesel,139861.0,2025/06/12,Ontario,61800
2022,GMC,Sierra 2500HD,Pro,8,Diesel,100444.0,2025/06/12,Ontario,53500
2020,GMC,Sierra 2500HD,SLE,8,Gasoline,79734.0,2025/06/12,Ontario,41000
2023,GMC,Sierra 2500HD,SLE,8,Diesel,36124.0,2025/06/12,Ontario,66000
2022,GMC,Sierra 2500HD,SLE,8,Gasoline,147998.0,2025/06/12,Ontario,41500
2017,GMC,Sierra 2500HD,SLE,8,Flex,84457.0,2025/06/11,Quebec,38250
2024,GMC,Sierra 2500HD,SLE,8,Gasoline,56823.0,2025/06/11,Ontario,62250
2022,GMC,Sierra 2500HD,SLT,8,Diesel,51097.0,2025/06/11,Quebec,69000
2023,GMC,Sierra 2500HD,AT4,8,Diesel,73101.0,2025/06/11,Quebec,70750
2023,GMC,Sierra 2500HD,AT4,8,Diesel,97692.0,2025/06/11,Quebec,71250
2020,GMC,Sierra 2500HD,Denali,8,Diesel,31299.0,2025/06/11,Ontario,73000
2022,GMC,Sierra 2500HD,Denali,8,Diesel,110576.0,2025/06/11,Quebec,67500
2020,GMC,Sierra 2500HD,CREW CAB STD BED,8,Diesel,245301.0,2025/06/11,Ontario,31750
2020,GMC,Sierra 2500HD,Denali,8,Gasoline,120470.0,2025/06/11,Quebec,58200
2020,GMC,Sierra 2500HD,SLT,8,Diesel,50109.0,2025/06/10,Ontario,63200
2024,GMC,Sierra 2500HD,Denali Ultimate,8,Diesel,123164.0,2025/06/10,Ontario,82000
2022,GMC,Sierra 2500HD,SLE,8,Gasoline,124008.0,2025/06/10,Alberta,34500
2023,GMC,Sierra 2500HD,SLE,8,Gasoline,86808.0,2025/06/10,Alberta,38900
2023,GMC,Sierra 2500HD,Denali,8,Diesel,71358.0,2025/06/09,Quebec,77000
2020,GMC,Sierra 2500HD,Denali,8,Diesel,102162.0,2025/06/09,Ontario,66200
2019,GMC,Sierra 2500HD,4WD Crew Cab,8,Diesel,102620.0,2025/06/09,Quebec,37400
2018,GMC,Sierra 2500HD,REGULAR CAB LONG BED,8,Diesel,101743.0,2025/06/06,Ontario,39300
2015,GMC,Sierra 2500HD,SLE,8,Flex,180000.0,2025/06/06,Saskatchewan,12200
2023,GMC,Sierra 2500HD,AT4,8,Diesel,75256.0,2025/06/06,Ontario,73000
2022,GMC,Sierra 2500HD,SLE,8,Diesel,152337.0,2025/06/05,Quebec,43200
2023,GMC,Sierra 2500HD,Denali,8,Diesel,26587.0,2025/06/05,Ontario,84250
2022,GMC,Sierra 2500HD,Denali,8,Diesel,88519.0,2025/06/05,Ontario,75000
2024,GMC,Sierra 2500HD,Denali,8,Diesel,80949.0,2025/06/05,Ontario,83750
2024,GMC,Sierra 2500HD,SLE,8,Diesel,16464.0,2025/06/04,British Columbia,68000
2024,GMC,Sierra 2500HD,SLE,8,Gasoline,24908.0,2025/06/04,Ontario,58000
2022,GMC,Sierra 2500HD,SLE,8,Gasoline,128761.0,2025/06/04,Alberta,32300
2016,GMC,Sierra 2500HD,SLT,8,Diesel,240648.0,2025/06/04,Quebec,27500
2024,GMC,Sierra 2500HD,SLE,8,Gasoline,56820.0,2025/06/04,Quebec,62750
2024,GMC,Sierra 2500HD,SLE,8,Diesel,58898.0,2025/06/04,Quebec,67000
2022,GMC,Sierra 2500HD,AT4,8,Gasoline,96371.0,2025/06/04,Ontario,63750
2023,GMC,Sierra 2500HD,AT4,8,Diesel,64447.0,2025/06/04,Quebec,74800
2021,GMC,Sierra 2500HD,Denali,8,Diesel,140572.0,2025/06/04,Quebec,60000
2020,GMC,Sierra 2500HD,Denali,8,Diesel,31295.0,2025/06/04,Quebec,74250
2024,GMC,Sierra 2500HD,SLE,8,Diesel,17440.0,2025/06/04,Quebec,72400
2021,GMC,Sierra 2500HD,Denali,8,Diesel,66988.0,2025/06/04,Ontario,74500
2022,GMC,Sierra 2500HD,Denali,8,Diesel,55436.0,2025/06/04,Ontario,23000
2024,GMC,Sierra 2500HD,Denali,8,Diesel,108039.0,2025/06/04,Alberta,77000
2024,GMC,Sierra 2500HD,SLE,8,Gasoline,95500.0,2025/06/03,Alberta,53200
2021,GMC,Sierra 2500HD,Denali,8,Diesel,118910.0,2025/06/03,Ontario,68100
2024,GMC,Sierra 2500HD,SLE,8,Gasoline,95862.0,2025/06/03,Alberta,39300
2018,GMC,Sierra 2500HD,SLE,8,Flex,97845.0,2025/06/03,Nova Scotia,31000
2018,GMC,Sierra 2500HD,SLE,8,Flex,115211.0,2025/06/03,Alberta,22100
2019,GMC,Sierra 2500HD,SLE,8,Flex,109592.0,2025/06/03,Nova Scotia,34800
2020,GMC,Sierra 2500HD,SLE,8,Diesel,127863.0,2025/05/30,Ontario,45300
2022,GMC,Sierra 2500HD,Denali,8,Diesel,109850.0,2025/05/30,Ontario,68700
2022,GMC,Sierra 2500HD,SLE,8,Gasoline,24214.0,2025/05/29,British Columbia,49000
2017,GMC,Sierra 2500HD,SLT,8,Flex,132195.0,2025/05/29,British Columbia,34500
2024,GMC,Sierra 2500HD,Pro,8,Gasoline,30772.0,2025/05/29,Ontario,60100
2024,GMC,Sierra 2500HD,CREW CAB,8,Gasoline,35305.0,2025/05/29,Ontario,57750
2024,GMC,Sierra 2500HD,PRO CREW CAB,8,Gasoline,35679.0,2025/05/29,Ontario,58400
2023,GMC,Sierra 2500HD,Pro,8,Diesel,67778.0,2025/05/29,Ontario,55800
2022,GMC,Sierra 2500HD,Denali,8,Diesel,34399.0,2025/05/29,Ontario,80000
2020,GMC,Sierra 2500HD,REGULAR CAB LONG BED,8,Gasoline,58016.0,2025/05/28,Ontario,33000
2020,GMC,Sierra 2500HD,REGULAR CAB LONG BED,8,Gasoline,69467.0,2025/05/28,Ontario,27750
2019,GMC,Sierra 2500HD,Denali,8,Diesel,163987.0,2025/05/28,Quebec,50200
2021,GMC,Sierra 2500HD,SLE,8,Diesel,84777.0,2025/05/28,Quebec,51250
2021,GMC,Sierra 2500HD,AT4,8,Diesel,58606.0,2025/05/28,Quebec,74000
2022,GMC,Sierra 2500HD,AT4,8,Diesel,90702.0,2025/05/28,Ontario,69750
2021,GMC,Sierra 2500HD,SLE,8,Gasoline,147329.0,2025/05/27,Alberta,29750
2015,GMC,Sierra 2500HD,SLE,8,Flex,135954.0,2025/05/27,Alberta,19900
2020,GMC,Sierra 2500HD,SLE,8,Gasoline,111893.0,2025/05/27,Alberta,32000
2021,GMC,Sierra 2500HD,SLE,8,Gasoline,125698.0,2025/05/27,Alberta,36400
2021,GMC,Sierra 2500HD,SLE,8,Gasoline,130189.0,2025/05/27,Alberta,35500
2024,GMC,Sierra 2500HD,SLE,8,Gasoline,90336.0,2025/05/27,Alberta,51000
2021,GMC,Sierra 2500HD,AT4,8,Diesel,109643.0,2025/05/27,Nova Scotia,66500
2023,GMC,Sierra 2500HD,SLE,8,Gasoline,96583.0,2025/05/27,Alberta,41900
2019,GMC,Sierra 3500HD,SLE,8,Diesel,53333.0,2025/11/22,Ontario,44800
2022,GMC,Sierra 3500HD,SLT,8,Gasoline,52222.0,2025/11/20,Alberta,61300
2021,GMC,Sierra 3500HD,AT4,8,Diesel,150561.0,2025/11/20,British Columbia,56000
2019,GMC,Sierra 3500HD,SLT,8,Diesel,58199.0,2025/11/20,British Columbia,68250
2024,GMC,Sierra 3500HD,Pro,8,Diesel,42224.0,2025/11/20,Alberta,67500
2023,GMC,Sierra 3500HD,SLE,8,Diesel,45688.0,2025/11/20,Alberta,63000
2024,GMC,Sierra 3500HD,SLE,8,Diesel,27534.0,2025/11/20,British Columbia,73750
2023,GMC,Sierra 3500HD,AT4,8,Diesel,32662.0,2025/11/20,British Columbia,80500
2024,GMC,Sierra 3500HD,Denali,8,Diesel,71891.0,2025/11/20,British Columbia,82250
2024,GMC,Sierra 3500HD,SLT,8,Diesel,24226.0,2025/11/19,British Columbia,80500
2014,GMC,Sierra 3500HD,Denali,8,Diesel,236405.0,2025/11/19,British Columbia,28100
2019,GMC,Sierra 3500HD,CREW CAB STD BED,8,Diesel,101099.0,2025/11/19,Ontario,39250
2024,GMC,Sierra 3500HD,SLE,8,Gasoline,57699.0,2025/11/19,Alberta,56250
2022,GMC,Sierra 3500HD,SLT,8,Diesel,83301.0,2025/11/19,Ontario,65500
2022,GMC,Sierra 3500HD,Denali,8,Diesel,176684.0,2025/11/19,Alberta,52500
2022,GMC,Sierra 3500HD,Denali,8,Diesel,40738.0,2025/11/18,British Columbia,79400
2024,GMC,Sierra 3500HD,SLE,8,Gasoline,38962.0,2025/11/18,Alberta,58800
2024,GMC,Sierra 3500HD,SLE,8,Gasoline,83361.0,2025/11/18,Alberta,51250
2023,GMC,Sierra 3500HD,SLE,8,Gasoline,81427.0,2025/11/18,Alberta,32750
2023,GMC,Sierra 3500HD,SLE,8,Diesel,79059.0,2025/11/18,Alberta,57500
2018,GMC,Sierra 3500HD,Denali,8,Diesel,160980.0,2025/11/18,Alberta,54000
2019,GMC,Sierra 3500HD,Denali,8,Diesel,185764.0,2025/11/17,Alberta,35100
2022,GMC,Sierra 3500HD,SLE,8,Diesel,128866.0,2025/11/17,Ontario,55000
2020,GMC,Sierra 3500HD,SLE,8,Diesel,134552.0,2025/11/15,British Columbia,56000
2025,GMC,Sierra 3500HD,SLE,8,Diesel,23793.0,2025/11/15,British Columbia,80800
2020,GMC,Sierra 3500HD,SLE,8,Gasoline,238204.0,2025/11/14,Alberta,27800
2024,GMC,Sierra 3500HD,SLE,8,Gasoline,66951.0,2025/11/14,Alberta,58000
2024,GMC,Sierra 3500HD,SLE,8,Diesel,28372.0,2025/11/13,British Columbia,71000
2022,GMC,Sierra 3500HD,Denali,8,Diesel,40022.0,2025/11/12,Ontario,81000
2023,GMC,Sierra 3500HD,Denali,8,Diesel,130548.0,2025/11/12,Quebec,63400
2019,GMC,Sierra 3500HD,SLT,8,Diesel,68990.0,2025/11/11,Ontario,58500
2020,GMC,Sierra 3500HD,Denali,8,Diesel,145177.0,2025/11/10,British Columbia,60300
2022,GMC,Sierra 3500HD,AT4,8,Diesel,98517.0,2025/11/08,British Columbia,61900
2022,GMC,Sierra 3500HD,Denali,8,Diesel,70050.0,2025/11/07,Ontario,71900
2024,GMC,Sierra 3500HD,SLE,8,Gasoline,40229.0,2025/11/07,Alberta,56000
2020,GMC,Sierra 3500HD,REGULAR CAB LONG BED,8,Gasoline,103991.0,2025/11/06,Ontario,41250
2022,GMC,Sierra 3500HD,SLE,8,Diesel,54864.0,2025/11/06,British Columbia,56500
2020,GMC,Sierra 3500HD,SLT,8,Diesel,106698.0,2025/11/06,Alberta,61800
2021,GMC,Sierra 3500HD,Denali,8,Diesel,90899.0,2025/11/06,Ontario,68000
2024,GMC,Sierra 3500HD,Denali Ultimate,8,Diesel,88952.0,2025/11/06,British Columbia,80250
2024,GMC,Sierra 3500HD,SLE,8,Gasoline,45512.0,2025/11/05,Alberta,58500
2022,GMC,Sierra 3500HD,Pro,8,Gasoline,75857.0,2025/11/04,Alberta,40000
2024,GMC,Sierra 3500HD,SLE,8,Gasoline,34079.0,2025/11/04,Alberta,59700
2024,GMC,Sierra 3500HD,SLE,8,Diesel,84095.0,2025/11/04,Alberta,67000
2023,GMC,Sierra 3500HD,SLE,8,Diesel,39221.0,2025/11/04,Alberta,65600
2024,GMC,Sierra 3500HD,SLT,8,Diesel,63371.0,2025/11/04,Alberta,79200
2024,GMC,Sierra 3500HD,SLE,8,Gasoline,76953.0,2025/10/30,Ontario,56250
2019,GMC,Sierra 3500HD,Denali,8,Diesel,183611.0,2025/10/30,Ontario,46500
2022,GMC,Sierra 3500HD,Pro,8,Gasoline,67698.0,2025/10/30,Alberta,40500
2022,GMC,Sierra 3500HD,Pro,8,Gasoline,39530.0,2025/10/29,Alberta,40000
2015,GMC,Sierra 3500HD,Denali,8,Diesel,61492.0,2025/10/24,Saskatchewan,60000
2022,GMC,Sierra 3500HD,SLE,8,Gasoline,77588.0,2025/10/24,British Columbia,46500
2022,GMC,Sierra 3500HD,SLE,8,Diesel,63912.0,2025/10/23,British Columbia,54500
2022,GMC,Sierra 3500HD,SLT,8,Diesel,83299.0,2025/10/22,Quebec,69000
2024,GMC,Sierra 3500HD,SLE,8,Gasoline,32174.0,2025/10/21,Alberta,61700
2024,GMC,Sierra 3500HD,SLE,8,Gasoline,25514.0,2025/10/21,Alberta,63700
2023,GMC,Sierra 3500HD,SLE,8,Gasoline,84483.0,2025/10/21,Alberta,33500
2023,GMC,Sierra 3500HD,SLE,8,Diesel,50210.0,2025/10/21,Alberta,65000
2023,GMC,Sierra 3500HD,Denali,8,Diesel,98359.0,2025/10/20,Ontario,73100
2017,GMC,Sierra 3500HD,Denali,8,Diesel,220648.0,2025/10/17,Manitoba,27500
2011,GMC,Sierra 3500HD,Denali,8,Diesel,119392.0,2025/10/16,British Columbia,46500
2024,GMC,Sierra 3500HD,SLE,8,Diesel,59276.0,2025/10/16,British Columbia,70750
2020,GMC,Sierra 3500HD,Denali,8,Diesel,128249.0,2025/10/15,British Columbia,64200
2024,GMC,Sierra 3500HD,Pro,8,Diesel,53292.0,2025/10/15,Ontario,70000
2024,GMC,Sierra 3500HD,SLE,8,Gasoline,31941.0,2025/10/15,Alberta,59500
2024,GMC,Sierra 3500HD,Denali,8,Diesel,60273.0,2025/10/15,Ontario,84000
2020,GMC,Sierra 3500HD,AT4,8,Diesel,199012.0,2025/10/14,British Columbia,50200
2022,GMC,Sierra 3500HD,AT4,8,Diesel,133992.0,2025/10/14,Alberta,69000
2023,GMC,Sierra 3500HD,AT4,8,Diesel,59677.0,2025/10/11,British Columbia,74000
2021,GMC,Sierra 3500HD,SLE,8,Diesel,126292.0,2025/10/10,British Columbia,55000
2023,GMC,Sierra 3500HD,Pro,8,Diesel,55521.0,2025/10/08,Ontario,56500
2023,GMC,Sierra 3500HD,SLT,8,Diesel,72820.0,2025/10/08,Quebec,73250
2023,GMC,Sierra 3500HD,SLE,8,Gasoline,47228.0,2025/10/07,Alberta,52600
2020,GMC,Sierra 3500HD,SLT,8,Gasoline,49748.0,2025/10/07,Alberta,54500
2015,GMC,Sierra 3500HD,SLE,8,Diesel,246885.0,2025/10/02,British Columbia,23000
2023,GMC,Sierra 3500HD,AT4,8,Diesel,59131.0,2025/10/02,Ontario,74500
2022,GMC,Sierra 3500HD,SLT,8,Diesel,104525.0,2025/10/01,Alberta,64000
2023,GMC,Sierra 3500HD,AT4,8,Diesel,81477.0,2025/10/01,Ontario,75250
2023,GMC,Sierra 3500HD,Denali,8,Diesel,75180.0,2025/10/01,Ontario,78000
2025,GMC,Sierra 3500HD,SLT,8,Diesel,35630.0,2025/10/01,Quebec,81250
2018,GMC,Sierra 3500HD,Denali,8,Diesel,51591.0,2025/10/01,Alberta,68000
2014,GMC,Sierra 3500HD,Denali,8,Diesel,147034.0,2025/09/30,Alberta,47500
2019,GMC,Sierra 3500HD,CREW CAB STD BED,8,Flex,123502.0,2025/09/30,Alberta,20400
2018,GMC,Sierra 3500HD,CREW CAB LONG BED,8,Gasoline,181507.0,2025/09/30,Ontario,13500
2021,GMC,Sierra 3500HD,Denali,8,Diesel,242695.0,2025/09/30,Alberta,40000
2022,GMC,Sierra 3500HD,SLT,8,Diesel,87344.0,2025/09/29,Ontario,67200
2017,GMC,Sierra 3500HD,REGULAR CAB LONG BED,8,Flex,121731.0,2025/09/25,New Brunswick,11600
2019,GMC,Sierra 3500HD,CREW CAB LONG BED,8,Diesel,171310.0,2025/09/25,British Columbia,30500
2016,GMC,Sierra 3500HD,Denali,8,Diesel,64395.0,2025/09/24,Quebec,61800
2024,GMC,Sierra 3500HD,SLE,8,Gasoline,113645.0,2025/09/24,Alberta,49000
2021,GMC,Sierra 3500HD,Denali,8,Diesel,77237.0,2025/09/24,Alberta,74500
2013,GMC,Sierra 3500HD,SLE,8,Flex,172058.0,2025/09/23,Alberta,14000
2014,GMC,Sierra 3500HD,SLT,8,Diesel,134163.0,2025/09/23,Alberta,48500
2021,GMC,Sierra 3500HD,SLE,8,Gasoline,82904.0,2025/09/23,Alberta,32500
2023,GMC,Sierra 3500HD,AT4,8,Diesel,129719.0,2025/09/23,Alberta,71000
2023,GMC,Sierra 3500HD,AT4,8,Diesel,137244.0,2025/09/23,Nova Scotia,61800
2024,GMC,Sierra 3500HD,Denali,8,Diesel,149033.0,2025/09/23,Alberta,71000
2016,GMC,Sierra 3500HD,Denali,8,Diesel,145772.0,2025/09/22,British Columbia,41800
2013,GMC,Sierra 3500HD,Denali,8,Diesel,113828.0,2025/09/22,Quebec,43500
2021,GMC,Sierra 3500HD,AT4,8,Diesel,100986.0,2025/09/19,Ontario,58900
2024,GMC,Sierra 3500HD,AT4,8,Diesel,47801.0,2025/09/19,Newfoundland and Labrador,80900
2022,GMC,Sierra 3500HD,AT4,8,Diesel,90548.0,2025/09/18,Ontario,70250
2022,GMC,Sierra 3500HD,Denali,8,Diesel,170474.0,2025/09/16,Alberta,41000
2024,GMC,Sierra 3500HD,AT4,8,Diesel,106974.0,2025/09/16,Ontario,74300
2019,GMC,Sierra 3500HD,SLE,8,Flex,147913.0,2025/09/16,Alberta,23250
2024,GMC,Sierra 3500HD,Denali,8,Diesel,127323.0,2025/09/16,Alberta,81500
2024,GMC,Sierra 3500HD,Denali,8,Diesel,107290.0,2025/09/15,New Brunswick,76500
2021,GMC,Sierra 3500HD,4WD CREW CAB,8,Diesel,60604.0,2025/09/12,Quebec,57000
2022,GMC,Sierra 3500HD,SLT,8,Diesel,119323.0,2025/09/12,Saskatchewan,59700
2020,GMC,Sierra 3500HD,4WD Crew Cab,8,Gasoline,185561.0,2025/09/11,Ontario,35100
2023,GMC,Sierra 3500HD,Denali,8,Diesel,49903.0,2025/09/11,British Columbia,79000
2022,GMC,Sierra 3500HD,Denali,8,Diesel,93534.0,2025/09/11,British Columbia,74250
2024,GMC,Sierra 3500HD,AT4,8,Diesel,95380.0,2025/09/10,Quebec,80250
2023,GMC,Sierra 3500HD,Denali,8,Diesel,115228.0,2025/09/09,Alberta,74000
2024,GMC,Sierra 3500HD,SLE,8,Gasoline,15577.0,2025/09/09,Alberta,65000
2024,GMC,Sierra 3500HD,SLE,8,Gasoline,52167.0,2025/09/09,Alberta,61300
2020,GMC,Sierra 3500HD,AT4,8,Diesel,239710.0,2025/09/09,Alberta,39500
2020,GMC,Sierra 3500HD,Denali,8,Diesel,157426.0,2025/09/09,Alberta,63750
2018,GMC,Sierra 3500HD,Denali,8,Diesel,232161.0,2025/09/09,Alberta,34000
2024,GMC,Sierra 3500HD,SLE,8,Gasoline,58115.0,2025/09/03,Alberta,55500
2023,GMC,Sierra 3500HD,SLE,8,Diesel,102562.0,2025/09/03,Alberta,59000
2023,GMC,Sierra 3500HD,SLE,8,Gasoline,80113.0,2025/09/02,Alberta,38500
2023,GMC,Sierra 3500HD,SLE,8,Gasoline,65994.0,2025/09/02,Alberta,51600
2024,GMC,Sierra 3500HD,SLE,8,Gasoline,44672.0,2025/09/02,Alberta,59700
2024,GMC,Sierra 3500HD,SLE,8,Gasoline,24063.0,2025/08/29,British Columbia,58000
2024,GMC,Sierra 3500HD,SLT,8,Diesel,105315.0,2025/08/29,Saskatchewan,72250
2017,GMC,Sierra 3500HD,REGULAR CAB LONG BED,8,Flex,121109.0,2025/08/28,Nova Scotia,15500
2019,GMC,Sierra 3500HD,Denali,8,Diesel,56873.0,2025/08/28,Ontario,66000
2019,GMC,Sierra 3500HD,Denali,8,Diesel,202008.0,2025/08/27,Quebec,46500
2024,GMC,Sierra 3500HD,SLE,8,Gasoline,53858.0,2025/08/27,Alberta,59750
2024,GMC,Sierra 3500HD,SLE,8,Diesel,81638.0,2025/08/27,Quebec,74750
2023,GMC,Sierra 3500HD,AT4,8,Diesel,97938.0,2025/08/27,Alberta,73250
2023,GMC,Sierra 3500HD,Denali,8,Diesel,75072.0,2025/08/27,Ontario,75250
2016,GMC,Sierra 3500HD,SLT,8,Flex,169819.0,2025/08/26,British Columbia,35350
2020,GMC,Sierra 3500HD,SLE,8,Gasoline,161795.0,2025/08/26,Alberta,21000
2015,GMC,Sierra 3500HD,SLE,8,Diesel,156904.0,2025/08/21,British Columbia,35000
2016,GMC,Sierra 3500HD,SLT,8,Flex,169815.0,2025/08/20,British Columbia,31800
2018,GMC,Sierra 3500HD,SLT,8,Diesel,209396.0,2025/08/20,Alberta,36500
2020,GMC,Sierra 3500HD,SLT,8,Diesel,42242.0,2025/08/20,Quebec,72250
2021,GMC,Sierra 3500HD,SLE,8,Diesel,130452.0,2025/08/19,Ontario,55000
2015,GMC,Sierra 3500HD,Denali,8,Diesel,195208.0,2025/08/19,Alberta,30100
2019,GMC,Sierra 3500HD,SLE,8,Flex,181558.0,2025/08/19,Alberta,22400
2018,GMC,Sierra 3500HD,SLE,8,Flex,123091.0,2025/08/19,Alberta,31000
2018,GMC,Sierra 3500HD,SLE,8,Flex,176176.0,2025/08/19,Alberta,24000
2022,GMC,Sierra 3500HD,SLT,8,Gasoline,97629.0,2025/08/19,Alberta,51000
2018,GMC,Sierra 3500HD,Denali,8,Diesel,144399.0,2025/08/19,Alberta,55250
2020,GMC,Sierra 3500HD,Denali,8,Diesel,132152.0,2025/08/18,Ontario,59000
2018,GMC,Sierra 3500HD,SLT,8,Diesel,198172.0,2025/08/18,Alberta,46100
2020,GMC,Sierra 3500HD,SLT,8,Diesel,158469.0,2025/08/18,Ontario,45000
2020,GMC,Sierra 3500HD,SLE,8,Diesel,63836.0,2025/08/14,British Columbia,59750
2022,GMC,Sierra 3500HD,SLE,8,Diesel,217002.0,2025/08/14,Alberta,37000
2023,GMC,Sierra 3500HD,SLT,8,Diesel,49501.0,2025/08/14,British Columbia,74500
2023,GMC,Sierra 3500HD,SLT,8,Diesel,46685.0,2025/08/14,British Columbia,75100
2023,GMC,Sierra 3500HD,AT4,8,Diesel,43419.0,2025/08/14,British Columbia,82200
2024,GMC,Sierra 3500HD,Denali,8,Diesel,144612.0,2025/08/14,Ontario,70000
2017,GMC,Sierra 3500HD,Denali,8,Diesel,220404.0,2025/08/14,British Columbia,35250
2022,GMC,Sierra 3500HD,Denali,8,Diesel,48570.0,2025/08/13,Quebec,79500
2023,GMC,Sierra 3500HD,SLE,8,Gasoline,78478.0,2025/08/12,Alberta,34200
2023,GMC,Sierra 3500HD,Denali,8,Diesel,52230.0,2025/08/08,Ontario,81900
2011,GMC,Sierra 3500HD,SLE,8,Diesel,150335.0,2025/08/07,British Columbia,26000
2021,GMC,Sierra 3500HD,AT4,8,Diesel,100008.0,2025/08/07,Ontario,55500
2016,GMC,Sierra 3500HD,SLT,8,Diesel,64956.0,2025/08/07,British Columbia,61000
2020,GMC,Sierra 3500HD,AT4,8,Diesel,112681.0,2025/08/07,British Columbia,69900
2024,GMC,Sierra 3500HD,AT4,8,Diesel,66654.0,2025/08/05,Ontario,83700
2021,GMC,Sierra 3500HD,SLE,8,Diesel,124897.0,2025/08/05,British Columbia,56900
2024,GMC,Sierra 3500HD,SLE,8,Diesel,74300.0,2025/08/05,Alberta,69500
2020,GMC,Sierra 3500HD,Denali,8,Gasoline,140178.0,2025/08/01,British Columbia,50100
2024,GMC,Sierra 3500HD,SLE,8,Diesel,67151.0,2025/08/01,New Brunswick,71000
2024,GMC,Sierra 3500HD,Denali,8,Diesel,79440.0,2025/07/31,British Columbia,81600
2014,GMC,Sierra 3500HD,Denali,8,Diesel,98045.0,2025/07/31,British Columbia,50000
2023,GMC,Sierra 3500HD,Denali,8,Diesel,87892.0,2025/07/31,British Columbia,80500
2024,GMC,Sierra 3500HD,Denali,8,Diesel,93514.0,2025/07/30,Quebec,79000
2023,GMC,Sierra 3500HD,Denali,8,Diesel,73758.0,2025/07/30,Quebec,78000
2023,GMC,Sierra 3500HD,SLE,8,Gasoline,49114.0,2025/07/29,Alberta,62000
2021,GMC,Sierra 3500HD,SLT,8,Gasoline,88899.0,2025/07/29,Alberta,53800
2023,GMC,Sierra 3500HD,Denali,8,Diesel,86720.0,2025/07/29,Alberta,73250
2018,GMC,Sierra 3500HD,SLT,8,Diesel,143980.0,2025/07/28,Ontario,42000
2018,GMC,Sierra 3500HD,"4WD Reg Cab 133.6""",8,Flex,127452.0,2025/07/25,Ontario,31000
2021,GMC,Sierra 3500HD,SLT,8,Diesel,162582.0,2025/07/24,Ontario,52000
2023,GMC,Sierra 3500HD,SLE,8,Gasoline,24866.0,2025/07/23,Alberta,54000
2023,GMC,Sierra 3500HD,Denali,8,Diesel,89948.0,2025/07/23,Alberta,76750
2021,GMC,Sierra 3500HD,Denali,8,Diesel,119244.0,2025/07/23,Ontario,68500
2022,GMC,Sierra 3500HD,Denali,8,Diesel,175584.0,2025/07/22,Alberta,43600
2015,GMC,Sierra 3500HD,WT CREW CAB - CHASSIS BED,8,Gasoline,75487.0,2025/07/22,Alberta,37100
2023,GMC,Sierra 3500HD,SLE,8,Gasoline,65729.0,2025/07/22,Alberta,33000
2018,GMC,Sierra 3500HD,SLT,8,Diesel,209431.0,2025/07/21,Alberta,36500
2020,GMC,Sierra 3500HD,Denali,8,Diesel,113979.0,2025/07/18,British Columbia,68700
2024,GMC,Sierra 3500HD,SLE,8,Diesel,65350.0,2025/07/18,New Brunswick,71000
2024,GMC,Sierra 3500HD,SLE,8,Diesel,78318.0,2025/07/18,New Brunswick,70500
2024,GMC,Sierra 3500HD,SLE,8,Diesel,82135.0,2025/07/18,New Brunswick,69500
2024,GMC,Sierra 3500HD,SLE,8,Diesel,81401.0,2025/07/18,New Brunswick,70000
2021,GMC,Sierra 3500HD,AT4,8,Diesel,97189.0,2025/07/16,Alberta,75300
2023,GMC,Sierra 3500HD,Pro,8,Gasoline,36153.0,2025/07/16,Alberta,50000
2024,GMC,Sierra 3500HD,SLT,8,Diesel,33986.0,2025/07/16,Alberta,81000
2022,GMC,Sierra 3500HD,Denali,8,Diesel,59840.0,2025/07/16,Ontario,80750
2024,GMC,Sierra 3500HD,SLE,8,Gasoline,41895.0,2025/07/12,British Columbia,56100
2024,GMC,Sierra 3500HD,SLE,8,Diesel,31309.0,2025/07/11,New Brunswick,72500
2024,GMC,Sierra 3500HD,SLE,8,Diesel,49463.0,2025/07/10,New Brunswick,72800
2024,GMC,Sierra 3500HD,SLE,8,Diesel,38648.0,2025/07/10,New Brunswick,73500
2023,GMC,Sierra 3500HD,SLE,8,Diesel,60436.0,2025/07/10,Ontario,65650
2024,GMC,Sierra 3500HD,SLE,8,Diesel,43169.0,2025/07/10,New Brunswick,73400
2024,GMC,Sierra 3500HD,SLE,8,Diesel,46439.0,2025/07/10,New Brunswick,71200
2024,GMC,Sierra 3500HD,SLE,8,Diesel,21602.0,2025/07/10,New Brunswick,74200
2023,GMC,Sierra 3500HD,Denali,8,Diesel,51691.0,2025/07/10,Ontario,84750
2018,GMC,Sierra 3500HD,Denali,8,Diesel,37573.0,2025/07/10,British Columbia,73750
2020,GMC,Sierra 3500HD,Denali,8,Diesel,138900.0,2025/07/09,Ontario,62600
2024,GMC,Sierra 3500HD,SLE,8,Gasoline,26268.0,2025/07/09,Alberta,62500
2024,GMC,Sierra 3500HD,SLE,8,Gasoline,21010.0,2025/07/09,Alberta,62500
2015,GMC,Sierra 3500HD,SLT,8,Diesel,129134.0,2025/07/08,Alberta,51000
2023,GMC,Sierra 3500HD,Denali,8,Diesel,87058.0,2025/07/07,Ontario,73000
2020,GMC,Sierra 3500HD,AT4,8,Diesel,109735.0,2025/07/05,Alberta,68600
2020,GMC,Sierra 3500HD,Denali,8,Diesel,135263.0,2025/07/04,Ontario,60100
2019,GMC,Sierra 3500HD,Denali,8,Diesel,165447.0,2025/07/03,British Columbia,57500
2024,GMC,Sierra 3500HD,SLE,8,Diesel,29049.0,2025/07/03,New Brunswick,74400
2024,GMC,Sierra 3500HD,SLE,8,Diesel,39204.0,2025/07/03,New Brunswick,74200
2024,GMC,Sierra 3500HD,SLE,8,Diesel,31429.0,2025/07/03,New Brunswick,74200
2022,GMC,Sierra 3500HD,Pro,8,Gasoline,67657.0,2025/07/02,Quebec,59100
2022,GMC,Sierra 3500HD,SLT,8,Diesel,192986.0,2025/07/02,Alberta,56500
2023,GMC,Sierra 3500HD,SLT,8,Diesel,118376.0,2025/07/02,Alberta,69000
2018,GMC,Sierra 3500HD,Denali,8,Diesel,235088.0,2025/07/02,Alberta,37300
2023,GMC,Sierra 3500HD,Denali,8,Diesel,147720.0,2025/06/30,Ontario,64000
2024,GMC,Sierra 3500HD,AT4,8,Diesel,132766.0,2025/06/27,British Columbia,74900
2023,GMC,Sierra 3500HD,Denali,8,Diesel,53099.0,2025/06/26,British Columbia,80250
2023,GMC,Sierra 3500HD,Denali,8,Diesel,110816.0,2025/06/25,British Columbia,73000
2024,GMC,Sierra 3500HD,SLE,8,Gasoline,27514.0,2025/06/25,Alberta,63500
2017,GMC,Sierra 3500HD,SLT,8,Diesel,119596.0,2025/06/25,Quebec,50500
2019,GMC,Sierra 3500HD,CREW CAB LONG BED,8,Diesel,84180.0,2025/06/24,Alberta,33750
2021,GMC,Sierra 3500HD,SLE,8,Diesel,160055.0,2025/06/23,Ontario,44700
2023,GMC,Sierra 3500HD,Denali,8,Gasoline,89369.0,2025/06/19,British Columbia,67000
2020,GMC,Sierra 3500HD,Denali,8,Diesel,126256.0,2025/06/19,Ontario,63700
2019,GMC,Sierra 3500HD,SLE,8,Diesel,134799.0,2025/06/19,Ontario,48250
2023,GMC,Sierra 3500HD,Pro,8,Diesel,21025.0,2025/06/18,Ontario,79500
2024,GMC,Sierra 3500HD,SLE,8,Gasoline,45498.0,2025/06/18,Alberta,62000
2024,GMC,Sierra 3500HD,SLE,8,Diesel,23389.0,2025/06/12,New Brunswick,75000
2024,GMC,Sierra 3500HD,SLE,8,Diesel,66019.0,2025/06/12,New Brunswick,70000
2024,GMC,Sierra 3500HD,SLE,8,Diesel,70964.0,2025/06/12,New Brunswick,70000
2023,GMC,Sierra 3500HD,AT4,8,Diesel,49604.0,2025/06/12,British Columbia,83000
2024,GMC,Sierra 3500HD,SLE,8,Diesel,119849.0,2025/06/11,Alberta,69000
2024,GMC,Sierra 3500HD,SLE,8,Diesel,25745.0,2025/06/06,Ontario,74500
2018,GMC,Sierra 3500HD,SLT,8,Diesel,249251.0,2025/06/05,Saskatchewan,35400
2021,GMC,Sierra 3500HD,Denali,8,Diesel,100026.0,2025/06/05,Ontario,73500
2023,GMC,Sierra 3500HD,Denali,8,Diesel,72601.0,2025/06/05,British Columbia,83000
2021,GMC,Sierra 3500HD,SLE,8,Diesel,59844.0,2025/06/04,British Columbia,61300
2018,GMC,Sierra 3500HD,SLE,8,Flex,227939.0,2025/06/04,Alberta,18800
2022,GMC,Sierra 3500HD,SLT,8,Diesel,138524.0,2025/06/04,Alberta,63750
2022,GMC,Sierra 3500HD,SLT,8,Diesel,150933.0,2025/06/04,Alberta,57000
2022,GMC,Sierra 3500HD,SLT,8,Diesel,158062.0,2025/06/04,Alberta,63000
2016,GMC,Sierra 3500HD,Denali,8,Diesel,244994.0,2025/06/03,Alberta,31900
2017,GMC,Sierra 3500HD,SLE,8,Flex,159344.0,2025/06/02,British Columbia,28600
2020,GMC,Sierra 3500HD,Denali,8,Diesel,155355.0,2025/05/29,Quebec,59000
2023,GMC,Sierra 3500HD,Pro,8,Gasoline,42920.0,2025/05/29,Ontario,44750
2019,GMC,Sierra 3500HD,SLT,8,Diesel,55450.0,2025/05/29,British Columbia,62750
2018,GMC,Sierra 3500HD,CREW CAB - CHASSIS BED,8,Gasoline,182610.0,2025/05/29,Ontario,13750
2024,GMC,Sierra 3500HD,SLE,8,Diesel,22196.0,2025/05/29,Ontario,75750
2023,GMC,Sierra 3500HD,Denali,8,Diesel,57513.0,2025/05/28,Ontario,79000
2022,GMC,Sierra 3500HD,Denali,8,Diesel,95091.0,2025/05/28,Ontario,63500
2023,GMC,Sierra 3500HD,AT4,8,Diesel,57664.0,2025/05/28,Ontario,78500
2022,GMC,Sierra 3500HD,Denali,8,Diesel,50348.0,2025/05/28,Quebec,84750
2023,GMC,Sierra 3500HD,Denali,8,Diesel,98581.0,2025/05/27,Ontario,80000
2018,Volkswagen,Atlas,TRENDLINE,4,Gasoline,207308.0,2025/11/28,British Columbia,10700
2021,Volkswagen,Atlas,HIGHLINE,6,Gasoline,78476.0,2025/11/28,Ontario,27700
2019,Volkswagen,Tiguan,HIGHLINE,4,Gasoline,153027.0,2025/11/28,Ontario,13500
2024,Volkswagen,Jetta GLI,S,4,Gasoline,34500.0,2025/11/28,Ontario,23600
2017,Volkswagen,Golf GTI,GT,4,Gasoline,131260.0,2025/11/28,Ontario,14500
2016,Volkswagen,Golf Sportwagon,S,4,Gasoline,182884.0,2025/11/28,Quebec,4300
2022,Volkswagen,Atlas Cross Sport,EXECLINE,6,Gasoline,72963.0,2025/11/28,Ontario,32500
2016,Volkswagen,Golf GTI,GT,4,Gasoline,164834.0,2025/11/28,Alberta,9200
2022,Volkswagen,Taos,COMFORTLINE,4,Gasoline,50187.0,2025/11/28,Quebec,20000
2022,Volkswagen,Atlas Cross Sport,EXECLINE,6,Gasoline,88278.0,2025/11/28,Ontario,30000
2017,Volkswagen,Golf SportWagen,S,4,Gasoline,139869.0,2025/11/28,Ontario,7500
2018,Volkswagen,Tiguan,HIGHLINE,4,Gasoline,119346.0,2025/11/28,Ontario,13300
2024,Volkswagen,Jetta,HIGHLINE,4,Gasoline,31855.0,2025/11/28,Ontario,26100
2023,Volkswagen,Tiguan,COMFORTLINE,4,Gasoline,81382.0,2025/11/27,Ontario,24100
2022,Volkswagen,Golf R,HIGHLINE,4,Gasoline,45078.0,2025/11/27,Ontario,38400
2020,Volkswagen,Tiguan,COMFORTLINE,4,Gasoline,101025.0,2025/11/27,Ontario,16300
2015,Volkswagen,Passat,HIGHLINE,4,Gasoline,178196.0,2025/11/27,Ontario,4000
2018,Volkswagen,Golf,COMFORTLINE,4,Gasoline,188251.0,2025/11/27,Quebec,7000
2018,Volkswagen,Tiguan,HIGHLINE,4,Gasoline,182053.0,2025/11/27,Ontario,8100
2013,Volkswagen,Jetta Sedan,HIGHLINE,4,Diesel,185469.0,2025/11/27,Ontario,4800
2022,Volkswagen,Atlas Cross Sport,HIGHLINE,6,Gasoline,96656.0,2025/11/27,Ontario,28300
2023,Volkswagen,Atlas Cross Sport,EXECLINE,6,Gasoline,28110.0,2025/11/27,Ontario,41500
2018,Volkswagen,Atlas,EXECLINE,6,Gasoline,199592.0,2025/11/27,British Columbia,11600
2013,Volkswagen,CC,HIGHLINE,4,Gasoline,177520.0,2025/11/27,British Columbia,4700
2014,Volkswagen,Passat,COMFORTLINE,4,Diesel,198714.0,2025/11/27,British Columbia,5100
2019,Volkswagen,Golf SportWagen,COMFORTLINE,4,Gasoline,97392.0,2025/11/27,Quebec,14000
2014,Volkswagen,Tiguan,HIGHLINE,4,Gasoline,105368.0,2025/11/27,Quebec,5000
2020,Volkswagen,Golf GTI,GT,4,Gasoline,96532.0,2025/11/27,Quebec,17800
2021,Volkswagen,Jetta,HIGHLINE,4,Gasoline,89928.0,2025/11/27,Ontario,18600
2017,Volkswagen,Golf,S,4,Gasoline,163833.0,2025/11/27,Quebec,6300
2016,Volkswagen,Tiguan,HIGHLINE,4,Gasoline,153117.0,2025/11/27,Ontario,6400
2021,Volkswagen,Tiguan,HIGHLINE,4,Gasoline,85000.0,2025/11/27,Ontario,22000
2021,Volkswagen,Tiguan,HIGHLINE,4,Gasoline,81185.0,2025/11/27,Ontario,21100
2022,Volkswagen,Tiguan,COMFORTLINE,4,Gasoline,77861.0,2025/11/27,Ontario,24500
2015,Volkswagen,Golf Sportwagon,S,4,Diesel,176318.0,2025/11/27,Ontario,10500
2020,Volkswagen,Tiguan,HIGHLINE,4,Gasoline,104725.0,2025/11/27,Newfoundland and Labrador,15000
2017,Volkswagen,Golf R,HIGHLINE,4,Gasoline,72148.0,2025/11/26,Alberta,17900
2022,Volkswagen,Tiguan,COMFORTLINE,4,Gasoline,112451.0,2025/11/26,Ontario,20600
2018,Volkswagen,Tiguan,COMFORTLINE,4,Gasoline,99040.0,2025/11/26,Quebec,10100
2015,Volkswagen,Jetta Sedan,S,4,Gasoline,127185.0,2025/11/26,Quebec,3700
2019,Volkswagen,Tiguan,COMFORTLINE,4,Gasoline,66550.0,2025/11/26,Quebec,17500
2024,Volkswagen,Taos,COMFORTLINE,4,Gasoline,51718.0,2025/11/26,Quebec,25700
2018,Volkswagen,Golf SportWagen,S,4,Gasoline,38380.0,2025/11/26,Newfoundland and Labrador,5000
2024,Volkswagen,Tiguan,HIGHLINE,4,Gasoline,45173.0,2025/11/26,Ontario,23300
2024,Volkswagen,Atlas,HIGHLINE,4,Gasoline,48228.0,2025/11/26,Ontario,41700
2011,Volkswagen,Golf,HIGHLINE,4,Diesel,202277.0,2025/11/26,British Columbia,6500
2017,Volkswagen,Golf Alltrack,HIGHLINE,4,Gasoline,123077.0,2025/11/26,Quebec,11100
2018,Volkswagen,Tiguan,COMFORTLINE,4,Gasoline,202169.0,2025/11/26,Quebec,6900
2019,Volkswagen,Tiguan,TRENDLINE,4,Gasoline,182491.0,2025/11/26,Ontario,6200
2015,Volkswagen,Tiguan,HIGHLINE,4,Gasoline,74546.0,2025/11/26,Quebec,11500
2016,Volkswagen,Golf,S,4,Gasoline,143804.0,2025/11/26,Quebec,7900
2022,Volkswagen,Atlas,EXECLINE,6,Gasoline,57487.0,2025/11/26,Quebec,37500
2023,Volkswagen,Tiguan,COMFORTLINE,4,Gasoline,44843.0,2025/11/26,Quebec,24100
2022,Volkswagen,Tiguan,COMFORTLINE,4,Gasoline,79018.0,2025/11/26,Newfoundland and Labrador,20300
2022,Volkswagen,Tiguan,COMFORTLINE,4,Gasoline,78654.0,2025/11/26,Newfoundland and Labrador,20000
2023,Volkswagen,Tiguan,COMFORTLINE,4,Gasoline,75753.0,2025/11/25,Ontario,28500
2018,Volkswagen,Tiguan,TRENDLINE,4,Gasoline,197228.0,2025/11/25,Alberta,6800
2018,Volkswagen,Golf Alltrack,S,4,Gasoline,123741.0,2025/11/25,Quebec,18000
2015,Volkswagen,Tiguan,HIGHLINE,4,Gasoline,159293.0,2025/11/25,Saskatchewan,6500
2020,Volkswagen,Tiguan,TRENDLINE,4,Gasoline,83463.0,2025/11/25,Quebec,16000
2016,Volkswagen,Golf Sportwagon,S,4,Gasoline,171557.0,2025/11/25,Ontario,4100
2018,Volkswagen,Tiguan,TRENDLINE,4,Gasoline,121784.0,2025/11/25,Quebec,11500
2022,Volkswagen,Tiguan,COMFORTLINE,4,Gasoline,36296.0,2025/11/25,Quebec,28000
2022,Volkswagen,Taos,COMFORTLINE,4,Gasoline,80441.0,2025/11/25,Quebec,19000
2023,Volkswagen,Tiguan,COMFORTLINE,4,Gasoline,108411.0,2025/11/25,Ontario,20400
2024,Volkswagen,Tiguan,COMFORTLINE,4,Gasoline,45250.0,2025/11/25,Ontario,26500
2012,Volkswagen,Golf,S,4,Diesel,183299.0,2025/11/25,Quebec,3000
2014,Volkswagen,Jetta Sedan,TRENDLINE,4,Gasoline,132976.0,2025/11/25,Ontario,4800
2018,Volkswagen,Golf,TRENDLINE,4,Gasoline,93685.0,2025/11/25,Ontario,13100
2019,Volkswagen,Golf,HIGHLINE,4,Gasoline,96976.0,2025/11/25,Alberta,12500
2023,Volkswagen,Atlas,HIGHLINE,6,Gasoline,29354.0,2025/11/25,Ontario,37000
2015,Volkswagen,Tiguan,HIGHLINE,4,Gasoline,185529.0,2025/11/25,Quebec,4200
2022,Volkswagen,Taos,COMFORTLINE,4,Gasoline,52521.0,2025/11/25,Quebec,20500
2022,Volkswagen,Atlas,HIGHLINE,4,Gasoline,56869.0,2025/11/25,Quebec,34800
2024,Volkswagen,Taos,COMFORTLINE,4,Gasoline,54527.0,2025/11/25,Ontario,22500
2021,Volkswagen,Golf,HIGHLINE,4,Gasoline,91324.0,2025/11/25,Quebec,18400
2019,Volkswagen,Golf,HIGHLINE,4,Gasoline,99561.0,2025/11/25,Quebec,14700
2018,Volkswagen,Golf R,HIGHLINE,4,Gasoline,215657.0,2025/11/25,Quebec,9500
2017,Volkswagen,Golf GTI,GT,4,Gasoline,132380.0,2025/11/25,Quebec,14000
2016,Volkswagen,Tiguan,HIGHLINE,4,Gasoline,183702.0,2025/11/25,Ontario,5200
2022,Volkswagen,Tiguan,COMFORTLINE,4,Gasoline,71708.0,2025/11/25,Ontario,23700
2018,Volkswagen,Tiguan,HIGHLINE,4,Gasoline,98013.0,2025/11/25,Ontario,16700
2023,Volkswagen,Tiguan,COMFORTLINE,4,Gasoline,99313.0,2025/11/25,Ontario,22500
2016,Volkswagen,Jetta Sedan,S,4,Gasoline,109576.0,2025/11/25,Ontario,6400
2021,Volkswagen,Atlas,COMFORTLINE,4,Gasoline,49829.0,2025/11/24,Ontario,29500
2013,Volkswagen,Golf Wagon,S,4,Diesel,194895.0,2025/11/24,Ontario,3700
2023,Volkswagen,Golf R,S,4,Gasoline,34929.0,2025/11/24,Ontario,40000
2022,Volkswagen,Tiguan,COMFORTLINE,4,Gasoline,104530.0,2025/11/24,Ontario,18200
2009,Volkswagen,City Golf,HIGHLINE,4,Gasoline,153922.0,2025/11/24,British Columbia,3800
2016,Volkswagen,Tiguan,HIGHLINE,4,Gasoline,111496.0,2025/11/24,Quebec,9600
2017,Volkswagen,Passat,HIGHLINE,4,Gasoline,140819.0,2025/11/24,Quebec,10900
2015,Volkswagen,Golf,S,4,Gasoline,120314.0,2025/11/24,Quebec,5000
2024,Volkswagen,Taos,TRENDLINE,4,Gasoline,31470.0,2025/11/24,Ontario,25400
2022,Volkswagen,Atlas,EXECLINE,6,Gasoline,44022.0,2025/11/24,Ontario,38400
2015,Volkswagen,Golf,TRENDLINE,4,Gasoline,182048.0,2025/11/24,Quebec,3300
2022,Volkswagen,Tiguan,COMFORTLINE,4,Gasoline,149970.0,2025/11/24,Ontario,16800
2016,Volkswagen,Golf,S,4,Gasoline,189749.0,2025/11/24,Ontario,4400
2023,Volkswagen,Atlas,EXECLINE,6,Gasoline,74458.0,2025/11/24,Ontario,36700
2018,Volkswagen,Atlas,COMFORTLINE,4,Gasoline,168167.0,2025/11/24,Quebec,8800
2015,Volkswagen,Jetta Sedan,S,4,Gasoline,122583.0,2025/11/24,Quebec,5500
2016,Volkswagen,Golf R,S,4,Gasoline,216380.0,2025/11/24,Alberta,11000
2020,Volkswagen,Tiguan,HIGHLINE,4,Gasoline,208049.0,2025/11/24,Alberta,8500
2018,Volkswagen,Tiguan,HIGHLINE,4,Gasoline,157700.0,2025/11/24,Alberta,12100
2018,Volkswagen,Atlas,COMFORTLINE,4,Gasoline,152865.0,2025/11/24,Alberta,13000
2020,Volkswagen,Tiguan,HIGHLINE,4,Gasoline,117653.0,2025/11/24,Quebec,17800
2017,Volkswagen,Beetle Coupe,HIGHLINE,4,Gasoline,79017.0,2025/11/24,Ontario,12600
2015,Volkswagen,Tiguan,HIGHLINE,4,Gasoline,125349.0,2025/11/24,Quebec,5100
2022,Volkswagen,Tiguan,COMFORTLINE,4,Gasoline,71797.0,2025/11/24,Quebec,24000
2019,Volkswagen,Tiguan,COMFORTLINE,4,Gasoline,127845.0,2025/11/24,Ontario,14100
2015,Volkswagen,Golf,COMFORTLINE,4,Gasoline,123152.0,2025/11/24,Ontario,8000
2017,Volkswagen,Tiguan,WOLFSBURG,4,Gasoline,179089.0,2025/11/24,Quebec,6700
2023,Volkswagen,Atlas Cross Sport,HIGHLINE,6,Gasoline,44907.0,2025/11/24,Quebec,35300
2017,Volkswagen,Golf,S,4,Gasoline,99609.0,2025/11/24,Ontario,9600
2017,Volkswagen,Golf,S,4,Gasoline,178798.0,2025/11/24,Quebec,6300
2022,Volkswagen,Atlas Cross Sport,EXECLINE,6,Gasoline,46131.0,2025/11/24,Ontario,35800
2016,Volkswagen,Jetta Sedan,S,4,Gasoline,166247.0,2025/11/24,Ontario,5200
2018,Volkswagen,Golf GTI,S,4,Gasoline,121948.0,2025/11/24,Ontario,13700
2018,Volkswagen,Atlas,COMFORTLINE,6,Gasoline,135080.0,2025/11/24,Ontario,16800
2023,Volkswagen,Tiguan,COMFORTLINE,4,Gasoline,67374.0,2025/11/24,Ontario,26800
2015,Volkswagen,Golf,COMFORTLINE,4,Diesel,160450.0,2025/11/24,Ontario,7900
2022,Volkswagen,Golf GTI,GT,4,Gasoline,76283.0,2025/11/24,Ontario,26500
2021,Volkswagen,Jetta,HIGHLINE,4,Gasoline,144886.0,2025/11/24,Quebec,16400
2018,Volkswagen,Atlas,EXECLINE,6,Gasoline,141882.0,2025/11/24,Ontario,15300
2019,Volkswagen,Arteon,HIGHLINE,4,Gasoline,110664.0,2025/11/24,Ontario,19500
2016,Volkswagen,Tiguan,HIGHLINE,4,Gasoline,82950.0,2025/11/22,Alberta,11500
2019,Volkswagen,Tiguan,COMFORTLINE,4,Gasoline,121996.0,2025/11/22,Ontario,14400
2020,Volkswagen,Passat,COMFORTLINE,4,Gasoline,212104.0,2025/11/22,Ontario,7500
2017,Volkswagen,Golf GTI,GT,4,Gasoline,190205.0,2025/11/22,Ontario,8000
2019,Volkswagen,Jetta,GL,4,Gasoline,64998.0,2025/11/22,Ontario,16200
2020,Volkswagen,Golf,HIGHLINE,4,Gasoline,61050.0,2025/11/22,Ontario,18700
2014,Volkswagen,Passat,HIGHLINE,4,Diesel,164531.0,2025/11/22,British Columbia,6000
2015,Volkswagen,Golf GTI,GT,4,Gasoline,128194.0,2025/11/22,Quebec,9200
2019,Volkswagen,Golf,HIGHLINE,4,Gasoline,75337.0,2025/11/21,British Columbia,18000
2013,Volkswagen,Touareg,HIGHLINE,6,Gasoline,194822.0,2025/11/21,Quebec,4000
2021,Volkswagen,Tiguan,HIGHLINE,4,Gasoline,111610.0,2025/11/21,Quebec,17500
2015,Volkswagen,Jetta Sedan,S,4,Gasoline,129668.0,2025/11/21,Ontario,5000
2021,Volkswagen,Atlas,EXECLINE,6,Gasoline,197518.0,2025/11/21,Ontario,16400
2022,Volkswagen,Taos,COMFORTLINE,4,Gasoline,74665.0,2025/11/21,Ontario,19800
2023,Volkswagen,Taos,COMFORTLINE,4,Gasoline,80430.0,2025/11/21,Ontario,20000
2015,Volkswagen,Jetta Sedan,S,4,Gasoline,143789.0,2025/11/21,Ontario,4900
2019,Volkswagen,Golf R,S,4,Gasoline,48490.0,2025/11/21,Quebec,30300
2019,Volkswagen,Atlas,HIGHLINE,6,Gasoline,80587.0,2025/11/21,Alberta,25700
2021,Volkswagen,Golf GTI,GT,4,Gasoline,111427.0,2025/11/21,Quebec,20000
2020,Volkswagen,Tiguan,HIGHLINE,4,Gasoline,127671.0,2025/11/21,Quebec,13800
2022,Volkswagen,Taos,HIGHLINE,4,Gasoline,91970.0,2025/11/21,Quebec,19500
2021,Volkswagen,Atlas,HIGHLINE,4,Gasoline,81850.0,2025/11/21,Ontario,28900
2019,Volkswagen,Jetta,HIGHLINE,4,Gasoline,203404.0,2025/11/21,Ontario,6000
2014,Volkswagen,Jetta Sedan,S,4,Diesel,170786.0,2025/11/21,Ontario,3200
2021,Volkswagen,Tiguan,HIGHLINE,4,Gasoline,94876.0,2025/11/20,British Columbia,23200
2019,Volkswagen,Tiguan,COMFORTLINE,4,Gasoline,90938.0,2025/11/20,Ontario,16100
2015,Volkswagen,Passat,TRENDLINE,4,Diesel,165640.0,2025/11/20,Quebec,7000
2022,Volkswagen,Atlas Cross Sport,EXECLINE,6,Gasoline,48400.0,2025/11/20,Ontario,35300
2019,Volkswagen,Tiguan,HIGHLINE,4,Gasoline,154682.0,2025/11/20,Ontario,11900
2017,Volkswagen,Tiguan,HIGHLINE,4,Gasoline,156094.0,2025/11/20,Ontario,9000
2021,Volkswagen,Tiguan,HIGHLINE,4,Gasoline,96438.0,2025/11/20,Quebec,21100
2022,Volkswagen,Tiguan,COMFORTLINE,4,Gasoline,49307.0,2025/11/20,Quebec,26200
2015,Volkswagen,Jetta Sedan,S,4,Gasoline,119672.0,2025/11/20,Ontario,7700
2021,Volkswagen,Tiguan,HIGHLINE,4,Gasoline,65772.0,2025/11/20,Quebec,20000
2016,Volkswagen,Touareg,HIGHLINE,6,Gasoline,145000.0,2025/11/20,Quebec,11400
2020,Volkswagen,Tiguan,HIGHLINE,4,Gasoline,202424.0,2025/11/20,Quebec,10700
2012,Volkswagen,Eos,COMFORTLINE,4,Gasoline,110702.0,2025/11/20,Quebec,7900
2017,Volkswagen,Tiguan,COMFORTLINE,4,Gasoline,140949.0,2025/11/20,Saskatchewan,7600
2022,Volkswagen,Atlas,EXECLINE,6,Gasoline,82625.0,2025/11/20,Ontario,34800
2020,Volkswagen,Tiguan,HIGHLINE,4,Gasoline,29043.0,2025/11/20,Quebec,21000
2020,Volkswagen,Atlas Cross Sport,EXECLINE,6,Gasoline,207348.0,2025/11/20,Ontario,6500
2021,Volkswagen,Tiguan,HIGHLINE,4,Gasoline,64148.0,2025/11/20,Newfoundland and Labrador,21000
2018,Volkswagen,Tiguan,COMFORTLINE,4,Gasoline,39239.0,2025/11/19,British Columbia,18000
2013,Volkswagen,Tiguan,COMFORTLINE,4,Gasoline,120524.0,2025/11/19,Ontario,5200
2011,Volkswagen,Golf Wagon,COMFORTLINE,5,Gasoline,124677.0,2025/11/19,British Columbia,4300
2013,Volkswagen,Tiguan,HIGHLINE,4,Gasoline,147781.0,2025/11/19,Ontario,4800
2015,Volkswagen,CC,EXECLINE,6,Gasoline,163456.0,2025/11/19,Ontario,6300
2018,Volkswagen,Golf,HIGHLINE,4,Gasoline,125783.0,2025/11/19,Ontario,14700
2016,Volkswagen,Golf Sportwagon,S,4,Gasoline,104544.0,2025/11/19,Quebec,7000
2016,Volkswagen,Golf GTI,PERFORMANCE,4,Gasoline,152091.0,2025/11/19,Quebec,6800
2014,Volkswagen,Jetta Sedan,S,4,Diesel,152795.0,2025/11/19,Quebec,5300
2019,Volkswagen,Golf SportWagen,S,4,Gasoline,103518.0,2025/11/19,Quebec,14300
2021,Volkswagen,Atlas,EXECLINE,6,Gasoline,72790.0,2025/11/19,Quebec,30500
2020,Volkswagen,Tiguan,HIGHLINE,4,Gasoline,77359.0,2025/11/19,Ontario,19500
2018,Volkswagen,Tiguan,TRENDLINE,4,Gasoline,192731.0,2025/11/19,Ontario,8200
2021,Volkswagen,Tiguan,HIGHLINE,4,Gasoline,66169.0,2025/11/19,Newfoundland and Labrador,19000
2024,Volkswagen,Taos,COMFORTLINE,4,Gasoline,49016.0,2025/11/19,Ontario,22500
2021,Volkswagen,Tiguan,COMFORTLINE,4,Gasoline,108906.0,2025/11/19,Newfoundland and Labrador,14400
2014,Volkswagen,Beetle Convertible,S,4,Gasoline,95307.0,2025/11/19,Quebec,9600
2018,Volkswagen,Golf R,S,4,Gasoline,99429.0,2025/11/18,Quebec,21700
2014,Volkswagen,Tiguan,HIGHLINE,4,Gasoline,166602.0,2025/11/18,Quebec,4700
2018,Volkswagen,Tiguan,COMFORTLINE,4,Gasoline,131512.0,2025/11/18,Quebec,13900
2017,Volkswagen,Golf,S,4,Gasoline,92632.0,2025/11/18,Quebec,9600
2019,Volkswagen,Golf Alltrack,S,4,Gasoline,109937.0,2025/11/18,British Columbia,15500
2017,Volkswagen,Jetta Sedan,GL,4,Gasoline,210439.0,2025/11/18,New Brunswick,4100
2016,Volkswagen,Golf,S,4,Gasoline,105513.0,2025/11/18,Ontario,10000
2024,Volkswagen,Taos,COMFORTLINE,4,Gasoline,45520.0,2025/11/18,Ontario,22700
2020,Volkswagen,Jetta,EXECLINE,4,Gasoline,177609.0,2025/11/18,Ontario,10300
2023,Volkswagen,Tiguan,COMFORTLINE,4,Gasoline,49250.0,2025/11/18,Ontario,24600
2021,Volkswagen,Jetta,HIGHLINE,4,Gasoline,91075.0,2025/11/18,Ontario,17000
2015,Volkswagen,Golf,TRENDLINE,4,Gasoline,190857.0,2025/11/18,British Columbia,6200
2018,Volkswagen,Atlas,TRENDLINE,4,Gasoline,163679.0,2025/11/17,Quebec,11500
2024,Volkswagen,Atlas Cross Sport,EXECLINE,4,Gasoline,36464.0,2025/11/17,Ontario,46000
2017,Volkswagen,Passat,COMFORTLINE,4,Gasoline,215091.0,2025/11/17,Ontario,5500
2024,Volkswagen,Atlas,EXECLINE,4,Gasoline,31754.0,2025/11/17,Ontario,48500
2024,Volkswagen,Golf R,HIGHLINE,4,Gasoline,35938.0,2025/11/17,Quebec,41300
2023,Volkswagen,Tiguan,COMFORTLINE,4,Gasoline,52953.0,2025/11/17,Quebec,28500
2014,Volkswagen,Jetta Sedan,TRENDLINE,4,Gasoline,107920.0,2025/11/17,Ontario,4800
2023,Volkswagen,Tiguan,COMFORTLINE,4,Gasoline,65088.0,2025/11/17,Ontario,26000
2020,Volkswagen,Atlas Cross Sport,COMFORTLINE,6,Gasoline,158135.0,2025/11/17,Ontario,18200
2018,Volkswagen,Atlas,EXECLINE,6,Gasoline,124200.0,2025/11/17,Alberta,24900
2017,Volkswagen,Passat,TRENDLINE,4,Gasoline,174508.0,2025/11/17,Ontario,3800
2016,Volkswagen,Tiguan,HIGHLINE,4,Gasoline,189565.0,2025/11/17,Ontario,4500
2023,Volkswagen,Tiguan,COMFORTLINE,4,Gasoline,35026.0,2025/11/17,Ontario,29500
2018,Volkswagen,Passat,GT,6,Gasoline,130039.0,2025/11/17,British Columbia,10500
2018,Volkswagen,Tiguan,TRENDLINE,4,Gasoline,153699.0,2025/11/17,Quebec,9000
2016,Volkswagen,Golf,S,4,Gasoline,62635.0,2025/11/17,Ontario,10500
2019,Volkswagen,Atlas,HIGHLINE,6,Gasoline,184332.0,2025/11/17,Ontario,13900
2022,Volkswagen,Tiguan,COMFORTLINE,4,Gasoline,106373.0,2025/11/17,Quebec,21700
2017,Volkswagen,Tiguan,COMFORTLINE,4,Gasoline,138510.0,2025/11/17,Newfoundland and Labrador,7100
2022,Volkswagen,Golf GTI,PERFORMANCE,4,Gasoline,54786.0,2025/11/17,Ontario,29300
2018,Volkswagen,Golf GTI,S,4,Gasoline,118353.0,2025/11/17,Ontario,18200
2018,Volkswagen,Tiguan,HIGHLINE,4,Gasoline,79579.0,2025/11/17,Ontario,17800
2019,Volkswagen,Jetta,HIGHLINE,4,Gasoline,94646.0,2025/11/17,Ontario,12700
2019,Volkswagen,Golf R,HIGHLINE,4,Gasoline,112324.0,2025/11/17,Ontario,23500
2021,Volkswagen,Tiguan,HIGHLINE,4,Gasoline,50114.0,2025/11/17,Ontario,23300
2023,Volkswagen,Atlas,EXECLINE,6,Gasoline,34568.0,2025/11/17,Ontario,39800
2019,Volkswagen,Atlas,EXECLINE,6,Gasoline,96940.0,2025/11/17,Ontario,26300
2018,Volkswagen,Tiguan,HIGHLINE,4,Gasoline,142176.0,2025/11/17,Ontario,12600
2023,Volkswagen,Tiguan,HIGHLINE,4,Gasoline,80031.0,2025/11/17,Ontario,29300
2023,Volkswagen,Tiguan,COMFORTLINE,4,Gasoline,93778.0,2025/11/17,Quebec,24200
2015,Volkswagen,Jetta Sedan,HIGHLINE,4,Gasoline,160370.0,2025/11/17,Ontario,7200
2021,Volkswagen,Atlas Cross Sport,COMFORTLINE,6,Gasoline,121813.0,2025/11/17,Quebec,21600
2024,Volkswagen,Atlas,HIGHLINE,4,Gasoline,48176.0,2025/11/17,Quebec,41900
2016,Volkswagen,Golf,TRENDLINE,4,Gasoline,175861.0,2025/11/17,Quebec,5200
2011,Volkswagen,Golf,HIGHLINE,5,Gasoline,135279.0,2025/11/17,Ontario,5500
2013,Volkswagen,Golf,HIGHLINE,5,Gasoline,137764.0,2025/11/17,Ontario,7500
2019,Volkswagen,Jetta,COMFORTLINE,4,Gasoline,67976.0,2025/11/17,Quebec,15000
2021,Volkswagen,Jetta,HIGHLINE,4,Gasoline,100804.0,2025/11/17,Ontario,17200
2021,Volkswagen,Golf GTI,GT,4,Gasoline,49498.0,2025/11/17,Ontario,27100
2017,Volkswagen,Jetta Sedan,WOLFSBURG,4,Gasoline,119046.0,2025/11/17,Ontario,11300
2012,Volkswagen,Jetta Sedan,S,4,Gasoline,189949.0,2025/11/17,Ontario,3200
2010,Volkswagen,Passat Sedan,S,4,Gasoline,140392.0,2025/11/16,British Columbia,3100
2024,Volkswagen,Atlas Cross Sport,EXECLINE,4,Gasoline,33776.0,2025/11/15,Ontario,46100
2017,Volkswagen,Golf R,S,4,Gasoline,178657.0,2025/11/15,Ontario,14900
2021,Volkswagen,Tiguan,HIGHLINE,4,Gasoline,38708.0,2025/11/15,Ontario,21600
2019,Volkswagen,Golf GTI,GT,4,Gasoline,158480.0,2025/11/15,British Columbia,16000
2014,Volkswagen,Tiguan,HIGHLINE,4,Gasoline,160165.0,2025/11/15,British Columbia,5600
2019,Volkswagen,Tiguan,COMFORTLINE,4,Gasoline,93122.0,2025/11/15,Quebec,17100
2017,Volkswagen,Beetle Coupe,HIGHLINE,4,Gasoline,62493.0,2025/11/15,Ontario,16400
2024,Volkswagen,Golf R,S,4,Gasoline,33697.0,2025/11/15,Ontario,42500
2023,Volkswagen,Taos,HIGHLINE,4,Gasoline,50049.0,2025/11/15,Quebec,27000
2018,Volkswagen,Tiguan,HIGHLINE,4,Gasoline,188658.0,2025/11/14,British Columbia,7000
2020,Volkswagen,Jetta,HIGHLINE,4,Gasoline,87100.0,2025/11/14,British Columbia,9800
2021,Volkswagen,Jetta,HIGHLINE,4,Gasoline,119798.0,2025/11/14,Ontario,12500
2022,Volkswagen,Taos,COMFORTLINE,4,Gasoline,68490.0,2025/11/14,Ontario,18300
2021,Volkswagen,Tiguan,HIGHLINE,4,Gasoline,70489.0,2025/11/14,Ontario,20000
2019,Volkswagen,Jetta,HIGHLINE,4,Gasoline,136509.0,2025/11/14,Quebec,12200
2022,Volkswagen,Taos,COMFORTLINE,4,Gasoline,33710.0,2025/11/14,Ontario,18200
2016,Volkswagen,Tiguan,HIGHLINE,4,Gasoline,131907.0,2025/11/14,Ontario,6600
2015,Volkswagen,Golf GTI,PERFORMANCE,4,Gasoline,167269.0,2025/11/14,British Columbia,8400
2022,Volkswagen,Taos,COMFORTLINE,4,Gasoline,28400.0,2025/11/14,Ontario,23000
2013,Volkswagen,Jetta GLI,S,4,Gasoline,148725.0,2025/11/14,Quebec,3000
2009,Volkswagen,Tiguan,HIGHLINE,4,Gasoline,204635.0,2025/11/14,British Columbia,3000
2018,Volkswagen,Tiguan,COMFORTLINE,4,Gasoline,125921.0,2025/11/14,Ontario,12600
2016,Volkswagen,Tiguan,COMFORTLINE,4,Gasoline,148615.0,2025/11/14,Quebec,7700
2023,Volkswagen,Taos,HIGHLINE,4,Gasoline,35606.0,2025/11/14,Ontario,27500
2019,Volkswagen,Atlas,HIGHLINE,6,Gasoline,89888.0,2025/11/14,Ontario,25700
2023,Volkswagen,Atlas,EXECLINE,6,Gasoline,52741.0,2025/11/14,Ontario,41500
2016,Volkswagen,Golf R,HIGHLINE,4,Gasoline,128888.0,2025/11/14,Ontario,14100
2017,Volkswagen,Tiguan,COMFORTLINE,4,Gasoline,204558.0,2025/11/14,Ontario,6100
2022,Volkswagen,Tiguan,HIGHLINE,4,Gasoline,128678.0,2025/11/14,Quebec,21700
2016,Volkswagen,Passat,S,4,Gasoline,165346.0,2025/11/14,Quebec,7000
2015,Volkswagen,Jetta Sedan,TRENDLINE,4,Gasoline,154508.0,2025/11/14,Quebec,3600
2021,Volkswagen,Tiguan,HIGHLINE,4,Gasoline,64298.0,2025/11/14,Ontario,18800
2023,Volkswagen,Atlas,EXECLINE,6,Gasoline,48968.0,2025/11/13,Quebec,41000
2021,Volkswagen,Jetta,COMFORTLINE,4,Gasoline,199991.0,2025/11/13,Ontario,7600
2017,Volkswagen,Tiguan,WOLFSBURG,4,Gasoline,147016.0,2025/11/13,Ontario,3400
2018,Volkswagen,Tiguan,COMFORTLINE,4,Gasoline,162500.0,2025/11/13,Ontario,10800
2015,Volkswagen,Passat,COMFORTLINE,4,Gasoline,112160.0,2025/11/13,Quebec,8400
2012,Volkswagen,Tiguan,HIGHLINE,4,Gasoline,127114.0,2025/11/13,British Columbia,7900
2016,Volkswagen,CC,SPORTLINE,4,Gasoline,72093.0,2025/11/13,Ontario,8500
2021,Volkswagen,Tiguan,HIGHLINE,4,Gasoline,109435.0,2025/11/13,British Columbia,18000
2021,Volkswagen,Atlas,EXECLINE,6,Gasoline,121633.0,2025/11/13,Quebec,26500
2016,Volkswagen,Tiguan,HIGHLINE,4,Gasoline,71358.0,2025/11/13,British Columbia,9800
2017,Volkswagen,Tiguan,WOLFSBURG,4,Gasoline,104009.0,2025/11/13,British Columbia,12500
2022,Volkswagen,Taos,COMFORTLINE,4,Gasoline,61309.0,2025/11/13,Quebec,21500
2018,Volkswagen,Golf,HIGHLINE,4,Gasoline,158426.0,2025/11/13,Quebec,7200
2022,Volkswagen,Taos,TRENDLINE,4,Gasoline,37394.0,2025/11/13,Quebec,21900
2017,Volkswagen,Tiguan,COMFORTLINE,4,Gasoline,159094.0,2025/11/13,Ontario,8700
2019,Volkswagen,Jetta,GL,4,Gasoline,94052.0,2025/11/12,Quebec,18900
2024,Volkswagen,Atlas,HIGHLINE,4,Gasoline,43814.0,2025/11/12,Ontario,41000
2019,Volkswagen,Jetta,GL,4,Gasoline,103765.0,2025/11/12,Ontario,16700
2021,Volkswagen,Golf GTI,GT,4,Gasoline,49870.0,2025/11/12,Ontario,26500
2019,Volkswagen,e-Golf,COMFORTLINE,0,Electric,87022.0,2025/11/12,Ontario,12500
2022,Volkswagen,Tiguan,COMFORTLINE,4,Gasoline,36236.0,2025/11/12,Newfoundland and Labrador,24000
2019,Volkswagen,Atlas,EXECLINE,6,Gasoline,120076.0,2025/11/12,Quebec,21900
2017,Volkswagen,Golf,S,4,Gasoline,191653.0,2025/11/12,Ontario,6200
2022,Volkswagen,Atlas Cross Sport,EXECLINE,6,Gasoline,54423.0,2025/11/12,Alberta,38300
2020,Volkswagen,e-Golf,COMFORTLINE,0,Electric,115596.0,2025/11/12,Ontario,9000
2023,Volkswagen,Tiguan,COMFORTLINE,4,Gasoline,43519.0,2025/11/12,Ontario,29300
2022,Volkswagen,Tiguan,COMFORTLINE,4,Gasoline,66796.0,2025/11/12,Quebec,23500
2017,Volkswagen,Golf R,S,4,Gasoline,196010.0,2025/11/12,Quebec,11700
2022,Volkswagen,Golf GTI,PERFORMANCE,4,Gasoline,70982.0,2025/11/12,Quebec,27500
2022,Volkswagen,Tiguan,HIGHLINE,4,Gasoline,91293.0,2025/11/12,Newfoundland and Labrador,22500
2022,Volkswagen,Tiguan,COMFORTLINE,4,Gasoline,93888.0,2025/11/12,Quebec,21800
2013,Volkswagen,Jetta Sedan,HIGHLINE,5,Gasoline,155915.0,2025/11/12,Quebec,4100
2019,Volkswagen,Golf GTI,GT,4,Gasoline,82236.0,2025/11/11,Ontario,18000
2018,Volkswagen,Tiguan,HIGHLINE,4,Gasoline,117820.0,2025/11/11,Ontario,15100
2022,Volkswagen,Taos,HIGHLINE,4,Gasoline,47519.0,2025/11/11,British Columbia,23000
2019,Volkswagen,Jetta,COMFORTLINE,4,Gasoline,90769.0,2025/11/11,Quebec,12000
2016,Volkswagen,Jetta Sedan,S,4,Gasoline,118320.0,2025/11/11,Quebec,8500
2019,Volkswagen,Tiguan,HIGHLINE,4,Gasoline,114209.0,2025/11/11,Ontario,17600
2014,Volkswagen,Tiguan,TRENDLINE,4,Gasoline,154297.0,2025/11/11,Ontario,4800
2022,Volkswagen,Atlas,HIGHLINE,6,Gasoline,94381.0,2025/11/11,Ontario,30200
2019,Volkswagen,Golf GTI,GT,4,Gasoline,120204.0,2025/11/11,Ontario,16700
2020,Volkswagen,Tiguan,TRENDLINE,4,Gasoline,138460.0,2025/11/11,Ontario,16000
2018,Volkswagen,Golf,HIGHLINE,4,Gasoline,167475.0,2025/11/11,Quebec,8500
2017,Volkswagen,Beetle Coupe,HIGHLINE,4,Gasoline,165333.0,2025/11/11,Alberta,8600
2015,Volkswagen,Golf,HIGHLINE,4,Gasoline,224066.0,2025/11/11,British Columbia,3000
2014,Volkswagen,Touareg,HIGHLINE,6,Diesel,221790.0,2025/11/10,Ontario,8400
2016,Volkswagen,Golf,S,4,Gasoline,192972.0,2025/11/10,Alberta,5100
2017,Volkswagen,Passat,COMFORTLINE,4,Gasoline,215073.0,2025/11/10,Ontario,3000
2012,Volkswagen,Golf,HIGHLINE,5,Gasoline,151302.0,2025/11/10,Ontario,4100
2022,Volkswagen,Taos,COMFORTLINE,4,Gasoline,50263.0,2025/11/10,Ontario,20800
2024,Volkswagen,Atlas,HIGHLINE,4,Gasoline,29866.0,2025/11/10,Quebec,43200
2020,Volkswagen,Passat,EXECLINE,4,Gasoline,115100.0,2025/11/10,Ontario,15900
2018,Volkswagen,Atlas,EXECLINE,6,Gasoline,191028.0,2025/11/10,Ontario,12300
2017,Volkswagen,Beetle Coupe,HIGHLINE,4,Gasoline,105773.0,2025/11/10,British Columbia,13700
2013,Volkswagen,Tiguan,HIGHLINE,4,Gasoline,140972.0,2025/11/10,British Columbia,6300
2022,Volkswagen,Tiguan,TRENDLINE,4,Gasoline,63153.0,2025/11/10,Quebec,20200
2016,Volkswagen,Tiguan,S,4,Gasoline,104675.0,2025/11/10,Ontario,7500
2017,Volkswagen,Golf SportWagen,S,4,Gasoline,168407.0,2025/11/10,Ontario,6800
2022,Volkswagen,Tiguan,COMFORTLINE,4,Gasoline,82263.0,2025/11/10,Ontario,20000
2021,Volkswagen,Atlas Cross Sport,EXECLINE,6,Gasoline,71625.0,2025/11/10,Ontario,29500
2024,Volkswagen,Tiguan,HIGHLINE,4,Gasoline,65370.0,2025/11/10,Ontario,31500
2015,Volkswagen,Golf,S,4,Gasoline,101342.0,2025/11/10,Ontario,6200
2020,Volkswagen,Jetta,HIGHLINE,4,Gasoline,103527.0,2025/11/10,Ontario,14900
2017,Volkswagen,Jetta Sedan,TRENDLINE,4,Gasoline,153418.0,2025/11/10,Quebec,5900
2015,Volkswagen,Golf,S,4,Gasoline,170253.0,2025/11/10,Ontario,4900
2016,Volkswagen,Tiguan,HIGHLINE,4,Gasoline,35023.0,2025/11/10,Quebec,13700
2020,Volkswagen,Atlas Cross Sport,COMFORTLINE,6,Gasoline,190499.0,2025/11/10,Ontario,14700
2022,Volkswagen,Tiguan,HIGHLINE,4,Gasoline,89398.0,2025/11/10,Ontario,26300
2019,Volkswagen,Atlas,EXECLINE,6,Gasoline,42316.0,2025/11/10,Quebec,27600
2019,Volkswagen,Jetta,COMFORTLINE,4,Gasoline,162982.0,2025/11/10,Ontario,9700
2015,Volkswagen,Passat,COMFORTLINE,4,Diesel,222677.0,2025/11/10,Ontario,4400
2014,Volkswagen,Passat,COMFORTLINE,4,Diesel,193200.0,2025/11/10,Ontario,4200
2018,Volkswagen,Tiguan,COMFORTLINE,4,Gasoline,184916.0,2025/11/10,Quebec,9500
2019,Volkswagen,Tiguan,COMFORTLINE,4,Gasoline,165361.0,2025/11/10,Quebec,11400
2013,Volkswagen,Passat,COMFORTLINE,4,Diesel,107263.0,2025/11/10,Quebec,5000
2024,Volkswagen,Atlas,COMFORTLINE,4,Gasoline,56181.0,2025/11/10,Quebec,37000
2016,Volkswagen,Passat,COMFORTLINE,4,Gasoline,57699.0,2025/11/10,Quebec,13800
2015,Volkswagen,Passat,TRENDLINE,4,Gasoline,178388.0,2025/11/09,Ontario,4200
2019,Volkswagen,Golf R,HIGHLINE,4,Gasoline,73770.0,2025/11/08,Ontario,24000
2018,Volkswagen,Golf GTI,GT,4,Gasoline,198852.0,2025/11/08,Ontario,7800
2017,Volkswagen,Tiguan,COMFORTLINE,4,Gasoline,194700.0,2025/11/08,Ontario,7000
2016,Volkswagen,Golf,COMFORTLINE,4,Gasoline,139263.0,2025/11/08,Ontario,10800
2017,Volkswagen,Golf Alltrack,HIGHLINE,4,Gasoline,101185.0,2025/11/08,Ontario,14200
2018,Volkswagen,Golf R,S,4,Gasoline,105612.0,2025/11/08,Ontario,21900
2019,Volkswagen,Tiguan,COMFORTLINE,4,Gasoline,197682.0,2025/11/08,New Brunswick,8500
2022,Volkswagen,Atlas,EXECLINE,6,Gasoline,66545.0,2025/11/08,Ontario,36500
2014,Volkswagen,Jetta Sedan,TRENDLINE,4,Gasoline,191859.0,2025/11/08,Ontario,3400
2015,Volkswagen,Tiguan,HIGHLINE,4,Gasoline,170317.0,2025/11/08,Alberta,5000
2023,Volkswagen,Taos,COMFORTLINE,4,Gasoline,27644.0,2025/11/08,Quebec,25600
2014,Volkswagen,Jetta Sedan,HIGHLINE,4,Gasoline,176234.0,2025/11/08,British Columbia,7200
2019,Volkswagen,Golf R,S,4,Gasoline,46521.0,2025/11/07,Alberta,25600
2019,Volkswagen,Atlas,HIGHLINE,6,Gasoline,205874.0,2025/11/07,Quebec,12000
2022,Volkswagen,Atlas,HIGHLINE,6,Gasoline,118090.0,2025/11/07,Ontario,26000
2022,Volkswagen,Taos,COMFORTLINE,4,Gasoline,54221.0,2025/11/07,Alberta,18300
2016,Volkswagen,Golf R,HIGHLINE,4,Gasoline,161691.0,2025/11/07,Ontario,14200
2016,Volkswagen,Jetta Sedan,S,4,Gasoline,106460.0,2025/11/07,Ontario,6400
2019,Volkswagen,Atlas,HIGHLINE,6,Gasoline,121784.0,2025/11/07,Quebec,20700
2012,Volkswagen,Passat,COMFORTLINE,5,Gasoline,150493.0,2025/11/07,British Columbia,6900
2017,Volkswagen,Jetta Sedan,TRENDLINE,4,Gasoline,113655.0,2025/11/07,British Columbia,12200
2011,Volkswagen,Tiguan,HIGHLINE,4,Gasoline,184269.0,2025/11/07,Alberta,3500
2024,Volkswagen,Jetta GLI,OTHER,4,Gasoline,48651.0,2025/11/07,Quebec,28500
2013,Volkswagen,Touareg,HIGHLINE,6,Gasoline,158393.0,2025/11/07,Quebec,7100
2014,Volkswagen,Passat,COMFORTLINE,4,Diesel,134012.0,2025/11/07,Ontario,4600
2022,Volkswagen,Tiguan,COMFORTLINE,4,Gasoline,39962.0,2025/11/07,Quebec,24100
2022,Volkswagen,Atlas,EXECLINE,6,Gasoline,90899.0,2025/11/07,Quebec,32000
2022,Volkswagen,Tiguan,COMFORTLINE,4,Gasoline,165323.0,2025/11/07,Quebec,12100
2015,Volkswagen,Jetta Sedan,TRENDLINE,4,Gasoline,75469.0,2025/11/07,Ontario,7000
2022,Volkswagen,Jetta,COMFORTLINE,4,Gasoline,82214.0,2025/11/07,Ontario,18400
2022,Volkswagen,Jetta GLI,S,4,Gasoline,147500.0,2025/11/07,Ontario,17000
2023,Volkswagen,Atlas,EXECLINE,6,Gasoline,93489.0,2025/11/07,Ontario,37500
2022,Volkswagen,Tiguan,HIGHLINE,4,Gasoline,90779.0,2025/11/07,Quebec,25900
2015,Volkswagen,Golf GTI,S,4,Gasoline,79086.0,2025/11/07,British Columbia,12000
2018,Volkswagen,Golf GTI,GT,4,Gasoline,121888.0,2025/11/06,Ontario,7000
2015,Volkswagen,Jetta Sedan,S,4,Gasoline,197665.0,2025/11/06,Ontario,3000
2013,Volkswagen,Touareg,HIGHLINE,6,Diesel,221000.0,2025/11/06,Ontario,5900
2016,Volkswagen,Jetta Sedan,COMFORTLINE,4,Gasoline,132836.0,2025/11/06,Ontario,9000
2022,Volkswagen,Tiguan,COMFORTLINE,4,Gasoline,50860.0,2025/11/06,Ontario,25200
2020,Volkswagen,Atlas Cross Sport,COMFORTLINE,6,Gasoline,75197.0,2025/11/06,Quebec,25000
2019,Volkswagen,Jetta,HIGHLINE,4,Gasoline,93379.0,2025/11/06,Quebec,13700
2019,Volkswagen,Jetta,HIGHLINE,4,Gasoline,208290.0,2025/11/06,British Columbia,6100
2022,Volkswagen,Tiguan,HIGHLINE,4,Gasoline,41848.0,2025/11/06,Newfoundland and Labrador,26000
2019,Volkswagen,Golf,HIGHLINE,4,Gasoline,105307.0,2025/11/06,Ontario,14500
2023,Volkswagen,Tiguan,HIGHLINE,4,Gasoline,94120.0,2025/11/06,Ontario,24900
2015,Volkswagen,Tiguan,HIGHLINE,4,Gasoline,180661.0,2025/11/06,Nova Scotia,4600
2022,Volkswagen,Atlas Cross Sport,HIGHLINE,6,Gasoline,65167.0,2025/11/06,Quebec,33100
2019,Volkswagen,Tiguan,HIGHLINE,4,Gasoline,62731.0,2025/11/06,Quebec,18400
2018,Volkswagen,Tiguan,TRENDLINE,4,Gasoline,158726.0,2025/11/06,Quebec,9300
2024,Volkswagen,Atlas,HIGHLINE,4,Gasoline,43341.0,2025/11/06,Ontario,43900
2017,Volkswagen,Golf SportWagen,S,4,Gasoline,127804.0,2025/11/06,Ontario,12800
2019,Volkswagen,Tiguan,TRENDLINE,4,Gasoline,119946.0,2025/11/06,Quebec,14400
2021,Volkswagen,Jetta,HIGHLINE,4,Gasoline,39801.0,2025/11/06,British Columbia,20200
2015,Volkswagen,Jetta Sedan,S,4,Gasoline,181150.0,2025/11/06,Ontario,4600
2023,Volkswagen,Tiguan,COMFORTLINE,4,Gasoline,45724.0,2025/11/05,Quebec,29500
2014,Volkswagen,Jetta Sedan,COMFORTLINE,4,Gasoline,125773.0,2025/11/05,British Columbia,7200
2022,Volkswagen,Atlas,COMFORTLINE,4,Gasoline,82184.0,2025/11/05,Quebec,29000
2022,Volkswagen,Jetta,HIGHLINE,4,Gasoline,40307.0,2025/11/05,Ontario,22100
2019,Volkswagen,Atlas,HIGHLINE,6,Gasoline,102769.0,2025/11/05,Newfoundland and Labrador,20000
2019,Volkswagen,Jetta,HIGHLINE,4,Gasoline,100363.0,2025/11/05,Ontario,10500
2019,Volkswagen,Jetta,HIGHLINE,4,Gasoline,112926.0,2025/11/05,Ontario,13900
2022,Volkswagen,Taos,HIGHLINE,4,Gasoline,66336.0,2025/11/05,Ontario,23100
2024,Volkswagen,Atlas Cross Sport,HIGHLINE,4,Gasoline,35429.0,2025/11/05,Quebec,42000
2023,Volkswagen,Atlas,EXECLINE,6,Gasoline,31202.0,2025/11/05,Ontario,44000
2018,Volkswagen,Passat,COMFORTLINE,4,Gasoline,38672.0,2025/11/05,Ontario,16000
2022,Volkswagen,Atlas,HIGHLINE,6,Gasoline,64713.0,2025/11/05,Quebec,36800
2019,Volkswagen,Tiguan,HIGHLINE,4,Gasoline,81971.0,2025/11/05,Quebec,19800
2021,Volkswagen,Tiguan,HIGHLINE,4,Gasoline,137690.0,2025/11/05,Quebec,15500
2013,Volkswagen,Beetle Coupe,S,4,Diesel,141259.0,2025/11/05,Ontario,6300
2022,Volkswagen,Tiguan,COMFORTLINE,4,Gasoline,37070.0,2025/11/05,Quebec,24500
2021,Volkswagen,Jetta,HIGHLINE,4,Gasoline,101215.0,2025/11/05,Ontario,17800
2018,Volkswagen,Tiguan,TRENDLINE,4,Gasoline,183987.0,2025/11/05,Newfoundland and Labrador,4400
2023,Volkswagen,Tiguan,COMFORTLINE,4,Gasoline,48010.0,2025/11/05,Newfoundland and Labrador,25900
2021,Volkswagen,Tiguan,HIGHLINE,4,Gasoline,106027.0,2025/11/05,Newfoundland and Labrador,17500
2022,Volkswagen,Golf GTI,PERFORMANCE,4,Gasoline,40918.0,2025/11/05,Ontario,24000
2016,Volkswagen,Golf,COMFORTLINE,4,Gasoline,62545.0,2025/11/04,Quebec,12000
2021,Volkswagen,Jetta,EXECLINE,4,Gasoline,48686.0,2025/11/04,Ontario,21900
2013,Volkswagen,Jetta Sedan,HIGHLINE,4,Diesel,189754.0,2025/11/04,Ontario,3300
2021,Volkswagen,Tiguan,HIGHLINE,4,Gasoline,102535.0,2025/11/04,Ontario,21000
2011,Volkswagen,Touareg,HIGHLINE,6,Diesel,222555.0,2025/11/04,Ontario,6600
2018,Volkswagen,Atlas,EXECLINE,6,Gasoline,164906.0,2025/11/04,Quebec,16400
2023,Volkswagen,Taos,COMFORTLINE,4,Gasoline,44335.0,2025/11/04,Quebec,19900
2014,Volkswagen,Jetta Sedan,HIGHLINE,4,Gasoline,186521.0,2025/11/04,Ontario,4100
2022,Volkswagen,Tiguan,COMFORTLINE,4,Gasoline,56498.0,2025/11/04,Quebec,25300
2022,Volkswagen,Tiguan,COMFORTLINE,4,Gasoline,87504.0,2025/11/04,Quebec,24300
2024,Volkswagen,Tiguan,COMFORTLINE,4,Gasoline,25631.0,2025/11/04,Ontario,34800
2015,Volkswagen,Golf GTI,GT,4,Gasoline,199907.0,2025/11/04,Quebec,6300
2021,Volkswagen,Atlas,HIGHLINE,4,Gasoline,81915.0,2025/11/04,Quebec,29000
2017,Volkswagen,Golf R,S,4,Gasoline,136719.0,2025/11/04,Quebec,16100
2019,Volkswagen,Tiguan,COMFORTLINE,4,Gasoline,58526.0,2025/11/04,Quebec,17600
2024,Volkswagen,Jetta,TRENDLINE,4,Gasoline,51165.0,2025/11/04,Quebec,18600
2024,Volkswagen,Golf GTI,GT,4,Gasoline,33812.0,2025/11/04,Quebec,32400
2017,Volkswagen,Jetta Sedan,WOLFSBURG,4,Gasoline,140559.0,2025/11/04,Quebec,7300
2023,Volkswagen,Taos,COMFORTLINE,4,Gasoline,45699.0,2025/11/04,Quebec,23600
2021,Volkswagen,Tiguan,HIGHLINE,4,Gasoline,101543.0,2025/11/04,Quebec,20500
2014,Volkswagen,Tiguan,HIGHLINE,4,Gasoline,116140.0,2025/11/03,British Columbia,6800
2016,Volkswagen,Touareg,HIGHLINE,6,Gasoline,202128.0,2025/11/03,Ontario,7200
2021,Volkswagen,Jetta,GL,4,Gasoline,135711.0,2025/11/03,Ontario,15200
2015,Volkswagen,Jetta Sedan,TRENDLINE,4,Gasoline,97317.0,2025/11/03,Quebec,7000
2022,Volkswagen,Tiguan,HIGHLINE,4,Gasoline,26317.0,2025/11/03,British Columbia,29500
2010,Volkswagen,Tiguan,HIGHLINE,4,Gasoline,166074.0,2025/11/03,Ontario,3200
2014,Volkswagen,Jetta Sedan,HIGHLINE,4,Gasoline,197311.0,2025/11/03,Ontario,4300
2021,Volkswagen,Atlas,EXECLINE,6,Gasoline,94945.0,2025/11/03,Ontario,30000
2021,Volkswagen,Passat,HIGHLINE,4,Gasoline,104324.0,2025/11/03,Alberta,16000
2019,Volkswagen,Jetta,COMFORTLINE,4,Gasoline,95336.0,2025/11/03,Quebec,11500
2006,Volkswagen,Jetta Sedan,S,4,Diesel,183416.0,2025/11/03,British Columbia,3300
2017,Volkswagen,Tiguan,COMFORTLINE,4,Gasoline,131983.0,2025/11/03,Manitoba,9000
2014,Volkswagen,Passat,COMFORTLINE,4,Gasoline,106282.0,2025/11/03,British Columbia,6000
2023,Volkswagen,Tiguan,HIGHLINE,4,Gasoline,37459.0,2025/11/03,British Columbia,34900
2018,Volkswagen,Golf,TRENDLINE,4,Gasoline,192839.0,2025/11/03,Ontario,7200
2022,Volkswagen,Atlas Cross Sport,COMFORTLINE,4,Gasoline,101378.0,2025/11/03,Quebec,23200
2021,Volkswagen,Atlas,HIGHLINE,6,Gasoline,54198.0,2025/11/03,Quebec,30900
2023,Volkswagen,Taos,COMFORTLINE,4,Gasoline,34080.0,2025/11/03,Ontario,25500
2013,Volkswagen,Golf,HIGHLINE,5,Gasoline,196559.0,2025/11/03,Quebec,3500
2019,Volkswagen,Golf Alltrack,S,4,Gasoline,81882.0,2025/11/03,Quebec,13800
2016,Volkswagen,Tiguan,HIGHLINE,4,Gasoline,191699.0,2025/11/03,Quebec,4500
2021,Volkswagen,Golf GTI,GT,4,Gasoline,106500.0,2025/11/03,Ontario,18100
2015,Volkswagen,Jetta Sedan,S,4,Gasoline,162000.0,2025/11/03,Ontario,6400
2019,Volkswagen,Golf Alltrack,HIGHLINE,4,Gasoline,149864.0,2025/11/03,Ontario,13400
2022,Volkswagen,Atlas,HIGHLINE,6,Gasoline,79920.0,2025/11/03,Quebec,35000
2019,Volkswagen,Golf GTI,GT,4,Gasoline,89899.0,2025/11/03,Quebec,19400
2012,Volkswagen,Jetta Sedan,S,5,Gasoline,124316.0,2025/11/03,Ontario,5000
2023,Volkswagen,Taos,HIGHLINE,4,Gasoline,67946.0,2025/11/03,Quebec,25100
2019,Volkswagen,Jetta,HIGHLINE,4,Gasoline,40715.0,2025/11/03,Quebec,17600
2017,Volkswagen,Golf,COMFORTLINE,4,Gasoline,99257.0,2025/11/03,Quebec,8500
2023,Volkswagen,Jetta,TRENDLINE,4,Gasoline,88356.0,2025/11/03,Ontario,15000
2022,Volkswagen,Tiguan,COMFORTLINE,4,Gasoline,83261.0,2025/11/03,Quebec,22900
2022,Volkswagen,Tiguan,HIGHLINE,4,Gasoline,125393.0,2025/11/01,Quebec,22200
2022,Volkswagen,Atlas Cross Sport,TRENDLINE,4,Gasoline,140366.0,2025/11/01,Ontario,20500
2019,Volkswagen,Tiguan,TRENDLINE,4,Gasoline,101530.0,2025/11/01,Ontario,13600
2022,Volkswagen,Tiguan,COMFORTLINE,4,Gasoline,41613.0,2025/11/01,Quebec,26300
2022,Volkswagen,Tiguan,COMFORTLINE,4,Gasoline,55657.0,2025/11/01,Ontario,25500
2013,Volkswagen,Beetle Coupe,HIGHLINE,5,Gasoline,141371.0,2025/11/01,Ontario,7500
2019,Volkswagen,Golf,HIGHLINE,4,Gasoline,97600.0,2025/11/01,Ontario,14500
2022,Volkswagen,Taos,COMFORTLINE,4,Gasoline,50500.0,2025/11/01,Ontario,22000
2022,Volkswagen,Taos,TRENDLINE,4,Gasoline,102418.0,2025/11/01,Quebec,17700
2012,Volkswagen,Jetta Sedan,S,4,Gasoline,148160.0,2025/11/01,Ontario,4200
2017,Volkswagen,Tiguan,COMFORTLINE,4,Gasoline,49604.0,2025/11/01,Quebec,13500
2014,Volkswagen,Eos,COMFORTLINE,4,Gasoline,105944.0,2025/11/01,Ontario,7000
2016,Volkswagen,Golf R,HIGHLINE,4,Gasoline,96286.0,2025/10/31,Quebec,18900
2024,Volkswagen,Atlas,COMFORTLINE,4,Gasoline,105139.0,2025/10/31,Ontario,31600
2017,Volkswagen,Golf Alltrack,HIGHLINE,4,Gasoline,142990.0,2025/10/31,Quebec,13100
2018,Volkswagen,Golf,COMFORTLINE,4,Gasoline,97165.0,2025/10/31,Ontario,11800
2012,Volkswagen,Passat,COMFORTLINE,5,Gasoline,137261.0,2025/10/31,Ontario,4200
2015,Volkswagen,Golf,S,4,Gasoline,156640.0,2025/10/31,Quebec,4400
2016,Volkswagen,Golf,TRENDLINE,4,Gasoline,86706.0,2025/10/31,Ontario,10600
2019,Volkswagen,Golf GTI,GT,4,Gasoline,113960.0,2025/10/31,Quebec,17800
2018,Volkswagen,Tiguan,HIGHLINE,4,Gasoline,125332.0,2025/10/31,Alberta,7500
2021,Volkswagen,Atlas,HIGHLINE,4,Gasoline,136528.0,2025/10/31,Ontario,23100
2008,Volkswagen,Rabbit,TRENDLINE,5,Gasoline,168580.0,2025/10/31,British Columbia,3100
2022,Volkswagen,Tiguan,COMFORTLINE,4,Gasoline,93740.0,2025/10/31,Quebec,20300
2010,Volkswagen,Tiguan,HIGHLINE,4,Gasoline,182787.0,2025/10/31,Ontario,3000
2017,Volkswagen,Golf SportWagen,S,4,Gasoline,97143.0,2025/10/31,Ontario,9500
2021,Volkswagen,Tiguan,COMFORTLINE,4,Gasoline,147208.0,2025/10/31,Quebec,10200
2023,Volkswagen,Jetta GLI,S,4,Gasoline,39200.0,2025/10/31,Quebec,27000
2022,Volkswagen,Golf GTI,PERFORMANCE,4,Gasoline,74516.0,2025/10/31,Ontario,27900
2018,Volkswagen,Tiguan,COMFORTLINE,4,Gasoline,151262.0,2025/10/31,Quebec,12200
2022,Volkswagen,Atlas Cross Sport,EXECLINE,6,Gasoline,96821.0,2025/10/31,Quebec,30500
2019,Volkswagen,Arteon,HIGHLINE,4,Gasoline,108200.0,2025/10/31,Ontario,21000
2019,Volkswagen,Atlas,HIGHLINE,6,Gasoline,100423.0,2025/10/30,Quebec,22900
2013,Volkswagen,Tiguan,HIGHLINE,4,Gasoline,116800.0,2025/10/30,British Columbia,5600
2016,Volkswagen,Golf Sportwagon,S,4,Gasoline,144175.0,2025/10/30,Quebec,8000
2018,Volkswagen,Tiguan,HIGHLINE,4,Gasoline,149790.0,2025/10/30,Ontario,12500
2019,Volkswagen,Arteon,HIGHLINE,4,Gasoline,96066.0,2025/10/30,Ontario,19300
2019,Volkswagen,Golf Alltrack,S,4,Gasoline,113226.0,2025/10/30,Ontario,19200
2013,Volkswagen,Jetta Sedan,S,4,Hybrid,169949.0,2025/10/30,Alberta,5500
2016,Volkswagen,Jetta Sedan,S,4,Gasoline,149873.0,2025/10/30,Quebec,5100
2017,Volkswagen,Jetta Sedan,TRENDLINE,4,Gasoline,39460.0,2025/10/30,Ontario,13500
2024,Volkswagen,Atlas,HIGHLINE,4,Gasoline,33935.0,2025/10/30,Ontario,45000
2023,Volkswagen,Atlas Cross Sport,EXECLINE,6,Gasoline,45964.0,2025/10/30,Ontario,39000
2010,Volkswagen,Golf GTI,S,4,Gasoline,189432.0,2025/10/30,Ontario,6000
2017,Volkswagen,Tiguan,HIGHLINE,4,Gasoline,166665.0,2025/10/30,Quebec,8200
2022,Volkswagen,Tiguan,HIGHLINE,4,Gasoline,76464.0,2025/10/30,Quebec,25800
2010,Volkswagen,Tiguan,HIGHLINE,4,Gasoline,95599.0,2025/10/30,Quebec,4400
2019,Volkswagen,Atlas,HIGHLINE,6,Gasoline,135467.0,2025/10/30,Quebec,19500
2015,Volkswagen,Golf GTI,GT,4,Gasoline,200234.0,2025/10/30,Ontario,4200
2018,Volkswagen,Golf,HIGHLINE,4,Gasoline,161663.0,2025/10/30,Quebec,8000
2021,Volkswagen,Atlas,HIGHLINE,4,Gasoline,97707.0,2025/10/30,Quebec,25500
2018,Volkswagen,Tiguan,HIGHLINE,4,Gasoline,114257.0,2025/10/30,Ontario,15600
2018,Volkswagen,Tiguan,HIGHLINE,4,Gasoline,211243.0,2025/10/30,Ontario,7600
2019,Volkswagen,Jetta,COMFORTLINE,4,Gasoline,92496.0,2025/10/30,Quebec,14200
2015,Volkswagen,Tiguan,HIGHLINE,4,Gasoline,124277.0,2025/10/30,British Columbia,5000
2022,Volkswagen,Jetta,COMFORTLINE,4,Gasoline,50555.0,2025/10/29,Quebec,19000
2019,Volkswagen,Tiguan,TRENDLINE,4,Gasoline,63268.0,2025/10/29,Quebec,15100
2017,Volkswagen,Tiguan,COMFORTLINE,4,Gasoline,106316.0,2025/10/29,Ontario,11300
2024,Volkswagen,Atlas Cross Sport,EXECLINE,4,Gasoline,48128.0,2025/10/29,Quebec,42500
2015,Volkswagen,Jetta Sedan,COMFORTLINE,4,Diesel,197023.0,2025/10/29,Quebec,3900
2017,Volkswagen,Jetta Sedan,TRENDLINE,4,Gasoline,61921.0,2025/10/29,Quebec,10500
2021,Volkswagen,Tiguan,HIGHLINE,4,Gasoline,39612.0,2025/10/29,Quebec,24500
2017,Volkswagen,Golf R,S,4,Gasoline,213390.0,2025/10/28,Ontario,12500
2018,Volkswagen,Beetle Convertible,HIGHLINE,4,Gasoline,75999.0,2025/10/28,Quebec,20000
2019,Volkswagen,Tiguan,HIGHLINE,4,Gasoline,110009.0,2025/10/28,Ontario,17000
2012,Volkswagen,Tiguan,SEL,4,Gasoline,157157.0,2025/10/28,British Columbia,5600
2019,Volkswagen,Golf Alltrack,S,4,Gasoline,111789.0,2025/10/28,Ontario,19900
2024,Volkswagen,Atlas Cross Sport,HIGHLINE,4,Gasoline,31649.0,2025/10/28,Ontario,39000
2020,Volkswagen,Passat,HIGHLINE,4,Gasoline,117364.0,2025/10/28,British Columbia,14300
2012,Volkswagen,Golf R,HIGHLINE,4,Gasoline,168585.0,2025/10/28,British Columbia,5300
2019,Volkswagen,Golf Alltrack,S,4,Gasoline,74238.0,2025/10/28,Nova Scotia,21000
2017,Volkswagen,Jetta Sedan,TRENDLINE,4,Gasoline,160660.0,2025/10/28,Ontario,5400
2018,Volkswagen,Tiguan,COMFORTLINE,4,Gasoline,128715.0,2025/10/28,Quebec,13500
2015,Volkswagen,Jetta Sedan,S,4,Gasoline,149966.0,2025/10/28,Quebec,3600
2022,Volkswagen,Taos,COMFORTLINE,4,Gasoline,47602.0,2025/10/28,Ontario,22300
2018,Volkswagen,Golf SportWagen,COMFORTLINE,4,Gasoline,153469.0,2025/10/28,Quebec,10500
2024,Volkswagen,Atlas Cross Sport,EXECLINE,4,Gasoline,27720.0,2025/10/28,Ontario,47000
2022,Volkswagen,Tiguan,COMFORTLINE,4,Gasoline,37950.0,2025/10/27,Ontario,27000
2021,Volkswagen,Tiguan,HIGHLINE,4,Gasoline,84422.0,2025/10/27,Ontario,22400
2018,Volkswagen,Atlas,EXECLINE,6,Gasoline,125350.0,2025/10/27,Alberta,22000
2023,Volkswagen,Tiguan,COMFORTLINE,4,Gasoline,52755.0,2025/10/27,Quebec,30000
2023,Volkswagen,Atlas Cross Sport,EXECLINE,6,Gasoline,47395.0,2025/10/27,Ontario,40300
2022,Volkswagen,Tiguan,COMFORTLINE,4,Gasoline,29127.0,2025/10/27,Quebec,27300
2012,Volkswagen,Tiguan,HIGHLINE,4,Gasoline,131277.0,2025/10/27,Ontario,3300
2020,Volkswagen,Tiguan,HIGHLINE,4,Gasoline,99004.0,2025/10/27,Ontario,20800
2018,Volkswagen,Tiguan,HIGHLINE,4,Gasoline,129377.0,2025/10/27,Nova Scotia,12000
2016,Volkswagen,Golf,S,4,Gasoline,224643.0,2025/10/27,Ontario,4000
2022,Volkswagen,Golf GTI,GT,4,Gasoline,67001.0,2025/10/27,Ontario,27900
2019,Volkswagen,Tiguan,COMFORTLINE,4,Gasoline,93579.0,2025/10/27,Ontario,16600
2022,Volkswagen,Taos,COMFORTLINE,4,Gasoline,72083.0,2025/10/27,Ontario,20200
2020,Volkswagen,Tiguan,HIGHLINE,4,Gasoline,102077.0,2025/10/27,Ontario,16000
2022,Volkswagen,Atlas,HIGHLINE,6,Gasoline,64421.0,2025/10/27,Quebec,34300
2018,Volkswagen,Passat,TRENDLINE,4,Gasoline,174534.0,2025/10/27,British Columbia,7400
2015,Volkswagen,Tiguan,TRENDLINE,4,Gasoline,105553.0,2025/10/27,Quebec,5000
2015,Volkswagen,Jetta Sedan,HIGHLINE,4,Diesel,156550.0,2025/10/27,Ontario,9100
2022,Volkswagen,Tiguan,COMFORTLINE,4,Gasoline,93307.0,2025/10/27,Manitoba,21800
2019,Volkswagen,Golf,COMFORTLINE,4,Gasoline,154179.0,2025/10/27,Quebec,10200
2018,Volkswagen,Beetle,HIGHLINE,4,Gasoline,97133.0,2025/10/27,Ontario,19500
2023,Volkswagen,Atlas,HIGHLINE,6,Gasoline,57211.0,2025/10/27,Ontario,40700
2017,Volkswagen,Tiguan,HIGHLINE,4,Gasoline,139158.0,2025/10/27,Ontario,7200
2019,Volkswagen,Jetta,HIGHLINE,4,Gasoline,127668.0,2025/10/27,Ontario,12600
2022,Volkswagen,Tiguan,HIGHLINE,4,Gasoline,122299.0,2025/10/27,Ontario,22100
2014,Volkswagen,Jetta Sedan,TRENDLINE,4,Gasoline,149830.0,2025/10/27,Ontario,4200
2015,Volkswagen,Jetta Sedan,S,4,Gasoline,220533.0,2025/10/27,Ontario,3600
2018,Volkswagen,Golf GTI,GT,4,Gasoline,111385.0,2025/10/27,Ontario,17100
2022,Volkswagen,Tiguan,HIGHLINE,4,Gasoline,35190.0,2025/10/27,Ontario,31000
2022,Volkswagen,Atlas,HIGHLINE,6,Gasoline,101796.0,2025/10/27,Ontario,28700
2022,Volkswagen,Tiguan,HIGHLINE,4,Gasoline,28403.0,2025/10/27,Ontario,28800
2018,Volkswagen,Tiguan,HIGHLINE,4,Gasoline,118474.0,2025/10/27,Ontario,14700
2019,Volkswagen,Jetta,HIGHLINE,4,Gasoline,91530.0,2025/10/27,Quebec,13500
2019,Volkswagen,Golf Alltrack,HIGHLINE,4,Gasoline,62619.0,2025/10/27,Quebec,21700
2022,Volkswagen,Tiguan,HIGHLINE,4,Gasoline,65555.0,2025/10/27,Quebec,28500
2023,Volkswagen,Tiguan,COMFORTLINE,4,Gasoline,100977.0,2025/10/27,Ontario,22000
2018,Volkswagen,Tiguan,HIGHLINE,4,Gasoline,160865.0,2025/10/27,Ontario,13500
2013,Volkswagen,Golf,HIGHLINE,5,Gasoline,223565.0,2025/10/26,British Columbia,4600
2019,Volkswagen,Jetta,COMFORTLINE,4,Gasoline,111703.0,2025/10/25,Ontario,12100
2015,Volkswagen,Tiguan,HIGHLINE,4,Gasoline,75914.0,2025/10/25,British Columbia,7100
2017,Volkswagen,Tiguan,COMFORTLINE,4,Gasoline,175110.0,2025/10/25,British Columbia,7100
2018,Volkswagen,Tiguan,COMFORTLINE,4,Gasoline,151518.0,2025/10/25,Ontario,10200
2022,Volkswagen,Tiguan,HIGHLINE,4,Gasoline,57910.0,2025/10/25,Ontario,26100
2019,Volkswagen,Tiguan,COMFORTLINE,4,Gasoline,110800.0,2025/10/25,Ontario,16500
2022,Volkswagen,Atlas,HIGHLINE,6,Gasoline,46921.0,2025/10/25,Ontario,34000
2018,Volkswagen,Tiguan,TRENDLINE,4,Gasoline,105078.0,2025/10/24,Ontario,11000
2020,Volkswagen,Tiguan,COMFORTLINE,4,Gasoline,59593.0,2025/10/24,Ontario,20800
2016,Volkswagen,Touareg,HIGHLINE,6,Diesel,134848.0,2025/10/24,Ontario,18400
2015,Volkswagen,Jetta Sedan,S,4,Gasoline,195435.0,2025/10/24,Ontario,3500
2020,Volkswagen,Passat,HIGHLINE,4,Gasoline,132036.0,2025/10/24,Ontario,15100
2024,Volkswagen,Taos,COMFORTLINE,4,Gasoline,57455.0,2025/10/24,Ontario,22800
2021,Volkswagen,Tiguan,HIGHLINE,4,Gasoline,78812.0,2025/10/24,Quebec,19500
2022,Volkswagen,Tiguan,TRENDLINE,4,Gasoline,66105.0,2025/10/24,Quebec,21000
2021,Volkswagen,Jetta,HIGHLINE,4,Gasoline,80987.0,2025/10/24,Ontario,18600
2022,Volkswagen,Atlas,HIGHLINE,6,Gasoline,53132.0,2025/10/24,Ontario,35500
2021,Volkswagen,Jetta,HIGHLINE,4,Gasoline,91792.0,2025/10/24,Ontario,18300
2014,Volkswagen,Jetta Sedan,COMFORTLINE,4,Gasoline,165809.0,2025/10/24,Ontario,3400
2022,Volkswagen,Tiguan,HIGHLINE,4,Gasoline,90703.0,2025/10/24,Quebec,24500
2018,Volkswagen,Tiguan,HIGHLINE,4,Gasoline,122591.0,2025/10/24,Quebec,16400
2022,Volkswagen,Tiguan,HIGHLINE,4,Gasoline,59743.0,2025/10/24,Quebec,26000
2021,Volkswagen,Passat,HIGHLINE,4,Gasoline,105916.0,2025/10/24,Ontario,17500
2017,Volkswagen,Golf SportWagen,S,4,Gasoline,185000.0,2025/10/24,Ontario,6400
2013,Volkswagen,Golf GTI,S,4,Gasoline,78690.0,2025/10/24,Ontario,8600
2018,Volkswagen,Beetle,HIGHLINE,4,Gasoline,38875.0,2025/10/23,British Columbia,25700
2018,Volkswagen,Tiguan,HIGHLINE,4,Gasoline,170774.0,2025/10/23,Ontario,12500
2023,Volkswagen,Taos,TRENDLINE,4,Gasoline,67820.0,2025/10/23,Quebec,20200
2012,Volkswagen,Tiguan,HIGHLINE,4,Gasoline,106311.0,2025/10/23,British Columbia,7300
2022,Volkswagen,Atlas,HIGHLINE,6,Gasoline,46534.0,2025/10/23,Quebec,33800
2019,Volkswagen,Golf R,S,4,Gasoline,34600.0,2025/10/23,Ontario,32000
2022,Volkswagen,Tiguan,COMFORTLINE,4,Gasoline,71063.0,2025/10/23,Ontario,23300
2019,Volkswagen,Jetta,COMFORTLINE,4,Gasoline,210543.0,2025/10/23,Ontario,5700
2018,Volkswagen,Tiguan,TRENDLINE,4,Gasoline,136305.0,2025/10/23,Nova Scotia,9500
2023,Volkswagen,Taos,HIGHLINE,4,Gasoline,48906.0,2025/10/23,Ontario,26300
2018,Volkswagen,Tiguan,TRENDLINE,4,Gasoline,153674.0,2025/10/23,Ontario,7800
2017,Volkswagen,Golf Alltrack,HIGHLINE,4,Gasoline,46316.0,2025/10/23,Ontario,15900
2016,Volkswagen,Tiguan,COMFORTLINE,4,Gasoline,200469.0,2025/10/23,Ontario,3300
2019,Volkswagen,Jetta,HIGHLINE,4,Gasoline,160814.0,2025/10/23,British Columbia,9700
2012,Volkswagen,Passat,HIGHLINE,4,Diesel,99988.0,2025/10/23,British Columbia,10300
2016,Volkswagen,Passat,HIGHLINE,4,Gasoline,181435.0,2025/10/22,Ontario,7100
2017,Volkswagen,Jetta Sedan,HIGHLINE,4,Gasoline,197468.0,2025/10/22,Ontario,6100
2022,Volkswagen,Tiguan,COMFORTLINE,4,Gasoline,60121.0,2025/10/22,Ontario,25800
2018,Volkswagen,Tiguan,COMFORTLINE,4,Gasoline,188552.0,2025/10/22,Quebec,9800
2019,Volkswagen,Tiguan,HIGHLINE,4,Gasoline,64699.0,2025/10/22,Quebec,20500
2024,Volkswagen,Golf GTI,PERFORMANCE,4,Gasoline,50822.0,2025/10/22,Ontario,32200
2021,Volkswagen,Atlas Cross Sport,HIGHLINE,6,Gasoline,78597.0,2025/10/22,Ontario,25200
2013,Volkswagen,Jetta Sedan,HIGHLINE,5,Gasoline,167912.0,2025/10/22,Quebec,3500
2019,Volkswagen,Golf GTI,GT,4,Gasoline,103684.0,2025/10/22,Ontario,20100
2018,Volkswagen,Atlas,TRENDLINE,6,Gasoline,141421.0,2025/10/22,Newfoundland and Labrador,14000
2018,Volkswagen,Atlas,HIGHLINE,6,Gasoline,97914.0,2025/10/22,Newfoundland and Labrador,20400
2015,Volkswagen,Golf GTI,GT,4,Gasoline,100894.0,2025/10/21,Saskatchewan,11600
2019,Volkswagen,Jetta,HIGHLINE,4,Gasoline,111988.0,2025/10/21,Ontario,12900
2019,Volkswagen,Jetta,GL,4,Gasoline,155079.0,2025/10/21,Quebec,11500
2012,Volkswagen,Eos,HIGHLINE,4,Gasoline,144211.0,2025/10/21,Quebec,5500
2018,Volkswagen,Beetle Convertible,HIGHLINE,4,Gasoline,54128.0,2025/10/21,Ontario,19000
2017,Volkswagen,Jetta Sedan,TRENDLINE,4,Gasoline,192240.0,2025/10/21,Ontario,4500
2018,Volkswagen,Passat,HIGHLINE,4,Gasoline,128905.0,2025/10/21,British Columbia,14700
2018,Volkswagen,Atlas,EXECLINE,6,Gasoline,110801.0,2025/10/21,Ontario,18700
2013,Volkswagen,Passat,COMFORTLINE,5,Gasoline,123901.0,2025/10/21,British Columbia,6600
2013,Volkswagen,Tiguan,HIGHLINE,4,Gasoline,133129.0,2025/10/21,British Columbia,6100
2018,Volkswagen,Tiguan,HIGHLINE,4,Gasoline,96814.0,2025/10/21,Quebec,18500
2019,Volkswagen,Jetta,GL,4,Gasoline,72008.0,2025/10/21,Quebec,21000
2018,Volkswagen,Golf SportWagen,COMFORTLINE,4,Gasoline,105846.0,2025/10/21,Quebec,12500
2019,Volkswagen,Golf R,S,4,Gasoline,78777.0,2025/10/21,Ontario,29200
2014,Volkswagen,Tiguan,HIGHLINE,4,Gasoline,50751.0,2025/10/21,Quebec,9300
2021,Volkswagen,Tiguan,HIGHLINE,4,Gasoline,80681.0,2025/10/21,Quebec,21700
2022,Volkswagen,Jetta,COMFORTLINE,4,Gasoline,128285.0,2025/10/21,Quebec,16000
2018,Volkswagen,Golf SportWagen,HIGHLINE,4,Gasoline,163195.0,2025/10/21,Ontario,7800
2016,Volkswagen,Jetta Sedan,S,4,Gasoline,186225.0,2025/10/21,Ontario,5500
2016,Volkswagen,Jetta Sedan,HIGHLINE,4,Gasoline,157865.0,2025/10/20,Ontario,7200
2022,Volkswagen,Taos,HIGHLINE,4,Gasoline,66336.0,2025/10/20,Quebec,24500
2021,Volkswagen,Tiguan,HIGHLINE,4,Gasoline,61808.0,2025/10/20,Ontario,21800
2016,Volkswagen,Jetta Sedan,S,4,Gasoline,181399.0,2025/10/20,Nova Scotia,3600
2013,Volkswagen,Golf Wagon,S,4,Diesel,218498.0,2025/10/20,Alberta,3100
2012,Volkswagen,Golf R,HIGHLINE,4,Gasoline,222985.0,2025/10/20,Ontario,8200
2018,Volkswagen,Tiguan,HIGHLINE,4,Gasoline,136860.0,2025/10/20,Ontario,14500
2021,Volkswagen,Golf GTI,GT,4,Gasoline,86192.0,2025/10/20,Ontario,24400
2024,Volkswagen,Golf GTI,GT,4,Gasoline,28472.0,2025/10/20,Ontario,32000
2021,Volkswagen,Tiguan,COMFORTLINE,4,Gasoline,100454.0,2025/10/20,Quebec,18400
2012,Volkswagen,Tiguan,HIGHLINE,4,Gasoline,137495.0,2025/10/20,Quebec,4000
2018,Volkswagen,Golf SportWagen,S,4,Gasoline,167998.0,2025/10/20,Ontario,5600
2023,Volkswagen,Taos,COMFORTLINE,4,Gasoline,50667.0,2025/10/20,Quebec,23500
2018,Volkswagen,Golf,HIGHLINE,4,Gasoline,69820.0,2025/10/20,Quebec,11200
2022,Volkswagen,Taos,COMFORTLINE,4,Gasoline,101584.0,2025/10/20,Ontario,20800
2019,Volkswagen,Jetta,HIGHLINE,4,Gasoline,141238.0,2025/10/20,Ontario,11100
2013,Volkswagen,Golf,TRENDLINE,5,Gasoline,122643.0,2025/10/20,Ontario,5700
2020,Volkswagen,Tiguan,HIGHLINE,4,Gasoline,63534.0,2025/10/20,Quebec,18600
2016,Volkswagen,Golf GTI,GT,4,Gasoline,160286.0,2025/10/20,Quebec,10000
2024,Volkswagen,Atlas,EXECLINE,4,Gasoline,56817.0,2025/10/20,Ontario,46300
2012,Volkswagen,Tiguan,HIGHLINE,4,Gasoline,148729.0,2025/10/20,Ontario,4500
2021,Volkswagen,ID.4,PRO,0,Electric,56276.0,2025/10/20,Quebec,25000
2015,Volkswagen,Golf GTI,PERFORMANCE,4,Gasoline,208898.0,2025/10/20,Ontario,4500
2023,Volkswagen,Golf GTI,S,4,Gasoline,69961.0,2025/10/20,Ontario,29600
2022,Volkswagen,Tiguan,COMFORTLINE,4,Gasoline,75784.0,2025/10/19,Ontario,22000
2022,Volkswagen,Tiguan,HIGHLINE,4,Gasoline,92482.0,2025/10/18,Ontario,24500
2017,Volkswagen,Golf,S,4,Gasoline,115031.0,2025/10/18,Ontario,7100
2018,Volkswagen,Tiguan,TRENDLINE,4,Gasoline,213622.0,2025/10/18,Ontario,3700
2017,Volkswagen,Touareg,EXECLINE,6,Gasoline,110873.0,2025/10/18,Ontario,16400
2019,Volkswagen,Tiguan,TRENDLINE,4,Gasoline,123801.0,2025/10/18,British Columbia,14300
2022,Volkswagen,Taos,COMFORTLINE,4,Gasoline,34271.0,2025/10/18,Quebec,24500
2015,Volkswagen,Golf GTI,GT,4,Gasoline,201395.0,2025/10/18,Ontario,6000
2017,Volkswagen,Golf R,HIGHLINE,4,Gasoline,163201.0,2025/10/18,British Columbia,14200
2016,Volkswagen,Golf GTI,GT,4,Gasoline,128189.0,2025/10/17,Quebec,12100
2021,Volkswagen,Tiguan,UNITED,4,Gasoline,58904.0,2025/10/17,Quebec,20000
2017,Volkswagen,Tiguan,HIGHLINE,4,Gasoline,105149.0,2025/10/17,Ontario,14400
2017,Volkswagen,Tiguan,HIGHLINE,4,Gasoline,73233.0,2025/10/17,British Columbia,14800
2024,Volkswagen,Golf GTI,GT,4,Gasoline,42127.0,2025/10/17,Ontario,28500
2022,Volkswagen,Tiguan,HIGHLINE,4,Gasoline,73649.0,2025/10/17,Quebec,27500
2022,Volkswagen,Tiguan,COMFORTLINE,4,Gasoline,89807.0,2025/10/17,Quebec,23500
2009,Volkswagen,Passat CC,HIGHLINE,4,Gasoline,142577.0,2025/10/17,British Columbia,3700
2013,Volkswagen,CC,SPORTLINE,4,Gasoline,114191.0,2025/10/17,Alberta,4500
2011,Volkswagen,Jetta Sedan,S,5,Gasoline,130592.0,2025/10/17,Ontario,3900
2018,Volkswagen,Tiguan,HIGHLINE,4,Gasoline,103192.0,2025/10/17,Quebec,18000
2022,Volkswagen,Atlas,EXECLINE,6,Gasoline,69011.0,2025/10/17,Quebec,34400
2020,Volkswagen,Tiguan,COMFORTLINE,4,Gasoline,79473.0,2025/10/17,Quebec,19000
2024,Volkswagen,Atlas,EXECLINE,4,Gasoline,29826.0,2025/10/17,Ontario,48000
2022,Volkswagen,Atlas Cross Sport,HIGHLINE,6,Gasoline,103912.0,2025/10/17,Quebec,29500
2019,Volkswagen,Golf GTI,GT,4,Gasoline,81366.0,2025/10/16,Ontario,20500
2016,Volkswagen,Golf R,HIGHLINE,4,Gasoline,105018.0,2025/10/16,Ontario,20500
2021,Volkswagen,Atlas,HIGHLINE,6,Gasoline,61162.0,2025/10/16,British Columbia,34000
2020,Volkswagen,Tiguan,HIGHLINE,4,Gasoline,83174.0,2025/10/16,British Columbia,23400
2024,Volkswagen,Jetta,HIGHLINE,4,Gasoline,27133.0,2025/10/16,Ontario,27000
2011,Volkswagen,Jetta Sedan,COMFORTLINE,4,Gasoline,96474.0,2025/10/16,Ontario,3300
2014,Volkswagen,Passat,TRENDLINE,4,Diesel,134567.0,2025/10/16,British Columbia,5300
2022,Volkswagen,Jetta GLI,S,4,Gasoline,73253.0,2025/10/16,Quebec,22100
2021,Volkswagen,Tiguan,HIGHLINE,4,Gasoline,118683.0,2025/10/16,Ontario,16000
2021,Volkswagen,Tiguan,HIGHLINE,4,Gasoline,89995.0,2025/10/16,Ontario,20600
2023,Volkswagen,Taos,TRENDLINE,4,Gasoline,62057.0,2025/10/16,Quebec,22600
2019,Volkswagen,Golf GTI,GT,4,Gasoline,76145.0,2025/10/16,Quebec,20600
2018,Volkswagen,Tiguan,COMFORTLINE,4,Gasoline,197818.0,2025/10/16,Ontario,8100
2015,Volkswagen,Jetta Sedan,TRENDLINE,4,Gasoline,139765.0,2025/10/16,Quebec,5200
2017,Volkswagen,Jetta Sedan,TRENDLINE,4,Gasoline,147495.0,2025/10/16,Ontario,7400
2023,Volkswagen,Golf GTI,S,4,Gasoline,28225.0,2025/10/16,Ontario,32200
2014,Volkswagen,Jetta Sedan,COMFORTLINE,4,Gasoline,172031.0,2025/10/16,Ontario,4100
2022,Volkswagen,Tiguan,HIGHLINE,4,Gasoline,101184.0,2025/10/16,Ontario,23000
2021,Volkswagen,Tiguan,HIGHLINE,4,Gasoline,80442.0,2025/10/16,Quebec,20500
2022,Volkswagen,Tiguan,COMFORTLINE,4,Gasoline,64406.0,2025/10/16,Quebec,26000
2022,Volkswagen,Atlas,EXECLINE,6,Gasoline,154093.0,2025/10/15,Quebec,23700
2023,Volkswagen,Tiguan,COMFORTLINE,4,Gasoline,65151.0,2025/10/15,Ontario,28100
2022,Volkswagen,Tiguan,COMFORTLINE,4,Gasoline,70846.0,2025/10/15,Quebec,22900
2019,Volkswagen,Atlas,EXECLINE,6,Gasoline,95161.0,2025/10/15,Quebec,25100
2022,Volkswagen,Taos,TRENDLINE,4,Gasoline,59617.0,2025/10/15,Ontario,19600
2021,Volkswagen,Tiguan,HIGHLINE,4,Gasoline,69437.0,2025/10/15,Ontario,23500
2021,Volkswagen,Atlas Cross Sport,COMFORTLINE,6,Gasoline,59600.0,2025/10/15,Ontario,27300
2021,Volkswagen,Tiguan,HIGHLINE,4,Gasoline,50977.0,2025/10/15,Ontario,25000
2019,Volkswagen,Tiguan,TRENDLINE,4,Gasoline,159603.0,2025/10/15,British Columbia,8300
2022,Volkswagen,Tiguan,COMFORTLINE,4,Gasoline,72009.0,2025/10/15,Quebec,20700
2016,Volkswagen,Golf R,HIGHLINE,4,Gasoline,145127.0,2025/10/15,Ontario,15500
2019,Volkswagen,Golf,HIGHLINE,4,Gasoline,132167.0,2025/10/15,Ontario,13000
2022,Volkswagen,Taos,TRENDLINE,4,Gasoline,64519.0,2025/10/15,Quebec,20100
2017,Volkswagen,Golf,S,4,Gasoline,130468.0,2025/10/15,Quebec,7600
2018,Volkswagen,Tiguan,TRENDLINE,4,Gasoline,185291.0,2025/10/15,Quebec,8100
2020,Volkswagen,Jetta,COMFORTLINE,4,Gasoline,90137.0,2025/10/15,Quebec,16100
2013,Volkswagen,Tiguan,HIGHLINE,4,Gasoline,104031.0,2025/10/15,Ontario,3400
2021,Volkswagen,Tiguan,HIGHLINE,4,Gasoline,87556.0,2025/10/15,Quebec,23400
2021,Volkswagen,Atlas,EXECLINE,6,Gasoline,55368.0,2025/10/15,Quebec,34600
2019,Volkswagen,Jetta,HIGHLINE,4,Gasoline,104013.0,2025/10/15,Quebec,14100
2017,Volkswagen,Touareg,SPORTLINE,6,Gasoline,184851.0,2025/10/15,Quebec,7100
2022,Volkswagen,Tiguan,COMFORTLINE,4,Gasoline,79129.0,2025/10/15,Newfoundland and Labrador,22000
2023,Volkswagen,Tiguan,COMFORTLINE,4,Gasoline,66864.0,2025/10/15,Quebec,25000
2016,Volkswagen,Jetta Sedan,TRENDLINE,4,Gasoline,169057.0,2025/10/15,Ontario,6300
2021,Volkswagen,Atlas,EXECLINE,6,Gasoline,94842.0,2025/10/14,British Columbia,30100
2021,Volkswagen,Atlas,HIGHLINE,6,Gasoline,139941.0,2025/10/14,Ontario,23500
2015,Volkswagen,Golf,S,4,Gasoline,192572.0,2025/10/14,Ontario,5000
2022,Volkswagen,Taos,HIGHLINE,4,Gasoline,64324.0,2025/10/14,Ontario,24000
2019,Volkswagen,Golf,HIGHLINE,4,Gasoline,87281.0,2025/10/14,Ontario,13000
2021,Volkswagen,Atlas,COMFORTLINE,6,Gasoline,28348.0,2025/10/14,Ontario,30700
2020,Volkswagen,Tiguan,HIGHLINE,4,Gasoline,79842.0,2025/10/14,Ontario,20000
2019,Volkswagen,Golf R,S,4,Gasoline,119785.0,2025/10/14,Quebec,24700
2024,Volkswagen,Atlas,EXECLINE,4,Gasoline,46855.0,2025/10/14,Ontario,46800
2024,Volkswagen,Atlas,HIGHLINE,4,Gasoline,67397.0,2025/10/14,Ontario,41500
2015,Volkswagen,Tiguan,HIGHLINE,4,Gasoline,179364.0,2025/10/14,Ontario,5500
2022,Volkswagen,Tiguan,HIGHLINE,4,Gasoline,92297.0,2025/10/14,Ontario,27000
2018,Volkswagen,Golf GTI,GT,4,Gasoline,223357.0,2025/10/14,Quebec,5900
2019,Volkswagen,Golf SportWagen,S,4,Gasoline,164462.0,2025/10/14,British Columbia,8800
2019,Volkswagen,Jetta,HIGHLINE,4,Gasoline,181057.0,2025/10/14,Alberta,10000
2024,Volkswagen,Atlas Cross Sport,EXECLINE,4,Gasoline,60685.0,2025/10/14,Alberta,46000
2015,Volkswagen,Jetta Sedan,HIGHLINE,4,Gasoline,164042.0,2025/10/14,Ontario,5000
2022,Volkswagen,Tiguan,HIGHLINE,4,Gasoline,82296.0,2025/10/14,Ontario,25200
2017,Volkswagen,Tiguan,WOLFSBURG,4,Gasoline,107898.0,2025/10/14,Quebec,11500
2018,Volkswagen,Atlas,HIGHLINE,6,Gasoline,71747.0,2025/10/14,Ontario,22100
2016,Volkswagen,Jetta Sedan,S,4,Gasoline,179938.0,2025/10/14,Ontario,6600
2016,Volkswagen,Jetta Sedan,S,4,Gasoline,194601.0,2025/10/14,Ontario,3800
2017,Volkswagen,Beetle Coupe,HIGHLINE,4,Gasoline,133276.0,2025/10/14,Quebec,11500
2024,Volkswagen,Atlas,HIGHLINE,4,Gasoline,68296.0,2025/10/14,Ontario,41000
2022,Volkswagen,Tiguan,HIGHLINE,4,Gasoline,82582.0,2025/10/14,Quebec,27600
2022,Volkswagen,Tiguan,COMFORTLINE,4,Gasoline,53100.0,2025/10/14,Ontario,26000
2010,Volkswagen,Tiguan,HIGHLINE,4,Gasoline,88468.0,2025/10/14,Ontario,4600
2021,Volkswagen,Tiguan,HIGHLINE,4,Gasoline,75688.0,2025/10/14,Quebec,21000
2014,Volkswagen,Jetta Sedan,TRENDLINE,4,Gasoline,82035.0,2025/10/14,Ontario,7300
2012,Volkswagen,Jetta Sedan,S,5,Gasoline,136421.0,2025/10/14,Ontario,3500
2016,Volkswagen,Golf Sportwagon,S,4,Gasoline,216952.0,2025/10/14,Quebec,4100
2015,Volkswagen,Tiguan,HIGHLINE,4,Gasoline,94271.0,2025/10/12,British Columbia,8200
2018,Volkswagen,Atlas,HIGHLINE,6,Gasoline,115342.0,2025/10/12,Ontario,20500
2015,Volkswagen,Golf Sportwagon,S,4,Gasoline,160349.0,2025/10/11,Ontario,7800
2022,Volkswagen,Atlas,HIGHLINE,6,Gasoline,82888.0,2025/10/11,Ontario,33600
2018,Volkswagen,Tiguan,COMFORTLINE,4,Gasoline,223745.0,2025/10/11,Ontario,6900
2016,Volkswagen,Jetta Sedan,S,4,Gasoline,130033.0,2025/10/11,Ontario,7900
2015,Volkswagen,Golf Sportwagon,S,4,Gasoline,192569.0,2025/10/11,British Columbia,5800
2013,Volkswagen,Tiguan,HIGHLINE,4,Gasoline,136213.0,2025/10/11,British Columbia,7700
2024,Volkswagen,Golf R,S,4,Gasoline,25196.0,2025/10/11,Quebec,43500
2022,Volkswagen,Jetta GLI,S,4,Gasoline,44214.0,2025/10/11,Quebec,26000
2012,Volkswagen,Tiguan,HIGHLINE,4,Gasoline,65454.0,2025/10/11,Ontario,8400
2012,Volkswagen,Routan,HIGHLINE,6,Flex,193274.0,2025/10/10,British Columbia,3900
2011,Volkswagen,Jetta Sedan,COMFORTLINE,4,Gasoline,100644.0,2025/10/10,Ontario,3700
2021,Volkswagen,Tiguan,HIGHLINE,4,Gasoline,169109.0,2025/10/10,Ontario,9400
2019,Volkswagen,Golf GTI,GT,4,Gasoline,185394.0,2025/10/10,Ontario,12000
2014,Volkswagen,Jetta Sedan,GL,4,Gasoline,145632.0,2025/10/10,British Columbia,9400
2017,Volkswagen,Jetta Sedan,S,4,Gasoline,158570.0,2025/10/10,Ontario,5300
2021,Volkswagen,Atlas,EXECLINE,6,Gasoline,135000.0,2025/10/10,Quebec,25600
2021,Volkswagen,Tiguan,HIGHLINE,4,Gasoline,89995.0,2025/10/10,Quebec,18500
2014,Volkswagen,Golf Wagon,TRENDLINE,4,Diesel,179801.0,2025/10/10,Ontario,3000
2012,Volkswagen,Beetle,HIGHLINE,4,Gasoline,68372.0,2025/10/10,Quebec,7200
2018,Volkswagen,Tiguan,TRENDLINE,4,Gasoline,174601.0,2025/10/10,Nova Scotia,8000
2021,Volkswagen,Atlas,EXECLINE,6,Gasoline,81718.0,2025/10/10,Quebec,33200
2021,Volkswagen,Atlas,EXECLINE,6,Gasoline,119106.0,2025/10/10,Quebec,27400
2022,Volkswagen,Jetta,TRENDLINE,4,Gasoline,82569.0,2025/10/10,British Columbia,19400
2021,Volkswagen,Tiguan,HIGHLINE,4,Gasoline,55283.0,2025/10/09,Ontario,21800
2013,Volkswagen,Tiguan,HIGHLINE,4,Gasoline,190960.0,2025/10/09,British Columbia,4100
2024,Volkswagen,Atlas Cross Sport,HIGHLINE,4,Gasoline,59230.0,2025/10/09,Alberta,43000
2023,Volkswagen,Taos,HIGHLINE,4,Gasoline,59564.0,2025/10/09,Quebec,28000
2019,Volkswagen,Tiguan,COMFORTLINE,4,Gasoline,110778.0,2025/10/09,Ontario,15700
2014,Volkswagen,Touareg,HIGHLINE,6,Gasoline,38349.0,2025/10/09,British Columbia,17100
2023,Volkswagen,Atlas,EXECLINE,6,Gasoline,85675.0,2025/10/09,Quebec,37500
2018,Volkswagen,Tiguan,TRENDLINE,4,Gasoline,217334.0,2025/10/09,Ontario,5100
2021,Volkswagen,Tiguan,HIGHLINE,4,Gasoline,92300.0,2025/10/09,Ontario,22800
2023,Volkswagen,Tiguan,HIGHLINE,4,Gasoline,45900.0,2025/10/09,Ontario,29200
2012,Volkswagen,Jetta Sedan,S,5,Gasoline,109594.0,2025/10/09,Ontario,3600
2021,Volkswagen,Tiguan,HIGHLINE,4,Gasoline,72062.0,2025/10/09,Quebec,20000
2019,Volkswagen,Jetta,COMFORTLINE,4,Gasoline,60892.0,2025/10/09,Ontario,10800
2019,Volkswagen,Atlas,EXECLINE,6,Gasoline,151411.0,2025/10/09,Ontario,22000
2018,Volkswagen,Tiguan,COMFORTLINE,4,Gasoline,216858.0,2025/10/09,Quebec,6800
2016,Volkswagen,Jetta Sedan,TRENDLINE,4,Gasoline,150484.0,2025/10/09,Ontario,4600
2017,Volkswagen,Tiguan,COMFORTLINE,4,Gasoline,63533.0,2025/10/08,Quebec,14000
2014,Volkswagen,Golf Wagon,S,4,Diesel,183787.0,2025/10/08,British Columbia,5200
2011,Volkswagen,Tiguan,HIGHLINE,4,Gasoline,156566.0,2025/10/08,British Columbia,4000
2024,Volkswagen,Atlas Cross Sport,HIGHLINE,4,Gasoline,45784.0,2025/10/08,British Columbia,42500
2023,Volkswagen,Golf R,S,4,Gasoline,28647.0,2025/10/08,Ontario,41000
2021,Volkswagen,Atlas Cross Sport,HIGHLINE,4,Gasoline,94753.0,2025/10/08,British Columbia,25500
2014,Volkswagen,Jetta Sedan,TRENDLINE,4,Gasoline,160992.0,2025/10/08,Saskatchewan,3600
2018,Volkswagen,Tiguan,TRENDLINE,4,Gasoline,107291.0,2025/10/08,Quebec,11700
2018,Volkswagen,Tiguan,TRENDLINE,4,Gasoline,108386.0,2025/10/08,Newfoundland and Labrador,11800
2019,Volkswagen,Tiguan,TRENDLINE,4,Gasoline,162097.0,2025/10/08,Newfoundland and Labrador,9900
2021,Volkswagen,Golf,COMFORTLINE,4,Gasoline,65287.0,2025/10/07,Quebec,18600
2021,Volkswagen,Tiguan,HIGHLINE,4,Gasoline,82669.0,2025/10/07,Saskatchewan,19800
2018,Volkswagen,Atlas,HIGHLINE,6,Gasoline,135438.0,2025/10/07,Ontario,19300
2022,Volkswagen,Tiguan,HIGHLINE,4,Gasoline,76797.0,2025/10/07,Ontario,27200
2015,Volkswagen,Passat,COMFORTLINE,4,Gasoline,149172.0,2025/10/07,Manitoba,4000
2023,Volkswagen,Atlas,HIGHLINE,6,Gasoline,97173.0,2025/10/07,Ontario,34900
2022,Volkswagen,Taos,HIGHLINE,4,Gasoline,49031.0,2025/10/07,Quebec,24600
2024,Volkswagen,Golf R,HIGHLINE,4,Gasoline,32713.0,2025/10/07,Ontario,38400
2018,Volkswagen,Golf R,HIGHLINE,4,Gasoline,98165.0,2025/10/07,Ontario,24200
2024,Volkswagen,ID.4,PRO,0,Electric,96592.0,2025/10/07,Quebec,25200
2021,Volkswagen,Tiguan,HIGHLINE,4,Gasoline,52850.0,2025/10/07,Ontario,22200
2004,Volkswagen,Touareg,HIGHLINE,8,Gasoline,114838.0,2025/10/07,British Columbia,4600
2021,Volkswagen,Jetta,EXECLINE,4,Gasoline,81183.0,2025/10/07,Ontario,17800
2022,Volkswagen,Taos,HIGHLINE,4,Gasoline,75077.0,2025/10/07,Ontario,23000
2023,Volkswagen,Tiguan,COMFORTLINE,4,Gasoline,94122.0,2025/10/07,Ontario,27400
2024,Volkswagen,Taos,COMFORTLINE,4,Gasoline,51170.0,2025/10/07,Ontario,25000
2024,Volkswagen,Tiguan,HIGHLINE,4,Gasoline,50212.0,2025/10/07,Ontario,35700
2015,Volkswagen,Golf GTI,GT,4,Gasoline,119039.0,2025/10/07,Quebec,13800
2015,Volkswagen,Beetle Coupe,COMFORTLINE,4,Gasoline,194824.0,2025/10/07,Ontario,7200
2019,Volkswagen,Golf GTI,GT,4,Gasoline,134373.0,2025/10/07,Quebec,17500
2024,Volkswagen,Atlas Cross Sport,EXECLINE,4,Gasoline,63186.0,2025/10/06,Ontario,43000
2013,Volkswagen,Tiguan,HIGHLINE,4,Gasoline,150550.0,2025/10/06,Ontario,5000
2021,Volkswagen,Tiguan,HIGHLINE,4,Gasoline,97415.0,2025/10/06,Ontario,21900
2016,Volkswagen,Touareg,HIGHLINE,6,Diesel,152203.0,2025/10/06,Ontario,14000
2017,Volkswagen,Golf SportWagen,S,4,Gasoline,145286.0,2025/10/06,Ontario,13500
2013,Volkswagen,Golf,HIGHLINE,5,Gasoline,124947.0,2025/10/06,Quebec,4800
2015,Volkswagen,Jetta Sedan,S,4,Gasoline,148346.0,2025/10/06,Ontario,3400
2017,Volkswagen,Jetta Sedan,WOLFSBURG,4,Gasoline,154897.0,2025/10/06,Ontario,9500
2011,Volkswagen,Jetta Sedan,S,5,Gasoline,134375.0,2025/10/06,British Columbia,7300
2012,Volkswagen,Jetta Sedan,HIGHLINE,5,Gasoline,209201.0,2025/10/06,British Columbia,4000
2017,Volkswagen,Tiguan,COMFORTLINE,4,Gasoline,175100.0,2025/10/06,British Columbia,6800
2015,Volkswagen,Tiguan,COMFORTLINE,4,Gasoline,197278.0,2025/10/06,Ontario,3500
2022,Volkswagen,Golf GTI,GT,4,Gasoline,70996.0,2025/10/06,Ontario,29500
2022,Volkswagen,Taos,TRENDLINE,4,Gasoline,54766.0,2025/10/06,Quebec,20500
2016,Volkswagen,Tiguan,HIGHLINE,4,Gasoline,106768.0,2025/10/06,Ontario,9000
2017,Volkswagen,Passat,COMFORTLINE,4,Gasoline,124028.0,2025/10/06,Ontario,8500
2017,Volkswagen,Tiguan,HIGHLINE,4,Gasoline,85637.0,2025/10/06,Ontario,12000
2017,Volkswagen,Golf SportWagen,COMFORTLINE,4,Gasoline,176335.0,2025/10/06,Quebec,5700
2024,Volkswagen,Tiguan,HIGHLINE,4,Gasoline,50390.0,2025/10/06,Ontario,31000
2022,Volkswagen,Atlas,EXECLINE,6,Gasoline,66754.0,2025/10/06,British Columbia,39100
2016,Volkswagen,Golf Sportwagon,S,4,Gasoline,120485.0,2025/10/06,Ontario,8800
2021,Volkswagen,Jetta,HIGHLINE,4,Gasoline,143811.0,2025/10/06,Ontario,16000
2022,Volkswagen,Taos,COMFORTLINE,4,Gasoline,26511.0,2025/10/06,Ontario,24000
2017,Volkswagen,Golf,COMFORTLINE,4,Gasoline,123828.0,2025/10/06,Ontario,12100
2012,Volkswagen,Tiguan,HIGHLINE,4,Gasoline,125750.0,2025/10/06,Ontario,6200
2022,Volkswagen,Tiguan,COMFORTLINE,4,Gasoline,43659.0,2025/10/06,Quebec,25500
2016,Volkswagen,Golf,S,4,Gasoline,61526.0,2025/10/06,Ontario,13400
2022,Volkswagen,Tiguan,HIGHLINE,4,Gasoline,26880.0,2025/10/06,Ontario,31100
2022,Volkswagen,Taos,TRENDLINE,4,Gasoline,51925.0,2025/10/06,Ontario,20000
2022,Volkswagen,Tiguan,HIGHLINE,4,Gasoline,70227.0,2025/10/06,Ontario,26200
2013,Volkswagen,Tiguan,HIGHLINE,4,Gasoline,127664.0,2025/10/06,Quebec,3400
2022,Volkswagen,Taos,HIGHLINE,4,Gasoline,41375.0,2025/10/06,Ontario,25800
2017,Volkswagen,Golf,S,4,Gasoline,199683.0,2025/10/06,Ontario,4500
2021,Volkswagen,Jetta,GL,4,Gasoline,96494.0,2025/10/06,Ontario,23900
2011,Volkswagen,Tiguan,HIGHLINE,4,Gasoline,174112.0,2025/10/06,Ontario,3200
2018,Volkswagen,Tiguan,COMFORTLINE,4,Gasoline,97716.0,2025/10/06,Ontario,11400
2019,Volkswagen,Tiguan,HIGHLINE,4,Gasoline,107554.0,2025/10/06,Ontario,17500
2023,Volkswagen,Jetta GLI,S,4,Gasoline,95171.0,2025/10/06,Ontario,23500
2021,Volkswagen,Tiguan,HIGHLINE,4,Gasoline,61152.0,2025/10/04,Ontario,22000
2022,Volkswagen,Tiguan,COMFORTLINE,4,Gasoline,111639.0,2025/10/04,Ontario,20900
2024,Volkswagen,Jetta,COMFORTLINE,4,Gasoline,124364.0,2025/10/04,Ontario,14400
2019,Volkswagen,Jetta,EXECLINE,4,Gasoline,104300.0,2025/10/04,Ontario,14600
2017,Volkswagen,Golf SportWagen,S,4,Gasoline,157821.0,2025/10/04,Quebec,6600
2017,Volkswagen,Tiguan,WOLFSBURG,4,Gasoline,152307.0,2025/10/04,British Columbia,9500
2015,Volkswagen,Golf GTI,GT,4,Gasoline,208280.0,2025/10/04,British Columbia,6900
2019,Volkswagen,Jetta,EXECLINE,4,Gasoline,175126.0,2025/10/04,Ontario,11600
2019,Volkswagen,Beetle Convertible,WOLFSBURG,4,Gasoline,69457.0,2025/10/04,Ontario,18900
2012,Volkswagen,Golf Wagon,HIGHLINE,5,Gasoline,159100.0,2025/10/04,Ontario,3800
2021,Volkswagen,Tiguan,UNITED,4,Gasoline,107082.0,2025/10/04,Ontario,17000
2022,Volkswagen,Golf R,HIGHLINE,4,Gasoline,28462.0,2025/10/03,Ontario,37700
2019,Volkswagen,Jetta,HIGHLINE,4,Gasoline,58052.0,2025/10/03,Ontario,15100
2020,Volkswagen,Jetta,HIGHLINE,4,Gasoline,81204.0,2025/10/03,Quebec,16000
2024,Volkswagen,Golf R,S,4,Gasoline,44987.0,2025/10/03,Ontario,42000
2017,Volkswagen,Passat,TRENDLINE,4,Gasoline,119059.0,2025/10/03,Ontario,9600
2017,Volkswagen,Golf,COMFORTLINE,4,Gasoline,142176.0,2025/10/03,Ontario,7600
2022,Volkswagen,Tiguan,COMFORTLINE,4,Gasoline,78367.0,2025/10/03,Quebec,23500
2018,Volkswagen,Tiguan,COMFORTLINE,4,Gasoline,169249.0,2025/10/03,Ontario,10100
2019,Volkswagen,Jetta,COMFORTLINE,4,Gasoline,98754.0,2025/10/03,Quebec,12600
2014,Volkswagen,Tiguan,HIGHLINE,4,Gasoline,116114.0,2025/10/03,British Columbia,7900
2018,Volkswagen,Tiguan,HIGHLINE,4,Gasoline,129506.0,2025/10/02,Ontario,15100
1999,Volkswagen,EuroVan,GL,6,Gasoline,130484.0,2025/10/02,Ontario,4400
2021,Volkswagen,Tiguan,HIGHLINE,4,Gasoline,141000.0,2025/10/02,Ontario,18200
2019,Volkswagen,Jetta,EXECLINE,4,Gasoline,81190.0,2025/10/02,Manitoba,16700
2019,Volkswagen,Jetta,HIGHLINE,4,Gasoline,63061.0,2025/10/02,Ontario,19000
2021,Volkswagen,Tiguan,HIGHLINE,4,Gasoline,78219.0,2025/10/02,Ontario,22400
2020,Volkswagen,Tiguan,HIGHLINE,4,Gasoline,67342.0,2025/10/02,Newfoundland and Labrador,21000
2024,Volkswagen,Atlas,EXECLINE,4,Gasoline,41278.0,2025/10/02,Ontario,49400
2022,Volkswagen,Golf R,HIGHLINE,4,Gasoline,63530.0,2025/10/02,Quebec,37900
2022,Volkswagen,Taos,COMFORTLINE,4,Gasoline,71419.0,2025/10/02,Quebec,20300
2018,Volkswagen,Atlas,TRENDLINE,6,Gasoline,175843.0,2025/10/02,Ontario,13000
2010,Volkswagen,Golf,HIGHLINE,5,Gasoline,181515.0,2025/10/02,Quebec,3100
2024,Volkswagen,Jetta GLI,GL,4,Gasoline,46151.0,2025/10/02,Ontario,29000
2015,Volkswagen,Golf GTI,GT,4,Gasoline,192567.0,2025/10/02,Ontario,4000
2022,Volkswagen,Passat,LIMITED EDITION,4,Gasoline,153130.0,2025/10/02,Ontario,14600
2016,Volkswagen,Passat,COMFORTLINE,4,Gasoline,128826.0,2025/10/01,British Columbia,9000
2017,Volkswagen,Passat,COMFORTLINE,4,Gasoline,183685.0,2025/10/01,Ontario,6800
2015,Volkswagen,Jetta Sedan,HIGHLINE,4,Gasoline,140069.0,2025/10/01,Ontario,8500
2008,Volkswagen,City Golf,HIGHLINE,4,Gasoline,126465.0,2025/10/01,British Columbia,3400
2021,Volkswagen,Jetta,HIGHLINE,4,Gasoline,29830.0,2025/10/01,Ontario,22300
2021,Volkswagen,Tiguan,HIGHLINE,4,Gasoline,103781.0,2025/10/01,Quebec,18300
2020,Volkswagen,Jetta,EXECLINE,4,Gasoline,142554.0,2025/10/01,Ontario,15100
2019,Volkswagen,Jetta,COMFORTLINE,4,Gasoline,67451.0,2025/10/01,Ontario,12000
2017,Volkswagen,Golf SportWagen,S,4,Gasoline,123511.0,2025/10/01,Quebec,11600
2020,Volkswagen,Atlas Cross Sport,COMFORTLINE,4,Gasoline,162244.0,2025/10/01,Quebec,16200
2017,Volkswagen,Tiguan,WOLFSBURG,4,Gasoline,104650.0,2025/10/01,Newfoundland and Labrador,8400
2018,Volkswagen,Tiguan,HIGHLINE,4,Gasoline,96354.0,2025/10/01,Ontario,14600
2013,Volkswagen,Tiguan,HIGHLINE,4,Gasoline,96801.0,2025/10/01,Quebec,7600
2018,Volkswagen,Golf R,HIGHLINE,4,Gasoline,120035.0,2025/10/01,Ontario,19200
2024,Volkswagen,Atlas,EXECLINE,4,Gasoline,35076.0,2025/10/01,Quebec,47500
2024,Volkswagen,Taos,COMFORTLINE,4,Gasoline,26549.0,2025/10/01,Ontario,26000
2009,Volkswagen,Rabbit,HIGHLINE,5,Gasoline,178709.0,2025/09/30,British Columbia,4400
2022,Volkswagen,Atlas,EXECLINE,6,Gasoline,52671.0,2025/09/30,Alberta,40800
2024,Volkswagen,Golf R,S,4,Gasoline,71792.0,2025/09/30,Ontario,39300
2024,Volkswagen,Tiguan,COMFORTLINE,4,Gasoline,74632.0,2025/09/30,Ontario,26400
2021,Volkswagen,Jetta,HIGHLINE,4,Gasoline,189496.0,2025/09/30,Ontario,10000
2014,Volkswagen,Tiguan,HIGHLINE,4,Gasoline,116089.0,2025/09/30,British Columbia,7100
2019,Volkswagen,Tiguan,TRENDLINE,4,Gasoline,188858.0,2025/09/30,Ontario,9000
2019,Volkswagen,Tiguan,HIGHLINE,4,Gasoline,117380.0,2025/09/30,Quebec,17000
2018,Volkswagen,Tiguan,TRENDLINE,4,Gasoline,81697.0,2025/09/30,Quebec,15700
2024,Volkswagen,Atlas,HIGHLINE,4,Gasoline,27390.0,2025/09/30,Quebec,42000
2012,Volkswagen,Passat CC,SPORTLINE,4,Gasoline,136166.0,2025/09/30,Alberta,3900
2024,Volkswagen,Atlas,EXECLINE,4,Gasoline,66053.0,2025/09/30,Ontario,46500
2015,Volkswagen,Jetta Sedan,TRENDLINE,4,Gasoline,99416.0,2025/09/30,Quebec,7500
2019,Volkswagen,Tiguan,TRENDLINE,4,Gasoline,80304.0,2025/09/30,Quebec,17000
2014,Volkswagen,Jetta Sedan,S,4,Gasoline,109418.0,2025/09/30,Quebec,3300
2021,Volkswagen,Tiguan,UNITED,4,Gasoline,99064.0,2025/09/30,Quebec,19800
2019,Volkswagen,Beetle,WOLFSBURG,4,Gasoline,99618.0,2025/09/30,Ontario,20500
2016,Volkswagen,Tiguan,HIGHLINE,4,Gasoline,200175.0,2025/09/30,Ontario,7000
2018,Volkswagen,Passat,COMFORTLINE,4,Gasoline,187774.0,2025/09/29,Ontario,8000
2023,Volkswagen,Atlas,EXECLINE,6,Gasoline,29900.0,2025/09/29,Ontario,45100
2022,Volkswagen,Taos,HIGHLINE,4,Gasoline,82531.0,2025/09/29,Quebec,21000
2017,Volkswagen,Golf,TRENDLINE,4,Gasoline,71918.0,2025/09/29,Quebec,9000
2021,Volkswagen,Jetta,HIGHLINE,4,Gasoline,125799.0,2025/09/29,Ontario,16000
2019,Volkswagen,Jetta,GL,4,Gasoline,104875.0,2025/09/29,British Columbia,18000
2024,Volkswagen,Tiguan,COMFORTLINE,4,Gasoline,40600.0,2025/09/29,Alberta,31300
2015,Volkswagen,Jetta Sedan,S,4,Gasoline,138739.0,2025/09/29,Ontario,7900
2014,Volkswagen,Jetta Sedan,TRENDLINE,4,Gasoline,142396.0,2025/09/29,Alberta,6800
2015,Volkswagen,Jetta Sedan,S,4,Gasoline,146520.0,2025/09/29,Alberta,7400
2017,Volkswagen,Golf,S,4,Gasoline,217838.0,2025/09/29,Ontario,3400
2017,Volkswagen,Tiguan,COMFORTLINE,4,Gasoline,132799.0,2025/09/29,Quebec,8000
2019,Volkswagen,Jetta,EXECLINE,4,Gasoline,129625.0,2025/09/29,British Columbia,15800
2017,Volkswagen,Passat,COMFORTLINE,4,Gasoline,129205.0,2025/09/29,Quebec,9500
2015,Volkswagen,Tiguan,HIGHLINE,4,Gasoline,207332.0,2025/09/29,Nova Scotia,4000
2021,Volkswagen,Tiguan,HIGHLINE,4,Gasoline,37000.0,2025/09/29,Ontario,23500
2024,Volkswagen,Tiguan,COMFORTLINE,4,Gasoline,52439.0,2025/09/29,Ontario,32900
2015,Volkswagen,Jetta Sedan,S,4,Gasoline,129853.0,2025/09/29,Alberta,7400
2022,Volkswagen,Tiguan,COMFORTLINE,4,Gasoline,72369.0,2025/09/29,Ontario,23000
2015,Volkswagen,CC,SPORTLINE,4,Gasoline,189875.0,2025/09/29,Alberta,6300
2010,Volkswagen,New Beetle Convertible,COMFORTLINE,5,Gasoline,109500.0,2025/09/29,Ontario,6100
2016,Volkswagen,Golf,S,4,Gasoline,144481.0,2025/09/29,Quebec,4600
2018,Volkswagen,Golf SportWagen,S,4,Gasoline,167820.0,2025/09/29,Ontario,11100
2017,Volkswagen,Tiguan,WOLFSBURG,4,Gasoline,143248.0,2025/09/29,Ontario,8800
2023,Volkswagen,Golf GTI,S,4,Gasoline,53178.0,2025/09/29,Ontario,28400
2018,Volkswagen,Tiguan,COMFORTLINE,4,Gasoline,199297.0,2025/09/29,Ontario,8000
2015,Volkswagen,Touareg,HIGHLINE,6,Gasoline,224839.0,2025/09/29,Nova Scotia,6100
2015,Volkswagen,Jetta Sedan,S,4,Gasoline,144993.0,2025/09/29,Quebec,3100
2020,Volkswagen,Tiguan,HIGHLINE,4,Gasoline,56374.0,2025/09/29,Ontario,24000
2018,Volkswagen,Tiguan,COMFORTLINE,4,Gasoline,152039.0,2025/09/29,Quebec,12500
2017,Volkswagen,Tiguan,COMFORTLINE,4,Gasoline,45097.0,2025/09/29,Quebec,16400
2017,Volkswagen,Golf SportWagen,COMFORTLINE,4,Gasoline,140363.0,2025/09/29,Quebec,10800
2022,Volkswagen,Taos,TRENDLINE,4,Gasoline,52810.0,2025/09/29,Quebec,20900
2018,Volkswagen,Tiguan,COMFORTLINE,4,Gasoline,130722.0,2025/09/29,Quebec,14600
2016,Volkswagen,Touareg,HIGHLINE,6,Gasoline,190759.0,2025/09/29,Ontario,7300
2020,Volkswagen,Tiguan,HIGHLINE,4,Gasoline,84255.0,2025/09/29,Ontario,19800
2018,Volkswagen,Atlas,HIGHLINE,6,Gasoline,77573.0,2025/09/29,Ontario,26700
2014,Volkswagen,Tiguan,HIGHLINE,4,Gasoline,128984.0,2025/09/29,Ontario,7700
2014,Volkswagen,Tiguan,HIGHLINE,4,Gasoline,151434.0,2025/09/27,Ontario,6900
2024,Volkswagen,Jetta,COMFORTLINE,4,Gasoline,28066.0,2025/09/27,Ontario,25500
2024,Volkswagen,Tiguan,HIGHLINE,4,Gasoline,31904.0,2025/09/26,Ontario,36200
2022,Volkswagen,Tiguan,COMFORTLINE,4,Gasoline,50118.0,2025/09/26,Quebec,26700
2017,Volkswagen,Tiguan,COMFORTLINE,4,Gasoline,113668.0,2025/09/26,Quebec,13400
2019,Volkswagen,Golf R,S,4,Gasoline,93765.0,2025/09/26,Ontario,27500
2017,Volkswagen,Jetta Sedan,TRENDLINE,4,Gasoline,185924.0,2025/09/26,Ontario,4000
2015,Volkswagen,Golf,S,4,Gasoline,188934.0,2025/09/26,British Columbia,7000
2018,Volkswagen,Golf,HIGHLINE,4,Gasoline,169181.0,2025/09/26,Ontario,9200
2015,Volkswagen,Golf,S,4,Gasoline,177587.0,2025/09/26,Ontario,5700
2021,Volkswagen,Tiguan,HIGHLINE,4,Gasoline,81566.0,2025/09/26,Quebec,21400
2015,Volkswagen,Jetta Sedan,S,4,Gasoline,169562.0,2025/09/26,Quebec,4800
2020,Volkswagen,Jetta,GL,4,Gasoline,73185.0,2025/09/26,Ontario,21500
2014,Volkswagen,CC,SPORTLINE,4,Gasoline,125672.0,2025/09/26,Ontario,4600
2015,Volkswagen,Tiguan,HIGHLINE,4,Gasoline,163123.0,2025/09/26,Quebec,6400
2018,Volkswagen,Tiguan,HIGHLINE,4,Gasoline,119421.0,2025/09/25,Ontario,13100
2016,Volkswagen,Tiguan,HIGHLINE,4,Gasoline,201841.0,2025/09/25,Quebec,3200
2017,Volkswagen,Tiguan,HIGHLINE,4,Gasoline,207507.0,2025/09/25,Ontario,6800
2013,Volkswagen,Golf,HIGHLINE,5,Gasoline,152094.0,2025/09/25,Quebec,3900
2017,Volkswagen,Jetta Sedan,WOLFSBURG,4,Gasoline,91428.0,2025/09/25,Nova Scotia,10500
2013,Volkswagen,Golf,HIGHLINE,5,Gasoline,131665.0,2025/09/25,Ontario,6000
2020,Volkswagen,Tiguan,TRENDLINE,4,Gasoline,93981.0,2025/09/25,Quebec,18100
2018,Volkswagen,Golf SportWagen,S,4,Gasoline,87325.0,2025/09/25,Quebec,13200
2022,Volkswagen,Tiguan,COMFORTLINE,4,Gasoline,54156.0,2025/09/25,Quebec,27000
2018,Volkswagen,Tiguan,COMFORTLINE,4,Gasoline,165209.0,2025/09/25,Quebec,11500
2022,Volkswagen,Atlas Cross Sport,TRENDLINE,4,Gasoline,80704.0,2025/09/25,Ontario,25100
2019,Volkswagen,Tiguan,HIGHLINE,4,Gasoline,132171.0,2025/09/25,British Columbia,17700
2022,Volkswagen,Taos,COMFORTLINE,4,Gasoline,28945.0,2025/09/25,Quebec,24100
2023,Volkswagen,Jetta GLI,S,4,Gasoline,41702.0,2025/09/25,Nova Scotia,28200
2021,Volkswagen,Golf,HIGHLINE,4,Gasoline,77020.0,2025/09/25,Ontario,18100
2024,Volkswagen,Tiguan,COMFORTLINE,4,Gasoline,50508.0,2025/09/25,Quebec,25500
2020,Volkswagen,Jetta,HIGHLINE,4,Gasoline,82297.0,2025/09/25,Ontario,10000
2015,Volkswagen,Golf,S,4,Gasoline,140740.0,2025/09/25,Quebec,5900
2016,Volkswagen,Tiguan,HIGHLINE,4,Gasoline,103015.0,2025/09/25,Ontario,11600
2019,Volkswagen,Jetta,COMFORTLINE,4,Gasoline,42499.0,2025/09/25,Quebec,15900
2022,Volkswagen,Tiguan,COMFORTLINE,4,Gasoline,100657.0,2025/09/25,Ontario,21100
2013,Volkswagen,Passat,COMFORTLINE,4,Diesel,192935.0,2025/09/25,Ontario,3100
2015,Volkswagen,Golf GTI,S,4,Gasoline,167223.0,2025/09/24,British Columbia,8700
2007,Volkswagen,GTI,GT,4,Gasoline,157209.0,2025/09/24,British Columbia,6600
2015,Volkswagen,Passat,TRENDLINE,4,Gasoline,164468.0,2025/09/24,Ontario,6000
2019,Volkswagen,Golf,COMFORTLINE,4,Gasoline,120673.0,2025/09/24,Ontario,14200
2023,Volkswagen,Tiguan,COMFORTLINE,4,Gasoline,72052.0,2025/09/24,Ontario,28000
2023,Volkswagen,Jetta,COMFORTLINE,4,Gasoline,42073.0,2025/09/24,Quebec,24000
2012,Volkswagen,Golf Wagon,HIGHLINE,5,Gasoline,219391.0,2025/09/24,Ontario,4200
2020,Volkswagen,Tiguan,HIGHLINE,4,Gasoline,119104.0,2025/09/24,Ontario,19000
2022,Volkswagen,Tiguan,HIGHLINE,4,Gasoline,83423.0,2025/09/24,Alberta,27800
2018,Volkswagen,Golf GTI,S,4,Gasoline,67852.0,2025/09/24,Ontario,20000
2012,Volkswagen,Beetle,HIGHLINE,4,Gasoline,110264.0,2025/09/24,Ontario,7400
2024,Volkswagen,Golf R,S,4,Gasoline,25808.0,2025/09/24,Ontario,42100
2020,Volkswagen,Tiguan,HIGHLINE,4,Gasoline,60169.0,2025/09/24,Ontario,21100
2019,Volkswagen,Jetta,HIGHLINE,4,Gasoline,97190.0,2025/09/24,Quebec,14200
2022,Volkswagen,Atlas Cross Sport,HIGHLINE,6,Gasoline,73171.0,2025/09/23,Quebec,32200
2024,Volkswagen,Tiguan,HIGHLINE,4,Gasoline,26481.0,2025/09/23,Quebec,37300
2019,Volkswagen,Golf GTI,GT,4,Gasoline,65163.0,2025/09/23,Ontario,21500
2018,Volkswagen,Golf,TRENDLINE,4,Gasoline,79392.0,2025/09/23,Quebec,12800
2023,Volkswagen,Taos,TRENDLINE,4,Gasoline,73853.0,2025/09/23,Quebec,20300
2018,Volkswagen,Golf GTI,S,4,Gasoline,118491.0,2025/09/23,Quebec,19800
2022,Volkswagen,Taos,COMFORTLINE,4,Gasoline,55072.0,2025/09/23,Quebec,23400
2021,Volkswagen,Tiguan,HIGHLINE,4,Gasoline,69336.0,2025/09/23,Quebec,22800
2019,Volkswagen,Jetta,HIGHLINE,4,Gasoline,113039.0,2025/09/23,Ontario,16200
2024,Volkswagen,Tiguan,HIGHLINE,4,Gasoline,59247.0,2025/09/23,Ontario,32200
2018,Volkswagen,Tiguan,TRENDLINE,4,Gasoline,192970.0,2025/09/23,Ontario,9800
2020,Volkswagen,Tiguan,TRENDLINE,4,Gasoline,46898.0,2025/09/23,Quebec,19500
2016,Volkswagen,Golf,COMFORTLINE,4,Gasoline,168106.0,2025/09/23,Ontario,3600
2018,Volkswagen,Tiguan,HIGHLINE,4,Gasoline,181776.0,2025/09/23,Quebec,10800
2020,Volkswagen,Tiguan,COMFORTLINE,4,Gasoline,137922.0,2025/09/23,Quebec,17000
2024,Volkswagen,Atlas Cross Sport,HIGHLINE,4,Gasoline,50589.0,2025/09/23,Ontario,42000
2014,Volkswagen,Tiguan,HIGHLINE,4,Gasoline,163616.0,2025/09/23,Nova Scotia,3700
2021,Volkswagen,Atlas,EXECLINE,6,Gasoline,105777.0,2025/09/22,Alberta,29000
2022,Volkswagen,Atlas,HIGHLINE,6,Gasoline,96262.0,2025/09/22,Ontario,31900
2016,Volkswagen,Tiguan,HIGHLINE,4,Gasoline,160941.0,2025/09/22,Ontario,5300
2023,Volkswagen,Jetta,HIGHLINE,4,Gasoline,52405.0,2025/09/22,Ontario,22000
2023,Volkswagen,Atlas,EXECLINE,6,Gasoline,75739.0,2025/09/22,Ontario,40000
2016,Volkswagen,Golf GTI,GT,4,Gasoline,146218.0,2025/09/22,Quebec,6900
2022,Volkswagen,Tiguan,HIGHLINE,4,Gasoline,103506.0,2025/09/22,Ontario,25400
2023,Volkswagen,Tiguan,COMFORTLINE,4,Gasoline,54387.0,2025/09/22,Ontario,31300
2014,Volkswagen,Jetta Sedan,S,4,Diesel,211362.0,2025/09/22,Ontario,5300
2022,Volkswagen,Tiguan,COMFORTLINE,4,Gasoline,63958.0,2025/09/22,Quebec,27300
2024,Volkswagen,Jetta,COMFORTLINE,4,Gasoline,36245.0,2025/09/22,Ontario,25400
2019,Volkswagen,Golf,HIGHLINE,4,Gasoline,35766.0,2025/09/22,Quebec,16900
2017,Volkswagen,Tiguan,WOLFSBURG,4,Gasoline,168070.0,2025/09/22,Quebec,8000
2023,Volkswagen,Tiguan,HIGHLINE,4,Gasoline,35444.0,2025/09/22,Quebec,35000
2019,Volkswagen,Tiguan,TRENDLINE,4,Gasoline,138658.0,2025/09/22,Ontario,14400
2022,Volkswagen,Taos,TRENDLINE,4,Gasoline,39900.0,2025/09/22,Quebec,21800
2021,Volkswagen,Tiguan,HIGHLINE,4,Gasoline,170054.0,2025/09/22,Ontario,11100
2016,Volkswagen,Jetta Sedan,TRENDLINE,4,Gasoline,153841.0,2025/09/22,Ontario,8300
2021,Volkswagen,Tiguan,TRENDLINE,4,Gasoline,66195.0,2025/09/22,Ontario,19100
2015,Volkswagen,Passat,TRENDLINE,4,Gasoline,164808.0,2025/09/22,Ontario,3000
2024,Volkswagen,Taos,COMFORTLINE,4,Gasoline,33825.0,2025/09/22,Ontario,26100
2016,Volkswagen,Golf R,HIGHLINE,4,Gasoline,88129.0,2025/09/22,Ontario,22300
2024,Volkswagen,Atlas Cross Sport,EXECLINE,4,Gasoline,25267.0,2025/09/22,Quebec,48100
2023,Volkswagen,Tiguan,HIGHLINE,4,Gasoline,52738.0,2025/09/22,Ontario,33500
2022,Volkswagen,Jetta,TRENDLINE,4,Gasoline,58709.0,2025/09/22,Quebec,20000
2021,Volkswagen,Jetta,COMFORTLINE,4,Gasoline,58941.0,2025/09/22,Quebec,18400
2020,Volkswagen,Atlas Cross Sport,COMFORTLINE,4,Gasoline,99938.0,2025/09/22,Quebec,23200
2021,Volkswagen,Tiguan,COMFORTLINE,4,Gasoline,118016.0,2025/09/22,Quebec,18500
2022,Volkswagen,Tiguan,COMFORTLINE,4,Gasoline,34246.0,2025/09/22,Quebec,30600
2018,Volkswagen,Tiguan,HIGHLINE,4,Gasoline,80911.0,2025/09/22,Ontario,18400
2021,Volkswagen,Golf,HIGHLINE,4,Gasoline,181759.0,2025/09/20,Ontario,9000
2013,Volkswagen,Touareg,HIGHLINE,6,Diesel,119606.0,2025/09/20,British Columbia,12600
2018,Volkswagen,Tiguan,HIGHLINE,4,Gasoline,154392.0,2025/09/20,Saskatchewan,15500
2015,Volkswagen,Jetta Sedan,S,4,Gasoline,143964.0,2025/09/20,Ontario,5100
2012,Volkswagen,Golf,S,4,Diesel,139840.0,2025/09/20,British Columbia,7500
2020,Volkswagen,Tiguan,HIGHLINE,4,Gasoline,96324.0,2025/09/20,Ontario,17000
2024,Volkswagen,Golf R,S,4,Gasoline,55433.0,2025/09/20,Quebec,40100
2012,Volkswagen,Golf,HIGHLINE,5,Gasoline,127363.0,2025/09/20,Ontario,4500
2017,Volkswagen,Tiguan,HIGHLINE,4,Gasoline,112488.0,2025/09/19,British Columbia,13500
2024,Volkswagen,Atlas,EXECLINE,4,Gasoline,48099.0,2025/09/19,Ontario,47100
2018,Volkswagen,Golf GTI,GT,4,Gasoline,182562.0,2025/09/19,Quebec,9500
2023,Volkswagen,ID.4,PRO,0,Electric,43399.0,2025/09/19,Quebec,30600
2021,Volkswagen,Atlas,HIGHLINE,4,Gasoline,79161.0,2025/09/19,Ontario,29300
2023,Volkswagen,Tiguan,COMFORTLINE,4,Gasoline,51821.0,2025/09/19,Ontario,29700
2017,Volkswagen,Golf,S,4,Gasoline,154649.0,2025/09/19,Ontario,6000
2018,Volkswagen,Golf SportWagen,S,4,Gasoline,160082.0,2025/09/19,Quebec,10700
2024,Volkswagen,Golf R,HIGHLINE,4,Gasoline,31920.0,2025/09/19,Ontario,43500
2018,Volkswagen,Golf Alltrack,S,4,Gasoline,104028.0,2025/09/19,Quebec,15900
2013,Volkswagen,Tiguan,HIGHLINE,4,Gasoline,189449.0,2025/09/19,Quebec,3600
2016,Volkswagen,Jetta Sedan,S,4,Gasoline,195800.0,2025/09/19,Ontario,5000
2022,Volkswagen,Tiguan,HIGHLINE,4,Gasoline,47221.0,2025/09/18,Ontario,32000
2024,Volkswagen,Tiguan,COMFORTLINE,4,Gasoline,38775.0,2025/09/18,Ontario,34500
2018,Volkswagen,Golf GTI,S,4,Gasoline,121873.0,2025/09/18,Ontario,21100
2023,Volkswagen,Taos,COMFORTLINE,4,Gasoline,50500.0,2025/09/18,Ontario,22800
2018,Volkswagen,Tiguan,HIGHLINE,4,Gasoline,143240.0,2025/09/18,Ontario,16500
2021,Volkswagen,Golf,COMFORTLINE,4,Gasoline,47654.0,2025/09/18,Quebec,21100
2018,Volkswagen,Passat,TRENDLINE,4,Gasoline,150263.0,2025/09/18,Ontario,3700
2017,Volkswagen,Jetta Sedan,HIGHLINE,4,Gasoline,127400.0,2025/09/18,Quebec,11200
2022,Volkswagen,Atlas Cross Sport,EXECLINE,6,Gasoline,60658.0,2025/09/18,Ontario,34500
2021,Volkswagen,Atlas,COMFORTLINE,6,Gasoline,111060.0,2025/09/18,British Columbia,27300
2024,Volkswagen,Atlas,PEAK EDITION,4,Gasoline,25078.0,2025/09/18,Ontario,46500
2020,Volkswagen,Passat,EXECLINE,4,Gasoline,71000.0,2025/09/18,British Columbia,19500
2021,Volkswagen,Jetta,HIGHLINE,4,Gasoline,115843.0,2025/09/18,Ontario,17700
2020,Volkswagen,Tiguan,TRENDLINE,4,Gasoline,120533.0,2025/09/18,Ontario,16500
2024,Volkswagen,Tiguan,COMFORTLINE,4,Gasoline,71600.0,2025/09/18,Ontario,27000
2016,Volkswagen,Tiguan,HIGHLINE,4,Gasoline,158072.0,2025/09/18,Ontario,3500
2023,Volkswagen,Tiguan,COMFORTLINE,4,Gasoline,64566.0,2025/09/18,Quebec,28700
2013,Volkswagen,Tiguan,HIGHLINE,4,Gasoline,156345.0,2025/09/18,Ontario,3000
2022,Volkswagen,Atlas,EXECLINE,6,Gasoline,66101.0,2025/09/18,Ontario,36900
2012,Volkswagen,Beetle,HIGHLINE,5,Gasoline,171633.0,2025/09/18,Ontario,4500
2015,Volkswagen,Jetta Sedan,S,4,Gasoline,205052.0,2025/09/17,Ontario,3600
2015,Volkswagen,Tiguan,HIGHLINE,4,Gasoline,131293.0,2025/09/17,Quebec,9100
2019,Volkswagen,Golf SportWagen,HIGHLINE,4,Gasoline,82450.0,2025/09/17,Ontario,18500
2014,Volkswagen,Tiguan,COMFORTLINE,4,Gasoline,100722.0,2025/09/17,Ontario,7500
2024,Volkswagen,Taos,COMFORTLINE,4,Gasoline,58877.0,2025/09/17,Ontario,22200
2021,Volkswagen,Jetta,HIGHLINE,4,Gasoline,112008.0,2025/09/17,Ontario,18000
2018,Volkswagen,Tiguan,HIGHLINE,4,Gasoline,178092.0,2025/09/17,Quebec,11700
2015,Volkswagen,Tiguan,HIGHLINE,4,Gasoline,137699.0,2025/09/17,British Columbia,7700
2012,Volkswagen,Tiguan,HIGHLINE,4,Gasoline,195740.0,2025/09/17,Ontario,3500
2022,Volkswagen,Tiguan,HIGHLINE,4,Gasoline,83904.0,2025/09/17,Quebec,25200
2022,Volkswagen,Tiguan,TRENDLINE,4,Gasoline,40537.0,2025/09/17,Ontario,24000
2020,Volkswagen,Tiguan,HIGHLINE,4,Gasoline,84668.0,2025/09/17,Ontario,21000
2021,Volkswagen,Atlas,HIGHLINE,4,Gasoline,139063.0,2025/09/17,Newfoundland and Labrador,21600
2019,Volkswagen,Atlas,COMFORTLINE,4,Gasoline,90891.0,2025/09/17,Ontario,22200
2018,Volkswagen,Golf,HIGHLINE,4,Gasoline,97128.0,2025/09/17,Quebec,13300
2014,Volkswagen,Passat,HIGHLINE,4,Diesel,188839.0,2025/09/17,Quebec,4400
2018,Volkswagen,Tiguan,COMFORTLINE,4,Gasoline,126150.0,2025/09/17,Newfoundland and Labrador,12200
2019,Volkswagen,Tiguan,HIGHLINE,4,Gasoline,164423.0,2025/09/16,Ontario,11100
2021,Volkswagen,Tiguan,HIGHLINE,4,Gasoline,118368.0,2025/09/16,Ontario,19900
2019,Volkswagen,Golf,HIGHLINE,4,Gasoline,139488.0,2025/09/16,Ontario,8900
2012,Volkswagen,Golf,HIGHLINE,5,Gasoline,213191.0,2025/09/16,Ontario,4400
2018,Volkswagen,Tiguan,HIGHLINE,4,Gasoline,224947.0,2025/09/16,Ontario,9600
2018,Volkswagen,Tiguan,COMFORTLINE,4,Gasoline,139401.0,2025/09/16,Ontario,14400
2024,Volkswagen,Golf GTI,GT,4,Gasoline,33241.0,2025/09/16,Ontario,33000
2022,Volkswagen,Taos,TRENDLINE,4,Gasoline,26650.0,2025/09/16,Quebec,22500
2022,Volkswagen,Taos,HIGHLINE,4,Gasoline,41338.0,2025/09/16,Quebec,25700
2018,Volkswagen,Passat,HIGHLINE,4,Gasoline,43854.0,2025/09/16,Ontario,18000
2019,Volkswagen,Jetta,HIGHLINE,4,Gasoline,116606.0,2025/09/16,Quebec,15500
2022,Volkswagen,Passat,LIMITED EDITION,4,Gasoline,70600.0,2025/09/16,British Columbia,21500
2017,Volkswagen,Jetta Sedan,WOLFSBURG,4,Gasoline,185588.0,2025/09/16,Quebec,4600
2019,Volkswagen,Jetta,COMFORTLINE,4,Gasoline,88569.0,2025/09/16,Ontario,6000
2022,Volkswagen,Atlas Cross Sport,HIGHLINE,6,Gasoline,99236.0,2025/09/16,Ontario,29500
2017,Volkswagen,Jetta Sedan,GL,4,Gasoline,119400.0,2025/09/16,Quebec,12800
2015,Volkswagen,Tiguan,HIGHLINE,4,Gasoline,131548.0,2025/09/16,Ontario,7300
2020,Volkswagen,Tiguan,HIGHLINE,4,Gasoline,191385.0,2025/09/16,New Brunswick,12800
2021,Volkswagen,Atlas,EXECLINE,6,Gasoline,92997.0,2025/09/16,Quebec,26800
1993,Volkswagen,Corrado,S,6,Gasoline,73520.0,2025/09/16,Ontario,32100
2014,Volkswagen,Passat,TRENDLINE,4,Diesel,188599.0,2025/09/16,Ontario,5600
2024,Volkswagen,Taos,TRENDLINE,4,Gasoline,42530.0,2025/09/16,Manitoba,26000
2021,Volkswagen,Jetta,HIGHLINE,4,Gasoline,95400.0,2025/09/15,Ontario,18000
2021,Volkswagen,Tiguan,COMFORTLINE,4,Gasoline,80285.0,2025/09/15,Ontario,22000
2014,Volkswagen,Tiguan,TRENDLINE,4,Gasoline,103522.0,2025/09/15,Ontario,9000
2022,Volkswagen,Taos,COMFORTLINE,4,Gasoline,87930.0,2025/09/15,Quebec,20800
2023,Volkswagen,Atlas,EXECLINE,6,Gasoline,56850.0,2025/09/15,Ontario,43000
2022,Volkswagen,Taos,COMFORTLINE,4,Gasoline,107143.0,2025/09/15,Quebec,21000
2017,Volkswagen,Beetle Coupe,S,4,Gasoline,122577.0,2025/09/15,New Brunswick,13500
2018,Volkswagen,Tiguan,HIGHLINE,4,Gasoline,107028.0,2025/09/15,Ontario,14700
2021,Volkswagen,Atlas,HIGHLINE,6,Gasoline,91402.0,2025/09/15,Quebec,29300
2021,Volkswagen,Atlas Cross Sport,EXECLINE,4,Gasoline,130508.0,2025/09/15,Quebec,26000
2016,Volkswagen,Tiguan,HIGHLINE,4,Gasoline,126920.0,2025/09/15,Alberta,10500
2023,Volkswagen,Tiguan,HIGHLINE,4,Gasoline,88570.0,2025/09/15,Ontario,29500
2009,Volkswagen,Tiguan,TRENDLINE,4,Gasoline,145286.0,2025/09/15,Alberta,5000
2024,Volkswagen,Tiguan,COMFORTLINE,4,Gasoline,39972.0,2025/09/15,Ontario,31300
2019,Volkswagen,Tiguan,HIGHLINE,4,Gasoline,118908.0,2025/09/15,Ontario,18500
2015,Volkswagen,Golf Sportwagon,S,4,Diesel,167998.0,2025/09/15,Ontario,15000
2024,Volkswagen,Taos,HIGHLINE,4,Gasoline,49000.0,2025/09/15,Alberta,30500
2020,Volkswagen,Passat,COMFORTLINE,4,Gasoline,174392.0,2025/09/15,Ontario,7600
2022,Volkswagen,Tiguan,COMFORTLINE,4,Gasoline,104132.0,2025/09/15,Quebec,22600
2009,Volkswagen,Tiguan,HIGHLINE,4,Gasoline,97332.0,2025/09/15,Ontario,4200
2015,Volkswagen,Golf,S,4,Gasoline,155477.0,2025/09/15,Ontario,4200
2023,Volkswagen,Tiguan,COMFORTLINE,4,Gasoline,27923.0,2025/09/15,Ontario,33700
2020,Volkswagen,Tiguan,HIGHLINE,4,Gasoline,81304.0,2025/09/15,Quebec,19300
2022,Volkswagen,Tiguan,COMFORTLINE,4,Gasoline,33632.0,2025/09/15,Quebec,27500
2024,Volkswagen,Taos,COMFORTLINE,4,Gasoline,61956.0,2025/09/15,Ontario,24100
2023,Volkswagen,Tiguan,COMFORTLINE,4,Gasoline,47371.0,2025/09/14,Ontario,27800
2018,Volkswagen,Golf GTI,S,4,Gasoline,187645.0,2025/09/13,Ontario,11100
2014,Volkswagen,Jetta Sedan,S,4,Diesel,187544.0,2025/09/13,British Columbia,5100
2021,Volkswagen,Atlas Cross Sport,EXECLINE,6,Gasoline,123344.0,2025/09/13,Ontario,26600
2017,Volkswagen,Golf GTI,GT,4,Gasoline,192822.0,2025/09/13,Ontario,6300
2015,Volkswagen,Golf,S,4,Gasoline,220846.0,2025/09/12,British Columbia,3900
2012,Volkswagen,Golf Wagon,HIGHLINE,5,Gasoline,173062.0,2025/09/12,British Columbia,3600
2018,Volkswagen,Golf SportWagen,S,4,Gasoline,82344.0,2025/09/12,Ontario,15000
2023,Volkswagen,Golf R,S,4,Gasoline,36200.0,2025/09/12,Ontario,42000
2021,Volkswagen,Atlas,EXECLINE,6,Gasoline,87790.0,2025/09/12,Quebec,34700
2004,Volkswagen,Touareg,HIGHLINE,8,Gasoline,123908.0,2025/09/12,British Columbia,4000
2019,Volkswagen,Golf GTI,GT,4,Gasoline,128095.0,2025/09/12,Quebec,20100
2014,Volkswagen,Jetta Sedan,COMFORTLINE,4,Gasoline,166145.0,2025/09/12,Quebec,3800
2018,Volkswagen,Tiguan,TRENDLINE,4,Gasoline,108721.0,2025/09/12,Quebec,14500
2023,Volkswagen,Jetta,COMFORTLINE,4,Gasoline,31134.0,2025/09/12,Quebec,24500
2018,Volkswagen,Atlas,HIGHLINE,6,Gasoline,199690.0,2025/09/12,Ontario,10000
2019,Volkswagen,Jetta,EXECLINE,4,Gasoline,102411.0,2025/09/12,Quebec,16700
2021,Volkswagen,Atlas,HIGHLINE,4,Gasoline,90327.0,2025/09/12,Quebec,28400
2016,Volkswagen,Tiguan,HIGHLINE,4,Gasoline,176352.0,2025/09/12,Ontario,4500
2018,Volkswagen,Tiguan,COMFORTLINE,4,Gasoline,91255.0,2025/09/12,Ontario,14200
2021,Volkswagen,Tiguan,HIGHLINE,4,Gasoline,50700.0,2025/09/12,Ontario,25800
2024,Volkswagen,Golf R,S,4,Gasoline,27620.0,2025/09/11,British Columbia,44200
2023,Volkswagen,ID.4,PRO,0,Electric,31328.0,2025/09/11,Quebec,29500
2016,Volkswagen,Golf GTI,GT,4,Gasoline,202359.0,2025/09/11,Ontario,6600
2019,Volkswagen,Tiguan,HIGHLINE,4,Gasoline,131000.0,2025/09/11,Ontario,18600
2018,Volkswagen,Tiguan,HIGHLINE,4,Gasoline,76600.0,2025/09/11,Ontario,20400
2013,Volkswagen,Jetta Sedan,S,5,Gasoline,168388.0,2025/09/11,Ontario,3300
2015,Volkswagen,Golf,S,4,Gasoline,71198.0,2025/09/11,Ontario,8500
2024,Volkswagen,Tiguan,COMFORTLINE,4,Gasoline,29067.0,2025/09/11,Ontario,34200
2013,Volkswagen,Golf Wagon,HIGHLINE,4,Diesel,176068.0,2025/09/11,Ontario,3900
2023,Volkswagen,ID.4,PRO,0,Electric,31755.0,2025/09/11,Quebec,32800
2024,Volkswagen,Tiguan,COMFORTLINE,4,Gasoline,38227.0,2025/09/11,Ontario,34200
2015,Volkswagen,Jetta Sedan,S,4,Gasoline,164490.0,2025/09/11,Quebec,5600
2022,Volkswagen,Golf GTI,PERFORMANCE,4,Gasoline,74426.0,2025/09/11,Quebec,28300
2015,Volkswagen,Golf,S,4,Gasoline,153753.0,2025/09/11,Quebec,3800
2016,Volkswagen,Golf,S,4,Gasoline,167228.0,2025/09/10,Ontario,3500
2019,Volkswagen,Golf GTI,GT,4,Gasoline,83302.0,2025/09/10,Ontario,18500
2015,Volkswagen,Golf Sportwagon,S,4,Diesel,116869.0,2025/09/10,Ontario,13000
2018,Volkswagen,Tiguan,TRENDLINE,4,Gasoline,172934.0,2025/09/10,Quebec,8800
2015,Volkswagen,Golf GTI,GT,4,Gasoline,170426.0,2025/09/10,Quebec,7400
2024,Volkswagen,Taos,COMFORTLINE,4,Gasoline,62542.0,2025/09/10,Ontario,25200
2023,Volkswagen,Jetta,TRENDLINE,4,Gasoline,44296.0,2025/09/10,Quebec,19000
2018,Volkswagen,Atlas,EXECLINE,6,Gasoline,121667.0,2025/09/10,Quebec,22100
2022,Volkswagen,Tiguan,COMFORTLINE,4,Gasoline,77214.0,2025/09/10,Quebec,27000
2012,Volkswagen,Golf,HIGHLINE,5,Gasoline,194495.0,2025/09/10,Quebec,3500
2018,Volkswagen,Golf SportWagen,HIGHLINE,4,Gasoline,72289.0,2025/09/10,Quebec,18000
2022,Volkswagen,Atlas Cross Sport,EXECLINE,6,Gasoline,72100.0,2025/09/10,Ontario,34000
2023,Volkswagen,Atlas Cross Sport,EXECLINE,6,Gasoline,84224.0,2025/09/10,Quebec,36500
2021,Volkswagen,Atlas Cross Sport,EXECLINE,6,Gasoline,114904.0,2025/09/10,Quebec,27500
2017,Volkswagen,Passat,COMFORTLINE,4,Gasoline,209971.0,2025/09/10,Ontario,5500
2021,Volkswagen,Tiguan,TRENDLINE,4,Gasoline,182116.0,2025/09/10,Newfoundland and Labrador,8900
2015,Volkswagen,Golf,HIGHLINE,4,Diesel,137521.0,2025/09/10,Quebec,6000
2018,Volkswagen,Golf,COMFORTLINE,4,Gasoline,131100.0,2025/09/10,Ontario,14000
2021,Volkswagen,Tiguan,COMFORTLINE,4,Gasoline,139445.0,2025/09/10,Newfoundland and Labrador,14300
2018,Volkswagen,Atlas,COMFORTLINE,4,Gasoline,177815.0,2025/09/09,British Columbia,10500
2023,Volkswagen,Atlas,EXECLINE,6,Gasoline,64113.0,2025/09/09,Ontario,40200
2024,Volkswagen,Taos,HIGHLINE,4,Gasoline,40084.0,2025/09/09,Ontario,29000
2013,Volkswagen,Golf GTI,S,4,Gasoline,118372.0,2025/09/09,Ontario,5000
2015,Volkswagen,Touareg,HIGHLINE,6,Diesel,182453.0,2025/09/09,Ontario,12200
2022,Volkswagen,Taos,TRENDLINE,4,Gasoline,63554.0,2025/09/09,British Columbia,22000
2015,Volkswagen,Golf Sportwagon,S,4,Diesel,176806.0,2025/09/09,Ontario,9900
2022,Volkswagen,Taos,COMFORTLINE,4,Gasoline,67799.0,2025/09/09,Ontario,23000
2017,Volkswagen,Tiguan,HIGHLINE,4,Gasoline,142002.0,2025/09/09,Quebec,10600
2022,Volkswagen,Golf GTI,PERFORMANCE,4,Gasoline,33352.0,2025/09/09,British Columbia,32400
2009,Volkswagen,Tiguan,COMFORTLINE,4,Gasoline,133294.0,2025/09/09,British Columbia,4800
2012,Volkswagen,Passat,COMFORTLINE,4,Diesel,127624.0,2025/09/09,Ontario,6300
2018,Volkswagen,Tiguan,COMFORTLINE,4,Gasoline,138613.0,2025/09/09,Ontario,15100
2020,Volkswagen,Tiguan,HIGHLINE,4,Gasoline,95028.0,2025/09/09,Ontario,17800
2015,Volkswagen,Golf GTI,GT,4,Gasoline,165174.0,2025/09/09,Ontario,8600
2023,Volkswagen,Tiguan,COMFORTLINE,4,Gasoline,27300.0,2025/09/09,Quebec,33600
2022,Volkswagen,Tiguan,COMFORTLINE,4,Gasoline,85745.0,2025/09/09,Quebec,25600
2022,Volkswagen,Tiguan,HIGHLINE,4,Gasoline,33219.0,2025/09/09,Quebec,33100
2022,Volkswagen,Tiguan,COMFORTLINE,4,Gasoline,43820.0,2025/09/09,Ontario,27400
2024,Volkswagen,Taos,COMFORTLINE,4,Gasoline,59095.0,2025/09/08,Ontario,24000
2024,Volkswagen,Taos,COMFORTLINE,4,Gasoline,60554.0,2025/09/08,Ontario,24000
2023,Volkswagen,Tiguan,COMFORTLINE,4,Gasoline,76650.0,2025/09/08,Ontario,25000
2013,Volkswagen,Jetta Sedan,COMFORTLINE,4,Gasoline,201480.0,2025/09/08,Ontario,3000
2013,Volkswagen,Golf GTI,S,4,Gasoline,222578.0,2025/09/08,Ontario,3800
2024,Volkswagen,Atlas,HIGHLINE,4,Gasoline,75870.0,2025/09/08,Ontario,44800
2016,Volkswagen,Golf,S,4,Gasoline,119130.0,2025/09/08,Quebec,8800
2014,Volkswagen,Passat,COMFORTLINE,4,Gasoline,133232.0,2025/09/08,British Columbia,8000
2015,Volkswagen,Golf,S,4,Gasoline,166501.0,2025/09/08,Quebec,4500
2021,Volkswagen,Jetta,HIGHLINE,4,Gasoline,41270.0,2025/09/08,Ontario,21500
2021,Volkswagen,Tiguan,HIGHLINE,4,Gasoline,59283.0,2025/09/08,British Columbia,24500
2018,Volkswagen,Tiguan,HIGHLINE,4,Gasoline,124539.0,2025/09/08,Quebec,14500
2016,Volkswagen,Touareg,HIGHLINE,6,Gasoline,142436.0,2025/09/08,British Columbia,12600
2019,Volkswagen,Atlas,HIGHLINE,6,Gasoline,113776.0,2025/09/08,British Columbia,26200
2022,Volkswagen,Tiguan,COMFORTLINE,4,Gasoline,41618.0,2025/09/08,British Columbia,27400
2019,Volkswagen,Golf,EXECLINE,4,Gasoline,137090.0,2025/09/08,Quebec,13500
2024,Volkswagen,Jetta,HIGHLINE,4,Gasoline,29132.0,2025/09/08,Ontario,27500
2024,Volkswagen,Jetta GLI,S,4,Gasoline,58498.0,2025/09/08,Ontario,29000
2015,Volkswagen,Jetta Sedan,COMFORTLINE,4,Diesel,102629.0,2025/09/08,Ontario,9300
2017,Volkswagen,Golf,S,4,Gasoline,156230.0,2025/09/08,Ontario,11000
2012,Volkswagen,Jetta Sedan,HIGHLINE,5,Gasoline,119174.0,2025/09/08,Manitoba,4500
2020,Volkswagen,Atlas Cross Sport,COMFORTLINE,6,Gasoline,86999.0,2025/09/08,Ontario,25000
2023,Volkswagen,Tiguan,COMFORTLINE,4,Gasoline,40053.0,2025/09/08,Ontario,31700
2024,Volkswagen,Tiguan,HIGHLINE,4,Gasoline,50210.0,2025/09/08,Quebec,36500
2022,Volkswagen,Tiguan,COMFORTLINE,4,Gasoline,55695.0,2025/09/08,Ontario,27900
2018,Volkswagen,Atlas,HIGHLINE,6,Gasoline,144288.0,2025/09/08,Quebec,18800
2020,Volkswagen,Tiguan,COMFORTLINE,4,Gasoline,182326.0,2025/09/08,Nova Scotia,12100
2016,Volkswagen,Golf,TRENDLINE,4,Gasoline,85471.0,2025/09/08,Quebec,11400
2014,Volkswagen,Passat,COMFORTLINE,4,Diesel,137952.0,2025/09/08,Ontario,10200
2017,Volkswagen,Golf,S,4,Gasoline,85698.0,2025/09/08,Ontario,14200
2016,Volkswagen,Golf,S,4,Gasoline,109827.0,2025/09/08,Ontario,7100
2016,Volkswagen,Jetta Sedan,S,4,Gasoline,134853.0,2025/09/08,Ontario,5500
2021,Volkswagen,Atlas Cross Sport,HIGHLINE,4,Gasoline,88036.0,2025/09/08,Quebec,28000
2021,Volkswagen,Jetta,HIGHLINE,4,Gasoline,31876.0,2025/09/08,Ontario,18700
2021,Volkswagen,Tiguan,COMFORTLINE,4,Gasoline,66414.0,2025/09/08,Quebec,22500
2021,Volkswagen,Jetta,EXECLINE,4,Gasoline,87910.0,2025/09/08,Ontario,20300
2023,Volkswagen,Tiguan,COMFORTLINE,4,Gasoline,26574.0,2025/09/08,Ontario,33900
2017,Volkswagen,Jetta Sedan,WOLFSBURG,4,Gasoline,74957.0,2025/09/08,Ontario,13300
2017,Volkswagen,Golf Alltrack,HIGHLINE,4,Gasoline,95975.0,2025/09/08,Quebec,13900
2022,Volkswagen,Golf GTI,PERFORMANCE,4,Gasoline,38237.0,2025/09/08,Ontario,32000
2023,Volkswagen,Tiguan,HIGHLINE,4,Gasoline,51984.0,2025/09/08,Quebec,34200
2022,Volkswagen,Tiguan,HIGHLINE,4,Gasoline,78434.0,2025/09/08,Ontario,27800
2022,Volkswagen,Taos,TRENDLINE,4,Gasoline,83471.0,2025/09/08,Ontario,16500
2023,Volkswagen,Atlas,EXECLINE,6,Gasoline,47135.0,2025/09/08,Ontario,41500
2021,Volkswagen,Tiguan,TRENDLINE,4,Gasoline,74034.0,2025/09/08,Quebec,22900
2016,Volkswagen,Golf,S,4,Gasoline,189946.0,2025/09/06,Ontario,5300
2015,Volkswagen,Jetta Sedan,S,4,Gasoline,180351.0,2025/09/06,Ontario,5000
2014,Volkswagen,Tiguan,HIGHLINE,4,Gasoline,101026.0,2025/09/06,British Columbia,5400
2013,Volkswagen,Jetta Sedan,COMFORTLINE,4,Gasoline,80985.0,2025/09/06,Ontario,7000
2023,Volkswagen,Tiguan,COMFORTLINE,4,Gasoline,48142.0,2025/09/06,British Columbia,31300
2013,Volkswagen,Tiguan,HIGHLINE,4,Gasoline,119554.0,2025/09/06,Ontario,4400
2017,Volkswagen,Tiguan,COMFORTLINE,4,Gasoline,73901.0,2025/09/05,Alberta,16700
2018,Volkswagen,Tiguan,COMFORTLINE,4,Gasoline,100200.0,2025/09/05,Ontario,15000
2019,Volkswagen,Jetta,GL,4,Gasoline,102960.0,2025/09/05,Ontario,17800
2021,Volkswagen,Jetta,HIGHLINE,4,Gasoline,118284.0,2025/09/05,Ontario,17400
2020,Volkswagen,Tiguan,HIGHLINE,4,Gasoline,99603.0,2025/09/05,Ontario,21700
2022,Volkswagen,Atlas,HIGHLINE,6,Gasoline,51583.0,2025/09/05,Quebec,37900
2017,Volkswagen,Tiguan,WOLFSBURG,4,Gasoline,149173.0,2025/09/05,Ontario,9300
2012,Volkswagen,Golf,S,4,Diesel,147936.0,2025/09/05,Ontario,4800
2015,Volkswagen,Jetta Sedan,S,4,Gasoline,174349.0,2025/09/05,Ontario,4900
2019,Volkswagen,Jetta,HIGHLINE,4,Gasoline,138140.0,2025/09/05,Quebec,12600
2024,Volkswagen,Tiguan,HIGHLINE,4,Gasoline,57351.0,2025/09/05,Ontario,34000
2021,Volkswagen,Tiguan,HIGHLINE,4,Gasoline,56519.0,2025/09/05,Saskatchewan,27300
2018,Volkswagen,Golf SportWagen,S,4,Gasoline,119567.0,2025/09/05,Ontario,13800
2023,Volkswagen,ID.4,PRO,0,Electric,41290.0,2025/09/05,Ontario,31800
2015,Volkswagen,Jetta Sedan,S,4,Gasoline,161149.0,2025/09/04,Ontario,5800
2020,Volkswagen,Atlas Cross Sport,TRENDLINE,4,Gasoline,38500.0,2025/09/04,Ontario,26900
2014,Volkswagen,Passat,COMFORTLINE,4,Diesel,172778.0,2025/09/04,Ontario,5400
2015,Volkswagen,Tiguan,HIGHLINE,4,Gasoline,183191.0,2025/09/04,Manitoba,4800
2019,Volkswagen,Tiguan,COMFORTLINE,4,Gasoline,127550.0,2025/09/04,Ontario,14400
2015,Volkswagen,Jetta Sedan,COMFORTLINE,4,Diesel,141424.0,2025/09/04,Ontario,6700
2013,Volkswagen,Golf Wagon,S,4,Diesel,191058.0,2025/09/04,Ontario,3500
2021,Volkswagen,Atlas,EXECLINE,6,Gasoline,107535.0,2025/09/04,Quebec,30000
2021,Volkswagen,Tiguan,HIGHLINE,4,Gasoline,46033.0,2025/09/04,Quebec,23200
2012,Volkswagen,Jetta Sedan,S,4,Gasoline,179430.0,2025/09/04,Quebec,3000
2021,Volkswagen,Jetta,HIGHLINE,4,Gasoline,111808.0,2025/09/04,Quebec,16100
2021,Volkswagen,Jetta,COMFORTLINE,4,Gasoline,42064.0,2025/09/04,Quebec,16800
2013,Volkswagen,Jetta Sedan,S,4,Diesel,197087.0,2025/09/03,Ontario,3100
2017,Volkswagen,Passat,TRENDLINE,4,Gasoline,183108.0,2025/09/03,Alberta,7000
2016,Volkswagen,Golf Sportwagon,COMFORTLINE,4,Gasoline,166983.0,2025/09/03,Quebec,4000
2021,Volkswagen,Tiguan,UNITED,4,Gasoline,87394.0,2025/09/03,Quebec,19500
2013,Volkswagen,Golf,HIGHLINE,5,Gasoline,178399.0,2025/09/03,Ontario,5100
2022,Volkswagen,Tiguan,COMFORTLINE,4,Gasoline,172391.0,2025/09/03,Ontario,18100
2021,Volkswagen,Atlas,EXECLINE,6,Gasoline,68000.0,2025/09/03,Ontario,36200
2019,Volkswagen,Jetta,COMFORTLINE,4,Gasoline,134061.0,2025/09/03,Ontario,12900
2022,Volkswagen,Tiguan,HIGHLINE,4,Gasoline,67455.0,2025/09/03,Quebec,27900
2024,Volkswagen,Golf R,S,4,Gasoline,27182.0,2025/09/03,Quebec,41600
2024,Volkswagen,Golf R,S,4,Gasoline,34716.0,2025/09/03,Ontario,38000
2011,Volkswagen,Jetta Sedan,S,4,Gasoline,119965.0,2025/09/03,Ontario,4800
2015,Volkswagen,Touareg,HIGHLINE,6,Diesel,159590.0,2025/09/03,Ontario,12300
2014,Volkswagen,Passat,TRENDLINE,4,Gasoline,186445.0,2025/09/02,British Columbia,5400
2019,Volkswagen,Atlas,HIGHLINE,6,Gasoline,157890.0,2025/09/02,Ontario,18700
2021,Volkswagen,Atlas,COMFORTLINE,6,Gasoline,109317.0,2025/09/02,Ontario,25200
2019,Volkswagen,e-Golf,COMFORTLINE,0,Electric,95027.0,2025/09/02,Quebec,11000
2021,Volkswagen,Tiguan,HIGHLINE,4,Gasoline,57213.0,2025/09/02,British Columbia,25900
2022,Volkswagen,Tiguan,COMFORTLINE,4,Gasoline,54029.0,2025/09/02,Ontario,25000
2017,Volkswagen,Beetle Convertible,HIGHLINE,4,Gasoline,87360.0,2025/09/02,Ontario,20500
2021,Volkswagen,Atlas Cross Sport,COMFORTLINE,6,Gasoline,86864.0,2025/09/02,Ontario,25500
2022,Volkswagen,Atlas,EXECLINE,6,Gasoline,67724.0,2025/09/02,Ontario,37500
2013,Volkswagen,Tiguan,HIGHLINE,4,Gasoline,129772.0,2025/09/02,British Columbia,5300
2013,Volkswagen,Tiguan,HIGHLINE,4,Gasoline,81917.0,2025/09/02,British Columbia,5300
2018,Volkswagen,Atlas,COMFORTLINE,6,Gasoline,186666.0,2025/09/02,Ontario,12000
2014,Volkswagen,Tiguan,HIGHLINE,4,Gasoline,192454.0,2025/09/02,Quebec,3000
2016,Volkswagen,Jetta Sedan,S,4,Gasoline,182871.0,2025/09/02,Ontario,5900
2021,Volkswagen,Atlas Cross Sport,HIGHLINE,6,Gasoline,98470.0,2025/09/02,Quebec,25500
2016,Volkswagen,Golf Sportwagon,S,4,Gasoline,120142.0,2025/09/02,Quebec,6300
2017,Volkswagen,Tiguan,WOLFSBURG,4,Gasoline,193979.0,2025/09/02,Alberta,6400
2019,Volkswagen,Tiguan,COMFORTLINE,4,Gasoline,76712.0,2025/09/02,Ontario,18600
2023,Volkswagen,Tiguan,COMFORTLINE,4,Gasoline,26573.0,2025/09/02,Quebec,32600
2013,Volkswagen,Golf,COMFORTLINE,5,Gasoline,121777.0,2025/09/02,Quebec,5100
2020,Volkswagen,Jetta,HIGHLINE,4,Gasoline,97184.0,2025/09/02,Quebec,17700
2015,Volkswagen,Golf GTI,GT,4,Gasoline,109846.0,2025/09/02,Ontario,11200
2021,Volkswagen,Tiguan,COMFORTLINE,4,Gasoline,86900.0,2025/09/02,Ontario,22500
2015,Volkswagen,Golf,S,4,Gasoline,194805.0,2025/09/02,Ontario,5300
2014,Volkswagen,Touareg,HIGHLINE,6,Diesel,193499.0,2025/09/02,Quebec,7300
2018,Volkswagen,Tiguan,HIGHLINE,4,Gasoline,109595.0,2025/09/02,New Brunswick,11800
2014,Volkswagen,Jetta Sedan,TRENDLINE,4,Gasoline,132476.0,2025/09/02,Ontario,5100
2023,Volkswagen,Jetta,HIGHLINE,4,Gasoline,62526.0,2025/09/02,Ontario,27000
2016,Volkswagen,Golf Sportwagon,S,4,Gasoline,184304.0,2025/09/02,Ontario,7300
2020,Volkswagen,Jetta,GL,4,Gasoline,119637.0,2025/09/02,Ontario,14100
2015,Volkswagen,Golf,COMFORTLINE,4,Gasoline,115250.0,2025/09/02,Ontario,10000
2019,Volkswagen,Arteon,HIGHLINE,4,Gasoline,88350.0,2025/09/02,Quebec,23000
2022,Volkswagen,Golf GTI,PERFORMANCE,4,Gasoline,37750.0,2025/09/02,Quebec,31800
2014,Volkswagen,Jetta Sedan,TRENDLINE,4,Gasoline,189282.0,2025/09/02,Ontario,6100
2021,Volkswagen,Tiguan,HIGHLINE,4,Gasoline,53603.0,2025/09/02,Ontario,19300
2012,Volkswagen,Tiguan,HIGHLINE,4,Gasoline,154927.0,2025/09/02,Ontario,3100
2016,Volkswagen,Golf,S,4,Gasoline,169667.0,2025/09/02,Quebec,6500
2014,Volkswagen,Tiguan,HIGHLINE,4,Gasoline,189750.0,2025/08/30,Ontario,4800
2018,Volkswagen,Tiguan,TRENDLINE,4,Gasoline,117987.0,2025/08/30,Ontario,13500
2015,Volkswagen,Tiguan,HIGHLINE,4,Gasoline,80514.0,2025/08/30,Ontario,9900
2015,Volkswagen,Golf,HIGHLINE,4,Gasoline,199657.0,2025/08/30,Ontario,5600
2014,Volkswagen,Passat,COMFORTLINE,4,Gasoline,101636.0,2025/08/30,Ontario,5600
2017,Volkswagen,Beetle Coupe,HIGHLINE,4,Gasoline,193530.0,2025/08/30,Ontario,9000
2016,Volkswagen,Jetta Sedan,S,4,Gasoline,111707.0,2025/08/30,Ontario,12300
2017,Volkswagen,Tiguan,HIGHLINE,4,Gasoline,114063.0,2025/08/30,Quebec,13800
2019,Volkswagen,Golf,HIGHLINE,4,Gasoline,77706.0,2025/08/30,Ontario,16100
2010,Volkswagen,Golf,HIGHLINE,5,Gasoline,220434.0,2025/08/29,British Columbia,3600
2013,Volkswagen,Passat,TRENDLINE,5,Gasoline,101505.0,2025/08/29,Ontario,4300
2015,Volkswagen,Tiguan,HIGHLINE,4,Gasoline,168262.0,2025/08/29,Ontario,4600
2014,Volkswagen,Tiguan,HIGHLINE,4,Gasoline,152173.0,2025/08/29,Ontario,4600
2023,Volkswagen,Atlas Cross Sport,EXECLINE,6,Gasoline,66241.0,2025/08/29,Quebec,37800
2021,Volkswagen,Atlas,EXECLINE,6,Gasoline,98989.0,2025/08/29,British Columbia,32100
2020,Volkswagen,Jetta,HIGHLINE,4,Gasoline,179852.0,2025/08/29,Ontario,8300
2021,Volkswagen,Tiguan,HIGHLINE,4,Gasoline,133125.0,2025/08/29,Quebec,19000
2018,Volkswagen,Golf R,S,4,Gasoline,153247.0,2025/08/29,Ontario,18500
2018,Volkswagen,Tiguan,HIGHLINE,4,Gasoline,192030.0,2025/08/29,Ontario,9500
2019,Volkswagen,Jetta,HIGHLINE,4,Gasoline,136238.0,2025/08/29,Saskatchewan,11600
2018,Volkswagen,Tiguan,HIGHLINE,4,Gasoline,131865.0,2025/08/29,Quebec,14400
2021,Volkswagen,Arteon,EXECLINE,4,Gasoline,66670.0,2025/08/29,Quebec,20400
2022,Volkswagen,Taos,COMFORTLINE,4,Gasoline,100339.0,2025/08/29,Quebec,18500
2018,Volkswagen,Golf SportWagen,TRENDLINE,4,Gasoline,144291.0,2025/08/29,Quebec,12900
2021,Volkswagen,Tiguan,HIGHLINE,4,Gasoline,45154.0,2025/08/29,Quebec,20500
2017,Volkswagen,Touareg,EXECLINE,6,Gasoline,199310.0,2025/08/29,Ontario,6900
2016,Volkswagen,Golf GTI,GT,4,Gasoline,168221.0,2025/08/28,Ontario,11500
2021,Volkswagen,Atlas,HIGHLINE,4,Gasoline,70077.0,2025/08/28,British Columbia,31900
2017,Volkswagen,Golf Alltrack,HIGHLINE,4,Gasoline,105637.0,2025/08/28,British Columbia,20500
2019,Volkswagen,Golf GTI,GT,4,Gasoline,80798.0,2025/08/28,British Columbia,18000
2012,Volkswagen,Golf GTI,S,4,Gasoline,145720.0,2025/08/28,Ontario,6500
2022,Volkswagen,Jetta,TRENDLINE,4,Gasoline,28550.0,2025/08/28,Quebec,20600
2022,Volkswagen,Jetta,HIGHLINE,4,Gasoline,36162.0,2025/08/28,Quebec,24000
2019,Volkswagen,Atlas,HIGHLINE,6,Gasoline,81576.0,2025/08/28,British Columbia,30200
2015,Volkswagen,Jetta Sedan,S,4,Gasoline,186993.0,2025/08/28,Ontario,5300
2022,Volkswagen,Taos,HIGHLINE,4,Gasoline,40033.0,2025/08/28,Quebec,26700
2018,Volkswagen,Tiguan,HIGHLINE,4,Gasoline,123017.0,2025/08/28,Quebec,16000
2016,Volkswagen,Tiguan,HIGHLINE,4,Gasoline,205715.0,2025/08/28,Quebec,4600
2019,Volkswagen,Jetta,COMFORTLINE,4,Gasoline,99695.0,2025/08/28,Quebec,11300
2022,Volkswagen,Tiguan,COMFORTLINE,4,Gasoline,44226.0,2025/08/28,Quebec,25800
2021,Volkswagen,Tiguan,HIGHLINE,4,Gasoline,109775.0,2025/08/28,Ontario,21900
2022,Volkswagen,Tiguan,COMFORTLINE,4,Gasoline,61116.0,2025/08/27,Ontario,25500
2016,Volkswagen,Golf,S,4,Gasoline,108941.0,2025/08/27,Ontario,9600
2017,Volkswagen,Jetta Sedan,HIGHLINE,4,Gasoline,207320.0,2025/08/27,Ontario,5000
2021,Volkswagen,Jetta,COMFORTLINE,4,Gasoline,49156.0,2025/08/27,Quebec,18700
2021,Volkswagen,Atlas Cross Sport,HIGHLINE,6,Gasoline,99286.0,2025/08/27,Quebec,24500
2022,Volkswagen,Tiguan,COMFORTLINE,4,Gasoline,140580.0,2025/08/27,Ontario,19800
2021,Volkswagen,Tiguan,HIGHLINE,4,Gasoline,52268.0,2025/08/27,Ontario,26000
2015,Volkswagen,Jetta Sedan,HIGHLINE,4,Gasoline,172899.0,2025/08/27,British Columbia,7200
2018,Volkswagen,Tiguan,TRENDLINE,4,Gasoline,99515.0,2025/08/27,Alberta,16600
2023,Volkswagen,Atlas,EXECLINE,6,Gasoline,51027.0,2025/08/27,Quebec,44300
2017,Volkswagen,Beetle Coupe,S,4,Gasoline,115804.0,2025/08/27,Quebec,14000
2018,Volkswagen,Atlas,HIGHLINE,6,Gasoline,42167.0,2025/08/27,Ontario,26600
2021,Volkswagen,Golf,HIGHLINE,4,Gasoline,70718.0,2025/08/27,Quebec,21400
2021,Volkswagen,Golf GTI,GT,4,Gasoline,106164.0,2025/08/27,Quebec,23000
2017,Volkswagen,Tiguan,HIGHLINE,4,Gasoline,31161.0,2025/08/27,Ontario,19200
2017,Volkswagen,Tiguan,WOLFSBURG,4,Gasoline,153748.0,2025/08/27,Quebec,8100
2022,Volkswagen,Tiguan,COMFORTLINE,4,Gasoline,152199.0,2025/08/27,Quebec,23100
2017,Volkswagen,Jetta Sedan,TRENDLINE,4,Gasoline,167796.0,2025/08/27,Newfoundland and Labrador,4500
2023,Volkswagen,Taos,TRENDLINE,4,Gasoline,85137.0,2025/08/27,Ontario,21200
2021,Volkswagen,Tiguan,TRENDLINE,4,Gasoline,43388.0,2025/08/27,Ontario,20900
2024,Volkswagen,Tiguan,HIGHLINE,4,Gasoline,39729.0,2025/08/27,Ontario,35500
2018,Volkswagen,Atlas,EXECLINE,6,Gasoline,150946.0,2025/08/27,Ontario,19000
2013,Volkswagen,Tiguan,HIGHLINE,4,Gasoline,121918.0,2025/08/26,Ontario,5400
2017,Volkswagen,Golf SportWagen,COMFORTLINE,4,Gasoline,149514.0,2025/08/26,Quebec,7900
2016,Volkswagen,Tiguan,COMFORTLINE,4,Gasoline,87564.0,2025/08/26,Quebec,9000
2014,Volkswagen,Tiguan,HIGHLINE,4,Gasoline,178093.0,2025/08/26,Ontario,4200
2014,Volkswagen,Jetta Sedan,HIGHLINE,4,Gasoline,132385.0,2025/08/26,Quebec,3800
2019,Volkswagen,Jetta,HIGHLINE,4,Gasoline,213524.0,2025/08/26,Ontario,8300
2019,Volkswagen,Tiguan,HIGHLINE,4,Gasoline,75715.0,2025/08/26,Ontario,17400
2021,Volkswagen,Tiguan,HIGHLINE,4,Gasoline,39531.0,2025/08/26,British Columbia,28000
2019,Volkswagen,Golf R,HIGHLINE,4,Gasoline,25037.0,2025/08/26,Ontario,35000
2018,Volkswagen,Tiguan,HIGHLINE,4,Gasoline,176647.0,2025/08/26,Ontario,11600
2020,Volkswagen,Tiguan,HIGHLINE,4,Gasoline,104284.0,2025/08/26,Ontario,19000
2024,Volkswagen,Tiguan,COMFORTLINE,4,Gasoline,30793.0,2025/08/26,Ontario,34400
2017,Volkswagen,Tiguan,HIGHLINE,4,Gasoline,71240.0,2025/08/26,Ontario,13700
2017,Volkswagen,Jetta Sedan,WOLFSBURG,4,Gasoline,121614.0,2025/08/26,Quebec,9400
2010,Volkswagen,Jetta Sedan,WOLFSBURG,4,Gasoline,175822.0,2025/08/26,Ontario,3700
2015,Volkswagen,Tiguan,HIGHLINE,4,Gasoline,182639.0,2025/08/26,Alberta,6000
2020,Volkswagen,Jetta,COMFORTLINE,4,Gasoline,86707.0,2025/08/25,Ontario,14500
2024,Volkswagen,Taos,COMFORTLINE,4,Gasoline,63521.0,2025/08/25,Ontario,26000
2022,Volkswagen,Tiguan,COMFORTLINE,4,Gasoline,80818.0,2025/08/25,Ontario,23600
2021,Volkswagen,Jetta,HIGHLINE,4,Gasoline,203940.0,2025/08/25,Ontario,9800
2017,Volkswagen,Tiguan,WOLFSBURG,4,Gasoline,130967.0,2025/08/25,Quebec,10200
2019,Volkswagen,Jetta,HIGHLINE,4,Gasoline,124120.0,2025/08/25,Quebec,14800
2019,Volkswagen,Beetle Convertible,HIGHLINE,4,Gasoline,85949.0,2025/08/25,Quebec,26000
2021,Volkswagen,Tiguan,SEL,4,Gasoline,45565.0,2025/08/25,Ontario,23000
2018,Volkswagen,Atlas,HIGHLINE,6,Gasoline,112125.0,2025/08/25,Ontario,24100
2022,Volkswagen,Tiguan,COMFORTLINE,4,Gasoline,99227.0,2025/08/25,Quebec,22800
2021,Volkswagen,Tiguan,HIGHLINE,4,Gasoline,85239.0,2025/08/25,Ontario,24300
2024,Volkswagen,Golf R,S,4,Gasoline,48012.0,2025/08/25,Ontario,40500
2023,Volkswagen,Tiguan,COMFORTLINE,4,Gasoline,103759.0,2025/08/25,Ontario,25300
2022,Volkswagen,Tiguan,COMFORTLINE,4,Gasoline,35389.0,2025/08/25,Ontario,27500
2021,Volkswagen,Tiguan,HIGHLINE,4,Gasoline,71652.0,2025/08/25,Ontario,22400
2018,Volkswagen,Tiguan,HIGHLINE,4,Gasoline,97563.0,2025/08/25,Ontario,18100
2022,Volkswagen,Jetta GLI,S,4,Gasoline,105648.0,2025/08/25,Ontario,22700
2021,Volkswagen,Tiguan,HIGHLINE,4,Gasoline,91468.0,2025/08/25,Quebec,22900
2021,Volkswagen,Atlas,EXECLINE,6,Gasoline,72292.0,2025/08/25,Quebec,31200
2024,Volkswagen,Taos,COMFORTLINE,4,Gasoline,60200.0,2025/08/25,Ontario,25500
2021,Volkswagen,Atlas Cross Sport,COMFORTLINE,4,Gasoline,72641.0,2025/08/25,Ontario,27800
2023,Volkswagen,Taos,TRENDLINE,4,Gasoline,34396.0,2025/08/25,Quebec,23300
2017,Volkswagen,Tiguan,WOLFSBURG,4,Gasoline,147169.0,2025/08/25,Quebec,9200
2018,Volkswagen,Tiguan,HIGHLINE,4,Gasoline,77184.0,2025/08/25,Ontario,20100
2021,Volkswagen,Tiguan,HIGHLINE,4,Gasoline,52265.0,2025/08/25,Quebec,26100
2022,Volkswagen,Golf GTI,PERFORMANCE,4,Gasoline,74236.0,2025/08/23,Ontario,28100
2020,Volkswagen,Tiguan,HIGHLINE,4,Gasoline,87592.0,2025/08/23,Ontario,22600
2008,Volkswagen,Eos,TRENDLINE,4,Gasoline,36548.0,2025/08/23,Ontario,6300
2010,Volkswagen,Tiguan,TRENDLINE,4,Gasoline,146218.0,2025/08/23,Ontario,3900
2015,Volkswagen,Golf GTI,PERFORMANCE,4,Gasoline,160665.0,2025/08/23,Ontario,7800
2019,Volkswagen,Atlas,HIGHLINE,6,Gasoline,125945.0,2025/08/23,Ontario,23100
2024,Volkswagen,Golf GTI,PERFORMANCE,4,Gasoline,65684.0,2025/08/23,Ontario,32900
2015,Volkswagen,Golf GTI,GT,4,Gasoline,172862.0,2025/08/23,Ontario,6200
2019,Volkswagen,Golf,HIGHLINE,4,Gasoline,162558.0,2025/08/23,Ontario,7700
2013,Volkswagen,CC,SPORTLINE,4,Gasoline,99568.0,2025/08/23,Ontario,7400
2019,Volkswagen,Golf R,HIGHLINE,4,Gasoline,66200.0,2025/08/23,British Columbia,28300
2022,Volkswagen,Tiguan,HIGHLINE,4,Gasoline,103700.0,2025/08/22,Quebec,25800
2013,Volkswagen,CC,SPORTLINE,4,Gasoline,142338.0,2025/08/22,British Columbia,7000
2023,Volkswagen,Atlas,EXECLINE,6,Gasoline,43089.0,2025/08/22,Ontario,43400
2018,Volkswagen,Tiguan,HIGHLINE,4,Gasoline,103304.0,2025/08/22,British Columbia,15600
2020,Volkswagen,Tiguan,HIGHLINE,4,Gasoline,129680.0,2025/08/22,Quebec,17000
2019,Volkswagen,Jetta,COMFORTLINE,4,Gasoline,141919.0,2025/08/22,Quebec,12000
2021,Volkswagen,Tiguan,HIGHLINE,4,Gasoline,53718.0,2025/08/22,British Columbia,20000
2012,Volkswagen,Golf,HIGHLINE,5,Gasoline,159668.0,2025/08/22,Ontario,5600
2019,Volkswagen,Tiguan,TRENDLINE,4,Gasoline,122162.0,2025/08/22,Quebec,11300
2013,Volkswagen,Jetta Sedan,COMFORTLINE,5,Gasoline,139643.0,2025/08/22,Quebec,4200
2017,Volkswagen,Golf GTI,PERFORMANCE,4,Gasoline,72147.0,2025/08/22,Ontario,18600
2020,Volkswagen,Tiguan,TRENDLINE,4,Gasoline,115825.0,2025/08/22,Quebec,18200
2019,Volkswagen,Jetta,COMFORTLINE,4,Gasoline,220007.0,2025/08/22,Ontario,7300
2020,Volkswagen,Atlas Cross Sport,COMFORTLINE,4,Gasoline,125784.0,2025/08/22,Quebec,22700
2022,Volkswagen,Jetta,COMFORTLINE,4,Gasoline,76102.0,2025/08/22,Ontario,18500
2022,Volkswagen,Jetta,COMFORTLINE,4,Gasoline,60510.0,2025/08/22,Quebec,22700
2014,Volkswagen,Tiguan,HIGHLINE,4,Gasoline,139439.0,2025/08/22,Ontario,5400
2019,Volkswagen,Jetta,GL,4,Gasoline,118745.0,2025/08/22,Ontario,18000
2013,Volkswagen,Tiguan,HIGHLINE,4,Gasoline,216867.0,2025/08/21,Quebec,3300
2015,Volkswagen,Jetta Sedan,S,4,Gasoline,118309.0,2025/08/21,Ontario,7100
2022,Volkswagen,Tiguan,HIGHLINE,4,Gasoline,67668.0,2025/08/21,Quebec,30000
2016,Volkswagen,Golf R,S,4,Gasoline,88800.0,2025/08/21,Ontario,21500
2019,Volkswagen,Golf GTI,GT,4,Gasoline,160621.0,2025/08/21,Ontario,13500
2015,Volkswagen,Jetta Sedan,HIGHLINE,4,Gasoline,165816.0,2025/08/21,Ontario,5500
2012,Volkswagen,Tiguan,HIGHLINE,4,Gasoline,142620.0,2025/08/21,Ontario,4700
2018,Volkswagen,Tiguan,HIGHLINE,4,Gasoline,221943.0,2025/08/21,Ontario,5000
2023,Volkswagen,Golf R,S,4,Gasoline,34567.0,2025/08/21,Quebec,43000
2020,Volkswagen,Tiguan,COMFORTLINE,4,Gasoline,180751.0,2025/08/21,Quebec,13200
2015,Volkswagen,Golf Sportwagon,S,4,Gasoline,166508.0,2025/08/21,Ontario,8400
2022,Volkswagen,Taos,TRENDLINE,4,Gasoline,106595.0,2025/08/21,Ontario,16000
2015,Volkswagen,Golf GTI,PERFORMANCE,4,Gasoline,115700.0,2025/08/21,Ontario,13500
2017,Volkswagen,Beetle Convertible,HIGHLINE,4,Gasoline,127097.0,2025/08/21,Quebec,16100
2017,Volkswagen,Jetta Sedan,S,4,Gasoline,158117.0,2025/08/21,Ontario,4200
2021,Volkswagen,Tiguan,UNITED,4,Gasoline,87593.0,2025/08/21,Quebec,20900
2012,Volkswagen,Tiguan,HIGHLINE,4,Gasoline,210716.0,2025/08/21,British Columbia,3100
2014,Volkswagen,Passat,COMFORTLINE,4,Gasoline,132000.0,2025/08/21,Ontario,5100
2018,Volkswagen,Atlas,HIGHLINE,6,Gasoline,83113.0,2025/08/21,Ontario,21200
2015,Volkswagen,Jetta Sedan,S,4,Gasoline,164878.0,2025/08/21,Quebec,4300
2021,Volkswagen,Tiguan,HIGHLINE,4,Gasoline,44273.0,2025/08/21,Ontario,24700
2024,Volkswagen,Taos,COMFORTLINE,4,Gasoline,53444.0,2025/08/21,Nova Scotia,25000
2020,Volkswagen,Jetta,HIGHLINE,4,Gasoline,126395.0,2025/08/21,Ontario,17600
2019,Volkswagen,Jetta,HIGHLINE,4,Gasoline,139444.0,2025/08/21,Ontario,12200
2020,Volkswagen,Tiguan,HIGHLINE,4,Gasoline,141733.0,2025/08/21,Ontario,15900
2018,Volkswagen,Beetle Convertible,HIGHLINE,4,Gasoline,72709.0,2025/08/21,Quebec,23100
2016,Volkswagen,Golf,S,4,Gasoline,129019.0,2025/08/20,Quebec,5600
2021,Volkswagen,Golf GTI,GT,4,Gasoline,106148.0,2025/08/20,Quebec,23100
2022,Volkswagen,Tiguan,HIGHLINE,4,Gasoline,102303.0,2025/08/20,Ontario,25900
2021,Volkswagen,Golf,HIGHLINE,4,Gasoline,84757.0,2025/08/20,Quebec,19200
2023,Volkswagen,Jetta,TRENDLINE,4,Gasoline,53782.0,2025/08/20,Ontario,22000
2024,Volkswagen,Tiguan,HIGHLINE,4,Gasoline,31898.0,2025/08/20,Ontario,37000
2022,Volkswagen,Jetta,HIGHLINE,4,Gasoline,49245.0,2025/08/20,Quebec,24400
2014,Volkswagen,Tiguan,HIGHLINE,4,Gasoline,208296.0,2025/08/20,Ontario,3000
2022,Volkswagen,Tiguan,COMFORTLINE,4,Gasoline,87616.0,2025/08/20,Quebec,22100
2022,Volkswagen,Tiguan,HIGHLINE,4,Gasoline,26756.0,2025/08/20,Quebec,33500
2021,Volkswagen,Tiguan,HIGHLINE,4,Gasoline,99697.0,2025/08/20,Ontario,22100
2022,Volkswagen,Golf GTI,PERFORMANCE,4,Gasoline,50240.0,2025/08/19,Ontario,30900
2017,Volkswagen,Golf GTI,GT,4,Gasoline,128200.0,2025/08/19,Ontario,16800
2018,Volkswagen,Tiguan,HIGHLINE,4,Gasoline,91482.0,2025/08/19,Ontario,18900
2018,Volkswagen,Tiguan,COMFORTLINE,4,Gasoline,128371.0,2025/08/19,Ontario,14800
2017,Volkswagen,Passat,TRENDLINE,4,Gasoline,123351.0,2025/08/19,Quebec,6200
2018,Volkswagen,Atlas,EXECLINE,6,Gasoline,158681.0,2025/08/19,British Columbia,18500
2016,Volkswagen,Tiguan,HIGHLINE,4,Gasoline,151681.0,2025/08/19,Ontario,7100
2013,Volkswagen,Jetta Sedan,S,4,Gasoline,131061.0,2025/08/19,Ontario,4000
2024,Volkswagen,Jetta,HIGHLINE,4,Gasoline,26200.0,2025/08/19,Ontario,29000
2024,Volkswagen,Golf GTI,PERFORMANCE,4,Gasoline,36950.0,2025/08/19,Ontario,38100
2022,Volkswagen,Taos,TRENDLINE,4,Gasoline,31740.0,2025/08/19,British Columbia,24200
2022,Volkswagen,Jetta,COMFORTLINE,4,Gasoline,39133.0,2025/08/19,Quebec,24000
2015,Volkswagen,Jetta Sedan,S,4,Gasoline,203385.0,2025/08/19,Ontario,4000
2018,Volkswagen,Tiguan,COMFORTLINE,4,Gasoline,203998.0,2025/08/19,Ontario,9200
2022,Volkswagen,Tiguan,COMFORTLINE,4,Gasoline,132928.0,2025/08/19,Ontario,19300
2018,Volkswagen,Golf,HIGHLINE,4,Gasoline,116448.0,2025/08/19,Ontario,16300
2017,Volkswagen,Beetle Coupe,HIGHLINE,4,Gasoline,132400.0,2025/08/19,Ontario,12900
2019,Volkswagen,Golf R,HIGHLINE,4,Gasoline,91150.0,2025/08/19,Ontario,27700
2018,Volkswagen,Atlas,HIGHLINE,6,Gasoline,113842.0,2025/08/19,Quebec,23500
2013,Volkswagen,Jetta GLI,S,4,Gasoline,169450.0,2025/08/19,Ontario,3300
2024,Volkswagen,Atlas,EXECLINE,4,Gasoline,63428.0,2025/08/19,Ontario,45500
2023,Volkswagen,Atlas,HIGHLINE,6,Gasoline,86042.0,2025/08/18,Ontario,39000
2019,Volkswagen,Golf R,S,4,Gasoline,111233.0,2025/08/18,Ontario,24400
2022,Volkswagen,Tiguan,COMFORTLINE,4,Gasoline,47620.0,2025/08/18,Ontario,27300
2021,Volkswagen,Atlas Cross Sport,HIGHLINE,6,Gasoline,72300.0,2025/08/18,Quebec,27300
2024,Volkswagen,Tiguan,HIGHLINE,4,Gasoline,39056.0,2025/08/18,Ontario,38000
2019,Volkswagen,Golf,HIGHLINE,4,Gasoline,60016.0,2025/08/18,Quebec,17100
2023,Volkswagen,Atlas,HIGHLINE,6,Gasoline,42720.0,2025/08/18,Ontario,42500
2019,Volkswagen,Golf SportWagen,S,4,Gasoline,115499.0,2025/08/18,Quebec,16000
2017,Volkswagen,Tiguan,WOLFSBURG,4,Gasoline,102929.0,2025/08/18,Quebec,9200
2016,Volkswagen,Jetta Sedan,S,4,Gasoline,158631.0,2025/08/18,Ontario,7100
2021,Volkswagen,Tiguan,COMFORTLINE,4,Gasoline,73157.0,2025/08/18,Quebec,21500
2022,Volkswagen,Jetta GLI,S,4,Gasoline,163146.0,2025/08/18,Quebec,17400
2019,Volkswagen,Jetta,HIGHLINE,4,Gasoline,31000.0,2025/08/18,Ontario,20900
2015,Volkswagen,Golf GTI,GT,4,Gasoline,199423.0,2025/08/18,Ontario,8500
2016,Volkswagen,Golf R,S,4,Gasoline,177387.0,2025/08/18,Ontario,9800
2023,Volkswagen,Tiguan,COMFORTLINE,4,Gasoline,109512.0,2025/08/18,Quebec,26000
2019,Volkswagen,Jetta,COMFORTLINE,4,Gasoline,199632.0,2025/08/18,Ontario,9200
2023,Volkswagen,Tiguan,COMFORTLINE,4,Gasoline,35004.0,2025/08/18,Ontario,35200
2019,Volkswagen,Golf Alltrack,HIGHLINE,4,Gasoline,168322.0,2025/08/18,Ontario,11500
2014,Volkswagen,Touareg,HIGHLINE,6,Diesel,179480.0,2025/08/18,Ontario,9000
2016,Volkswagen,Tiguan,HIGHLINE,4,Gasoline,53329.0,2025/08/18,Ontario,12900
2014,Volkswagen,Tiguan,R-LINE,4,Gasoline,187818.0,2025/08/18,Ontario,6800
2019,Volkswagen,Jetta,COMFORTLINE,4,Gasoline,153622.0,2025/08/18,Ontario,11700
2015,Volkswagen,Jetta Sedan,HIGHLINE,4,Diesel,200506.0,2025/08/18,Quebec,3200
2019,Volkswagen,Jetta,HIGHLINE,4,Gasoline,82724.0,2025/08/18,Ontario,12300
2024,Volkswagen,Taos,COMFORTLINE,4,Gasoline,97762.0,2025/08/18,Ontario,22000
2018,Volkswagen,Tiguan,COMFORTLINE,4,Gasoline,122308.0,2025/08/18,Ontario,10300
2015,Volkswagen,Golf Sportwagon,HIGHLINE,4,Diesel,158034.0,2025/08/18,Ontario,14900
2024,Volkswagen,Tiguan,HIGHLINE,4,Gasoline,46503.0,2025/08/18,Ontario,38500
2021,Volkswagen,Atlas Cross Sport,EXECLINE,4,Gasoline,71272.0,2025/08/18,Ontario,22400
2022,Volkswagen,Atlas Cross Sport,EXECLINE,6,Gasoline,87125.0,2025/08/18,Ontario,33800
2021,Volkswagen,Atlas,HIGHLINE,4,Gasoline,125994.0,2025/08/18,Ontario,27000
2011,Volkswagen,Golf,HIGHLINE,5,Gasoline,170323.0,2025/08/18,Quebec,3800
2017,Volkswagen,Passat,TRENDLINE,4,Gasoline,92072.0,2025/08/18,Quebec,13600
2023,Volkswagen,Taos,COMFORTLINE,4,Gasoline,41010.0,2025/08/18,Ontario,26500
2022,Volkswagen,Tiguan,HIGHLINE,4,Gasoline,85399.0,2025/08/18,Ontario,27000
2019,Volkswagen,Golf R,S,4,Gasoline,95413.0,2025/08/18,Ontario,27600
2018,Volkswagen,Tiguan,HIGHLINE,4,Gasoline,148680.0,2025/08/18,Ontario,8500
2018,Volkswagen,Tiguan,HIGHLINE,4,Gasoline,150260.0,2025/08/16,Ontario,15500
2019,Volkswagen,Atlas,EXECLINE,6,Gasoline,75448.0,2025/08/16,British Columbia,24500
2018,Volkswagen,Tiguan,HIGHLINE,4,Gasoline,60371.0,2025/08/16,Ontario,22800
2020,Volkswagen,Passat,COMFORTLINE,4,Gasoline,132140.0,2025/08/16,British Columbia,12500
2024,Volkswagen,Golf R,HIGHLINE,4,Gasoline,32700.0,2025/08/16,Ontario,44100
2023,Volkswagen,Taos,COMFORTLINE,4,Gasoline,41833.0,2025/08/16,Ontario,24500
2022,Volkswagen,Tiguan,HIGHLINE,4,Gasoline,102352.0,2025/08/16,Ontario,23000
2014,Volkswagen,Jetta Sedan,HIGHLINE,4,Diesel,200081.0,2025/08/15,British Columbia,5900
2021,Volkswagen,Tiguan,HIGHLINE,4,Gasoline,79142.0,2025/08/15,Ontario,23000
2016,Volkswagen,Golf Sportwagon,COMFORTLINE,4,Gasoline,120048.0,2025/08/15,Ontario,10200
2017,Volkswagen,Tiguan,WOLFSBURG,4,Gasoline,153457.0,2025/08/15,British Columbia,4000
2017,Volkswagen,Tiguan,WOLFSBURG,4,Gasoline,131453.0,2025/08/15,Quebec,5600
2019,Volkswagen,Jetta,COMFORTLINE,4,Gasoline,172442.0,2025/08/15,Ontario,9300
2016,Volkswagen,Golf,S,4,Gasoline,132564.0,2025/08/15,British Columbia,3800
2023,Volkswagen,Tiguan,COMFORTLINE,4,Gasoline,87854.0,2025/08/15,Ontario,28000
2017,Volkswagen,Golf Alltrack,HIGHLINE,4,Gasoline,109138.0,2025/08/15,Quebec,18300
2015,Volkswagen,Golf,TRENDLINE,4,Gasoline,171997.0,2025/08/15,Quebec,5400
2020,Volkswagen,Tiguan,HIGHLINE,4,Gasoline,78864.0,2025/08/15,Quebec,23900
2023,Volkswagen,Atlas,EXECLINE,6,Gasoline,28240.0,2025/08/15,Quebec,45000
2024,Volkswagen,Golf GTI,GT,4,Gasoline,35264.0,2025/08/15,Ontario,33200
2022,Volkswagen,Taos,TRENDLINE,4,Gasoline,57643.0,2025/08/15,Ontario,22500
2020,Volkswagen,Tiguan,HIGHLINE,4,Gasoline,87101.0,2025/08/15,Ontario,22500
2017,Volkswagen,Beetle Coupe,HIGHLINE,4,Gasoline,82034.0,2025/08/15,Ontario,16300
2021,Volkswagen,Atlas,HIGHLINE,6,Gasoline,84129.0,2025/08/14,British Columbia,32300
2016,Volkswagen,Golf,S,4,Gasoline,174912.0,2025/08/14,Alberta,6000
2019,Volkswagen,Tiguan,COMFORTLINE,4,Gasoline,81605.0,2025/08/14,Quebec,20000
2022,Volkswagen,Atlas,HIGHLINE,6,Gasoline,70726.0,2025/08/14,Quebec,36800
2015,Volkswagen,Jetta Sedan,S,4,Gasoline,183476.0,2025/08/14,Quebec,4300
2023,Volkswagen,Jetta,COMFORTLINE,4,Gasoline,71129.0,2025/08/14,Ontario,19500
2023,Volkswagen,Atlas Cross Sport,EXECLINE,6,Gasoline,76919.0,2025/08/14,Ontario,36700
2017,Volkswagen,Golf Alltrack,HIGHLINE,4,Gasoline,97786.0,2025/08/14,Ontario,17000
2019,Volkswagen,Tiguan,HIGHLINE,4,Gasoline,99034.0,2025/08/14,British Columbia,21100
2016,Volkswagen,Tiguan,HIGHLINE,4,Gasoline,136348.0,2025/08/14,Ontario,9100
2024,Volkswagen,ID.4,S,0,Electric,35352.0,2025/08/14,Quebec,36800
2016,Volkswagen,Golf R,S,4,Gasoline,96808.0,2025/08/14,Quebec,17900
2020,Volkswagen,Tiguan,IQ DRIVE,4,Gasoline,123663.0,2025/08/14,Newfoundland and Labrador,12500
2021,Volkswagen,Tiguan,HIGHLINE,4,Gasoline,79302.0,2025/08/14,Ontario,25000
2022,Volkswagen,Taos,TRENDLINE,4,Gasoline,60242.0,2025/08/13,Quebec,22500
2018,Volkswagen,Atlas,EXECLINE,6,Gasoline,120500.0,2025/08/13,Ontario,22900
2014,Volkswagen,Tiguan,HIGHLINE,4,Gasoline,169478.0,2025/08/13,Ontario,5000
2017,Volkswagen,Golf R,S,4,Gasoline,206000.0,2025/08/13,Ontario,13500
2015,Volkswagen,Tiguan,COMFORTLINE,4,Gasoline,163129.0,2025/08/13,British Columbia,5900
2022,Volkswagen,Tiguan,COMFORTLINE,4,Gasoline,99700.0,2025/08/13,Ontario,24000
2015,Volkswagen,Golf,S,4,Diesel,122389.0,2025/08/13,Ontario,14000
2020,Volkswagen,Passat,COMFORTLINE,4,Gasoline,143762.0,2025/08/13,Ontario,14000
2019,Volkswagen,Golf GTI,GT,4,Gasoline,138478.0,2025/08/13,Quebec,17300
2023,Volkswagen,Taos,COMFORTLINE,4,Gasoline,36503.0,2025/08/13,Ontario,26300
2022,Volkswagen,Tiguan,HIGHLINE,4,Gasoline,86602.0,2025/08/13,Quebec,27000
2021,Volkswagen,Tiguan,HIGHLINE,4,Gasoline,88806.0,2025/08/13,Quebec,24000
2015,Volkswagen,Jetta Sedan,S,4,Gasoline,187908.0,2025/08/13,Quebec,4800
2017,Volkswagen,Beetle Coupe,HIGHLINE,4,Gasoline,43755.0,2025/08/13,Quebec,19500
2018,Volkswagen,Golf R,S,4,Gasoline,84417.0,2025/08/13,Quebec,25500
2015,Volkswagen,Golf GTI,GT,4,Gasoline,152239.0,2025/08/12,Ontario,8600
2017,Volkswagen,Tiguan,COMFORTLINE,4,Gasoline,121585.0,2025/08/12,Quebec,12300
2017,Volkswagen,Golf SportWagen,COMFORTLINE,4,Gasoline,140896.0,2025/08/12,Quebec,9300
2023,Volkswagen,Tiguan,HIGHLINE,4,Gasoline,85500.0,2025/08/12,Ontario,30800
2018,Volkswagen,Tiguan,COMFORTLINE,4,Gasoline,139000.0,2025/08/12,Quebec,14400
2013,Volkswagen,Jetta Sedan,COMFORTLINE,4,Gasoline,182500.0,2025/08/12,Ontario,3000
2022,Volkswagen,Tiguan,COMFORTLINE,4,Gasoline,58411.0,2025/08/12,Quebec,26300
2019,Volkswagen,Atlas,HIGHLINE,6,Gasoline,90259.0,2025/08/12,Quebec,25600
2022,Volkswagen,Tiguan,COMFORTLINE,4,Gasoline,97089.0,2025/08/12,Quebec,25100
2021,Volkswagen,Atlas,EXECLINE,6,Gasoline,52056.0,2025/08/12,Quebec,36800
2022,Volkswagen,Tiguan,COMFORTLINE,4,Gasoline,96518.0,2025/08/12,Quebec,25100
2024,Volkswagen,Taos,COMFORTLINE,4,Gasoline,35835.0,2025/08/12,Ontario,29100
2023,Volkswagen,Taos,HIGHLINE,4,Gasoline,51773.0,2025/08/12,Ontario,28500
2021,Volkswagen,Tiguan,HIGHLINE,4,Gasoline,108022.0,2025/08/12,Quebec,22200
2016,Volkswagen,Jetta Sedan,S,4,Gasoline,223601.0,2025/08/12,Ontario,3200
2024,Volkswagen,Tiguan,HIGHLINE,4,Gasoline,31287.0,2025/08/12,Ontario,38200
2016,Volkswagen,Beetle Coupe,HIGHLINE,4,Gasoline,156097.0,2025/08/12,Ontario,9800
2019,Volkswagen,Tiguan,COMFORTLINE,4,Gasoline,30650.0,2025/08/12,Ontario,23600
2016,Volkswagen,Beetle Coupe,TRENDLINE,4,Gasoline,55779.0,2025/08/12,Ontario,14000
2022,Volkswagen,Tiguan,HIGHLINE,4,Gasoline,83602.0,2025/08/12,Quebec,24600
2018,Volkswagen,Tiguan,COMFORTLINE,4,Gasoline,149030.0,2025/08/11,Quebec,12000
2016,Volkswagen,Jetta Sedan,TRENDLINE,4,Gasoline,139374.0,2025/08/11,Ontario,3800
2017,Volkswagen,Jetta Sedan,WOLFSBURG,4,Gasoline,141091.0,2025/08/11,Ontario,10300
2018,Volkswagen,Tiguan,TRENDLINE,4,Gasoline,123900.0,2025/08/11,Manitoba,12700
2019,Volkswagen,Atlas,EXECLINE,6,Gasoline,151493.0,2025/08/11,Ontario,20300
2020,Volkswagen,Tiguan,HIGHLINE,4,Gasoline,175000.0,2025/08/11,Ontario,13800
2018,Volkswagen,Golf GTI,S,4,Gasoline,130420.0,2025/08/11,Quebec,16500
2022,Volkswagen,Taos,TRENDLINE,4,Gasoline,131363.0,2025/08/11,Ontario,16000
2019,Volkswagen,Atlas,COMFORTLINE,6,Gasoline,115121.0,2025/08/11,Ontario,22400
2016,Volkswagen,Tiguan,HIGHLINE,4,Gasoline,172749.0,2025/08/11,British Columbia,5900
2019,Volkswagen,Tiguan,COMFORTLINE,4,Gasoline,87030.0,2025/08/11,British Columbia,18600
2013,Volkswagen,Jetta Sedan,HIGHLINE,5,Gasoline,209000.0,2025/08/11,Ontario,3700
2015,Volkswagen,Tiguan,HIGHLINE,4,Gasoline,175000.0,2025/08/11,Ontario,4900
2018,Volkswagen,Tiguan,COMFORTLINE,4,Gasoline,221287.0,2025/08/11,Ontario,4600
2017,Volkswagen,Tiguan,HIGHLINE,4,Gasoline,178342.0,2025/08/11,Ontario,7800
2017,Volkswagen,Golf SportWagen,S,4,Gasoline,169098.0,2025/08/11,Ontario,6800
2014,Volkswagen,Jetta Sedan,TRENDLINE,4,Gasoline,165557.0,2025/08/11,Ontario,4200
2018,Volkswagen,Golf,HIGHLINE,4,Gasoline,91964.0,2025/08/11,Quebec,12900
2018,Volkswagen,Golf,HIGHLINE,4,Gasoline,123607.0,2025/08/11,Quebec,13000
2013,Volkswagen,Tiguan,HIGHLINE,4,Gasoline,134581.0,2025/08/09,British Columbia,5000
2017,Volkswagen,Jetta Sedan,HIGHLINE,4,Gasoline,139914.0,2025/08/09,Ontario,12500
2016,Volkswagen,Golf R,HIGHLINE,4,Gasoline,120022.0,2025/08/09,Ontario,19000
2021,Volkswagen,Golf GTI,GT,4,Gasoline,73575.0,2025/08/08,Ontario,26500
2020,Volkswagen,Tiguan,HIGHLINE,4,Gasoline,75279.0,2025/08/08,Ontario,23500
2016,Volkswagen,Jetta Sedan,S,4,Gasoline,167880.0,2025/08/08,Ontario,4100
2021,Volkswagen,Tiguan,HIGHLINE,4,Gasoline,181690.0,2025/08/08,Ontario,13000
2018,Volkswagen,Beetle,HIGHLINE,4,Gasoline,51750.0,2025/08/08,Quebec,23000
2024,Volkswagen,Golf R,HIGHLINE,4,Gasoline,26471.0,2025/08/08,Quebec,44200
2015,Volkswagen,Golf GTI,GT,4,Gasoline,219598.0,2025/08/08,Ontario,4000
2023,Volkswagen,ID.4,PRO,0,Electric,87169.0,2025/08/08,Quebec,24500
2022,Volkswagen,Tiguan,COMFORTLINE,4,Gasoline,90789.0,2025/08/08,Quebec,26200
2023,Volkswagen,Atlas,EXECLINE,6,Gasoline,43600.0,2025/08/08,Ontario,45100
2024,Volkswagen,Golf GTI,GT,4,Gasoline,31862.0,2025/08/08,Quebec,32900
2020,Volkswagen,e-Golf,COMFORTLINE,0,Electric,46624.0,2025/08/08,Quebec,17800
2014,Volkswagen,Beetle Coupe,S,4,Gasoline,158534.0,2025/08/08,Ontario,7900
2020,Volkswagen,Tiguan,HIGHLINE,4,Gasoline,122930.0,2025/08/08,Ontario,17200
2015,Volkswagen,Tiguan,SEL,4,Gasoline,115296.0,2025/08/07,British Columbia,3600
2018,Volkswagen,Golf SportWagen,S,4,Gasoline,143991.0,2025/08/07,Quebec,10300
2022,Volkswagen,Tiguan,COMFORTLINE,4,Gasoline,68850.0,2025/08/07,Ontario,27900
2016,Volkswagen,Jetta Sedan,GL,4,Gasoline,109584.0,2025/08/07,Quebec,10500
2022,Volkswagen,Tiguan,COMFORTLINE,4,Gasoline,58201.0,2025/08/07,Quebec,23800
2020,Volkswagen,Tiguan,HIGHLINE,4,Gasoline,80878.0,2025/08/07,Ontario,21000
2019,Volkswagen,Tiguan,COMFORTLINE,4,Gasoline,170515.0,2025/08/07,Ontario,11000
2024,Volkswagen,Tiguan,HIGHLINE,4,Gasoline,31814.0,2025/08/07,Quebec,39700
2019,Volkswagen,Golf GTI,GT,4,Gasoline,108947.0,2025/08/07,Ontario,19400
2013,Volkswagen,Tiguan,HIGHLINE,4,Gasoline,184504.0,2025/08/07,Ontario,4900
2015,Volkswagen,Tiguan,HIGHLINE,4,Gasoline,206085.0,2025/08/07,Alberta,6200
2017,Volkswagen,Golf,S,4,Gasoline,93001.0,2025/08/07,Quebec,10600
2024,Volkswagen,Atlas,HIGHLINE,4,Gasoline,67122.0,2025/08/07,Nova Scotia,47300
2019,Volkswagen,Tiguan,HIGHLINE,4,Gasoline,68201.0,2025/08/07,Quebec,21600
2020,Volkswagen,Tiguan,HIGHLINE,4,Gasoline,139169.0,2025/08/07,Ontario,16800
2019,Volkswagen,Tiguan,HIGHLINE,4,Gasoline,210778.0,2025/08/07,Ontario,12500
2015,Volkswagen,Golf GTI,GT,4,Gasoline,208521.0,2025/08/07,Ontario,6500
2021,Volkswagen,Tiguan,HIGHLINE,4,Gasoline,169574.0,2025/08/07,Ontario,16200
2023,Volkswagen,Taos,HIGHLINE,4,Gasoline,75901.0,2025/08/07,Ontario,27000
2015,Volkswagen,Golf,S,4,Gasoline,154346.0,2025/08/07,Quebec,4600
2017,Volkswagen,Tiguan,HIGHLINE,4,Gasoline,100750.0,2025/08/06,Ontario,13400
2013,Volkswagen,Golf Wagon,S,4,Diesel,194640.0,2025/08/06,Ontario,3700
2019,Volkswagen,Jetta,HIGHLINE,4,Gasoline,100387.0,2025/08/06,British Columbia,16500
2014,Volkswagen,Passat,COMFORTLINE,4,Diesel,219773.0,2025/08/06,Quebec,3600
2020,Volkswagen,Tiguan,HIGHLINE,4,Gasoline,105659.0,2025/08/06,Alberta,19900
2019,Volkswagen,Atlas,EXECLINE,6,Gasoline,90930.0,2025/08/06,British Columbia,24800
2016,Volkswagen,Jetta Sedan,HIGHLINE,4,Gasoline,194585.0,2025/08/06,Quebec,3300
2015,Volkswagen,Tiguan,HIGHLINE,4,Gasoline,190573.0,2025/08/06,Quebec,3100
2022,Volkswagen,Taos,HIGHLINE,4,Gasoline,92981.0,2025/08/06,Quebec,23600
2019,Volkswagen,Jetta,HIGHLINE,4,Gasoline,141076.0,2025/08/06,Quebec,14100
2016,Volkswagen,Jetta Sedan,S,4,Gasoline,110971.0,2025/08/06,Ontario,7500
2016,Volkswagen,Golf GTI,PERFORMANCE,4,Gasoline,161111.0,2025/08/05,Ontario,9500
2022,Volkswagen,Tiguan,HIGHLINE,4,Gasoline,57385.0,2025/08/05,Ontario,32500
2024,Volkswagen,Tiguan,HIGHLINE,4,Gasoline,46499.0,2025/08/05,Quebec,38500
2021,Volkswagen,Atlas,EXECLINE,6,Gasoline,107300.0,2025/08/05,Ontario,32100
2017,Volkswagen,Golf SportWagen,HIGHLINE,4,Gasoline,123237.0,2025/08/05,Quebec,9500
2017,Volkswagen,Passat,COMFORTLINE,4,Gasoline,119676.0,2025/08/05,Quebec,9000
2018,Volkswagen,Golf,HIGHLINE,4,Gasoline,152160.0,2025/08/05,Ontario,12300
2016,Volkswagen,Tiguan,HIGHLINE,4,Gasoline,154252.0,2025/08/05,British Columbia,4100
2018,Volkswagen,Golf GTI,GT,4,Gasoline,95751.0,2025/08/05,Ontario,17000
2018,Volkswagen,Tiguan,COMFORTLINE,4,Gasoline,118939.0,2025/08/05,Quebec,15500
2023,Volkswagen,Taos,COMFORTLINE,4,Gasoline,48263.0,2025/08/05,Ontario,26800
2022,Volkswagen,Golf GTI,PERFORMANCE,4,Gasoline,147354.0,2025/08/05,Ontario,21000
2023,Volkswagen,Tiguan,HIGHLINE,4,Gasoline,28901.0,2025/08/05,Ontario,36000
2014,Volkswagen,Tiguan,HIGHLINE,4,Gasoline,119604.0,2025/08/05,Quebec,7000
2016,Volkswagen,Golf Sportwagon,S,4,Gasoline,208758.0,2025/08/05,Ontario,5300
2016,Volkswagen,Tiguan,HIGHLINE,4,Gasoline,119550.0,2025/08/05,Ontario,10000
2018,Volkswagen,Golf R,S,4,Gasoline,153865.0,2025/08/05,Ontario,22100
2023,Volkswagen,Atlas,EXECLINE,6,Gasoline,41118.0,2025/08/05,Ontario,45300
2018,Volkswagen,Golf,HIGHLINE,4,Gasoline,120751.0,2025/08/05,Ontario,16200
2022,Volkswagen,Taos,COMFORTLINE,4,Gasoline,95470.0,2025/08/05,Ontario,21100
2019,Volkswagen,Jetta,COMFORTLINE,4,Gasoline,165558.0,2025/08/05,Ontario,9700
2014,Volkswagen,Tiguan,HIGHLINE,4,Gasoline,185245.0,2025/08/05,Ontario,5300
2021,Volkswagen,Tiguan,HIGHLINE,4,Gasoline,71778.0,2025/08/05,Ontario,26300
2012,Volkswagen,Tiguan,HIGHLINE,4,Gasoline,123244.0,2025/08/05,Ontario,6000
2013,Volkswagen,Tiguan,HIGHLINE,4,Gasoline,74917.0,2025/08/05,Ontario,9400
2021,Volkswagen,Tiguan,HIGHLINE,4,Gasoline,46787.0,2025/08/05,Ontario,26700
2021,Volkswagen,Golf GTI,GT,4,Gasoline,100169.0,2025/08/05,Ontario,24000
2016,Volkswagen,Tiguan,S,4,Gasoline,146196.0,2025/08/05,Ontario,8800
2022,Volkswagen,Tiguan,HIGHLINE,4,Gasoline,55598.0,2025/08/05,Ontario,32200
2022,Volkswagen,Tiguan,HIGHLINE,4,Gasoline,131281.0,2025/08/05,Ontario,21400
2021,Volkswagen,Atlas,EXECLINE,6,Gasoline,111201.0,2025/08/05,Quebec,30000
2024,Volkswagen,Tiguan,COMFORTLINE,4,Gasoline,30676.0,2025/08/05,Ontario,35000
2022,Volkswagen,Taos,COMFORTLINE,4,Gasoline,85353.0,2025/08/04,Quebec,20700
2019,Volkswagen,Golf,S,4,Gasoline,53671.0,2025/08/04,Quebec,17700
2019,Volkswagen,Jetta,COMFORTLINE,4,Gasoline,159881.0,2025/08/04,Quebec,8200
2015,Volkswagen,Jetta Sedan,S,4,Gasoline,155885.0,2025/08/04,Quebec,4700
2018,Volkswagen,Atlas,EXECLINE,6,Gasoline,126116.0,2025/08/04,Quebec,21000
2018,Volkswagen,Golf R,HIGHLINE,4,Gasoline,135980.0,2025/08/04,Quebec,20800
2014,Volkswagen,Jetta Sedan,TRENDLINE,4,Gasoline,143859.0,2025/08/04,Quebec,3500
2024,Volkswagen,Golf R,S,4,Gasoline,35157.0,2025/08/03,Ontario,44000
2014,Volkswagen,Jetta Sedan,TRENDLINE,4,Gasoline,182619.0,2025/08/02,Ontario,3800
2020,Volkswagen,Tiguan,TRENDLINE,4,Gasoline,97937.0,2025/08/02,Ontario,17800
2014,Volkswagen,Tiguan,HIGHLINE,4,Gasoline,148983.0,2025/08/02,British Columbia,8900
2023,Volkswagen,Tiguan,COMFORTLINE,4,Gasoline,25529.0,2025/08/02,Quebec,30400
2019,Volkswagen,Jetta,HIGHLINE,4,Gasoline,203970.0,2025/08/01,Ontario,8500
2019,Volkswagen,Jetta,HIGHLINE,4,Gasoline,142157.0,2025/08/01,Ontario,12000
2018,Volkswagen,Golf,HIGHLINE,4,Gasoline,141183.0,2025/08/01,Ontario,10400
2024,Volkswagen,Tiguan,COMFORTLINE,4,Gasoline,38900.0,2025/08/01,Ontario,30500
2023,Volkswagen,Tiguan,COMFORTLINE,4,Gasoline,112405.0,2025/08/01,Ontario,26200
2019,Volkswagen,Tiguan,COMFORTLINE,4,Gasoline,130161.0,2025/08/01,Ontario,14300
2017,Volkswagen,Tiguan,COMFORTLINE,4,Gasoline,98250.0,2025/08/01,Quebec,12100
2016,Volkswagen,Jetta Sedan,TRENDLINE,4,Gasoline,192684.0,2025/08/01,Ontario,4500
2016,Volkswagen,Golf R,HIGHLINE,4,Gasoline,153827.0,2025/08/01,Quebec,16500
2018,Volkswagen,Atlas,COMFORTLINE,6,Gasoline,118201.0,2025/08/01,Ontario,20500
2015,Volkswagen,Jetta Sedan,HIGHLINE,4,Gasoline,158532.0,2025/08/01,Quebec,3300
2012,Volkswagen,Jetta Sedan,COMFORTLINE,4,Diesel,123327.0,2025/07/31,Ontario,5300
2010,Volkswagen,Eos,HIGHLINE,4,Gasoline,160676.0,2025/07/31,Quebec,3000
2022,Volkswagen,Taos,HIGHLINE,4,Gasoline,92772.0,2025/07/31,Quebec,22500
2013,Volkswagen,Beetle Convertible,HIGHLINE,5,Gasoline,142363.0,2025/07/31,Ontario,8300
2021,Volkswagen,Tiguan,HIGHLINE,4,Gasoline,63805.0,2025/07/31,Ontario,25700
2023,Volkswagen,Atlas Cross Sport,HIGHLINE,6,Gasoline,68664.0,2025/07/31,British Columbia,36000
2016,Volkswagen,Tiguan,HIGHLINE,4,Gasoline,143083.0,2025/07/31,British Columbia,10000
2017,Volkswagen,Golf SportWagen,S,4,Gasoline,198058.0,2025/07/31,British Columbia,6800
2014,Volkswagen,Jetta Sedan,S,4,Diesel,112832.0,2025/07/31,Ontario,5700
2016,Volkswagen,Golf Sportwagon,S,4,Gasoline,140069.0,2025/07/31,Quebec,6800
2020,Volkswagen,Tiguan,HIGHLINE,4,Gasoline,198337.0,2025/07/31,Ontario,13300
2017,Volkswagen,Jetta Sedan,TRENDLINE,4,Gasoline,155352.0,2025/07/31,Ontario,6500
2023,Volkswagen,Tiguan,COMFORTLINE,4,Gasoline,53580.0,2025/07/31,Ontario,30300
2024,Volkswagen,Golf R,HIGHLINE,4,Gasoline,75205.0,2025/07/31,Ontario,38400
2019,Volkswagen,Atlas,HIGHLINE,6,Gasoline,95818.0,2025/07/31,Ontario,26000
2021,Volkswagen,Jetta,GL,4,Gasoline,115767.0,2025/07/31,Quebec,20200
2020,Volkswagen,Atlas Cross Sport,TRENDLINE,4,Gasoline,124431.0,2025/07/31,Ontario,18200
2022,Volkswagen,Tiguan,COMFORTLINE,4,Gasoline,38963.0,2025/07/31,Quebec,27300
2021,Volkswagen,Tiguan,HIGHLINE,4,Gasoline,50031.0,2025/07/31,Quebec,27000
2018,Volkswagen,Atlas,COMFORTLINE,4,Gasoline,218532.0,2025/07/30,Ontario,10500
2021,Volkswagen,Tiguan,HIGHLINE,4,Gasoline,80009.0,2025/07/30,Quebec,20900
2021,Volkswagen,Jetta,HIGHLINE,4,Gasoline,81351.0,2025/07/30,Quebec,21100
2018,Volkswagen,Tiguan,COMFORTLINE,4,Gasoline,92262.0,2025/07/30,Quebec,16600
2018,Volkswagen,Golf SportWagen,S,4,Gasoline,102574.0,2025/07/30,Quebec,7500
2014,Volkswagen,Tiguan,HIGHLINE,4,Gasoline,152124.0,2025/07/30,Nova Scotia,3000
2014,Volkswagen,Tiguan,HIGHLINE,4,Gasoline,189886.0,2025/07/30,Quebec,4000
2022,Volkswagen,Taos,COMFORTLINE,4,Gasoline,36807.0,2025/07/30,Quebec,22200
2015,Volkswagen,Tiguan,HIGHLINE,4,Gasoline,173489.0,2025/07/30,Nova Scotia,3000
2018,Volkswagen,Golf Alltrack,S,4,Gasoline,120382.0,2025/07/30,Ontario,15600
2015,Volkswagen,Jetta Sedan,HIGHLINE,4,Diesel,151478.0,2025/07/30,Ontario,7800
2017,Volkswagen,Tiguan,WOLFSBURG,4,Gasoline,124945.0,2025/07/30,Newfoundland and Labrador,8300
2021,Volkswagen,Atlas,EXECLINE,6,Gasoline,110539.0,2025/07/30,Ontario,30000
2017,Volkswagen,Jetta Sedan,WOLFSBURG,4,Gasoline,106988.0,2025/07/30,Newfoundland and Labrador,6700
2012,Volkswagen,Tiguan,HIGHLINE,4,Gasoline,173881.0,2025/07/30,British Columbia,6600
2021,Volkswagen,Passat,EXECLINE,4,Gasoline,91804.0,2025/07/29,Ontario,21000
2017,Volkswagen,Jetta Sedan,WOLFSBURG,4,Gasoline,113825.0,2025/07/29,Quebec,10000
2021,Volkswagen,Jetta,EXECLINE,4,Gasoline,59399.0,2025/07/29,Ontario,23000
2017,Volkswagen,Golf SportWagen,COMFORTLINE,4,Gasoline,183229.0,2025/07/29,Ontario,8700
2021,Volkswagen,Tiguan,HIGHLINE,4,Gasoline,84554.0,2025/07/29,Quebec,24000
2016,Volkswagen,Jetta Sedan,COMFORTLINE,4,Gasoline,94238.0,2025/07/29,British Columbia,4000
2017,Volkswagen,Golf,S,4,Gasoline,122990.0,2025/07/29,British Columbia,11200
2020,Volkswagen,Tiguan,HIGHLINE,4,Gasoline,47044.0,2025/07/29,Ontario,25400
2023,Volkswagen,Tiguan,COMFORTLINE,4,Gasoline,73126.0,2025/07/29,British Columbia,27000
2022,Volkswagen,Tiguan,COMFORTLINE,4,Gasoline,85383.0,2025/07/29,Ontario,27000
2023,Volkswagen,Tiguan,COMFORTLINE,4,Gasoline,52918.0,2025/07/29,Quebec,31000
2021,Volkswagen,Tiguan,HIGHLINE,4,Gasoline,83572.0,2025/07/29,Quebec,21000
2023,Volkswagen,Atlas,EXECLINE,6,Gasoline,56883.0,2025/07/29,Ontario,44100
2018,Volkswagen,Golf R,HIGHLINE,4,Gasoline,92152.0,2025/07/29,Quebec,25200
2022,Volkswagen,Taos,HIGHLINE,4,Gasoline,54086.0,2025/07/29,Quebec,26600
2021,Volkswagen,Tiguan,HIGHLINE,4,Gasoline,80008.0,2025/07/29,Ontario,21200
2017,Volkswagen,Golf,HIGHLINE,4,Gasoline,144676.0,2025/07/29,Ontario,8600
2023,Volkswagen,Taos,TRENDLINE,4,Gasoline,53330.0,2025/07/29,Ontario,22000
2018,Volkswagen,Golf GTI,GT,4,Gasoline,98267.0,2025/07/29,Alberta,16000
2017,Volkswagen,Golf GTI,GT,4,Gasoline,180710.0,2025/07/29,Ontario,6500
2019,Volkswagen,Atlas,EXECLINE,6,Gasoline,117361.0,2025/07/28,Ontario,23500
2022,Volkswagen,Jetta,HIGHLINE,4,Gasoline,30468.0,2025/07/28,Ontario,25000
2021,Volkswagen,Atlas,HIGHLINE,6,Gasoline,64167.0,2025/07/28,Ontario,31500
2019,Volkswagen,Jetta,COMFORTLINE,4,Gasoline,60136.0,2025/07/28,Quebec,13000
2019,Volkswagen,Jetta,HIGHLINE,4,Gasoline,158513.0,2025/07/28,Quebec,13500
2024,Volkswagen,Atlas,EXECLINE,4,Gasoline,50634.0,2025/07/28,New Brunswick,48200
2012,Volkswagen,Passat,HIGHLINE,6,Gasoline,131021.0,2025/07/28,Ontario,4000
2017,Volkswagen,Golf R,S,4,Gasoline,126615.0,2025/07/28,Quebec,20900
2017,Volkswagen,Touareg,EXECLINE,6,Gasoline,112351.0,2025/07/28,Ontario,16700
2019,Volkswagen,Tiguan,HIGHLINE,4,Gasoline,161062.0,2025/07/28,Alberta,14200
2021,Volkswagen,Atlas Cross Sport,EXECLINE,4,Gasoline,58676.0,2025/07/28,Ontario,30500
2022,Volkswagen,Atlas,EXECLINE,6,Gasoline,155195.0,2025/07/28,Ontario,24500
2016,Volkswagen,Tiguan,HIGHLINE,4,Gasoline,83911.0,2025/07/28,Ontario,11600
2023,Volkswagen,Tiguan,HIGHLINE,4,Gasoline,28419.0,2025/07/28,Ontario,34100
2022,Volkswagen,Taos,TRENDLINE,4,Gasoline,98280.0,2025/07/28,Ontario,22500
2015,Volkswagen,Golf Sportwagon,COMFORTLINE,4,Gasoline,98459.0,2025/07/28,Quebec,9900
2023,Volkswagen,Atlas,EXECLINE,6,Gasoline,36250.0,2025/07/28,Ontario,44400
2021,Volkswagen,Jetta,COMFORTLINE,4,Gasoline,92439.0,2025/07/28,Quebec,17100
2022,Volkswagen,Tiguan,COMFORTLINE,4,Gasoline,78783.0,2025/07/28,Ontario,26100
2018,Volkswagen,Golf GTI,S,4,Gasoline,85545.0,2025/07/28,Quebec,21800
2018,Volkswagen,Tiguan,COMFORTLINE,4,Gasoline,57061.0,2025/07/28,Ontario,18800
2015,Volkswagen,Golf,TRENDLINE,4,Gasoline,198455.0,2025/07/28,Quebec,4500
2022,Volkswagen,Tiguan,COMFORTLINE,4,Gasoline,90706.0,2025/07/28,Ontario,25000
2022,Volkswagen,Jetta GLI,S,4,Gasoline,37224.0,2025/07/28,Quebec,26100
2022,Volkswagen,Tiguan,COMFORTLINE,4,Gasoline,47215.0,2025/07/28,Ontario,27800
2013,Volkswagen,Golf Wagon,S,4,Diesel,133562.0,2025/07/28,Ontario,7100
2020,Volkswagen,Passat,COMFORTLINE,4,Gasoline,135838.0,2025/07/26,Ontario,13600
2019,Volkswagen,Tiguan,HIGHLINE,4,Gasoline,174742.0,2025/07/26,Ontario,11200
2012,Volkswagen,Jetta Sedan,TRENDLINE,4,Gasoline,129043.0,2025/07/26,Ontario,3500
2023,Volkswagen,Atlas,EXECLINE,6,Gasoline,29831.0,2025/07/26,Ontario,45200
2022,Volkswagen,Jetta GLI,S,4,Gasoline,81602.0,2025/07/25,Quebec,22700
2015,Volkswagen,Tiguan,COMFORTLINE,4,Gasoline,154912.0,2025/07/25,Ontario,5900
2015,Volkswagen,Tiguan,HIGHLINE,4,Gasoline,55242.0,2025/07/25,Ontario,11400
2022,Volkswagen,Jetta,HIGHLINE,4,Gasoline,88130.0,2025/07/25,Quebec,22400
2022,Volkswagen,Tiguan,COMFORTLINE,4,Gasoline,43970.0,2025/07/25,Ontario,26000
2023,Volkswagen,Tiguan,COMFORTLINE,4,Gasoline,39000.0,2025/07/25,British Columbia,31300
2023,Volkswagen,Tiguan,COMFORTLINE,4,Gasoline,35857.0,2025/07/25,Ontario,32000
2020,Volkswagen,Tiguan,HIGHLINE,4,Gasoline,63861.0,2025/07/25,Ontario,21000
2009,Volkswagen,Tiguan,HIGHLINE,4,Gasoline,60200.0,2025/07/25,British Columbia,7400
2021,Volkswagen,Atlas,HIGHLINE,4,Gasoline,105979.0,2025/07/25,British Columbia,27700
2019,Volkswagen,Jetta,HIGHLINE,4,Gasoline,63704.0,2025/07/25,Ontario,17800
2015,Volkswagen,Jetta Sedan,COMFORTLINE,4,Diesel,185864.0,2025/07/25,Ontario,5600
2013,Volkswagen,Jetta Sedan,S,5,Gasoline,120884.0,2025/07/25,Ontario,3100
2022,Volkswagen,Tiguan,HIGHLINE,4,Gasoline,102960.0,2025/07/25,Ontario,25900
2021,Volkswagen,Tiguan,HIGHLINE,4,Gasoline,60748.0,2025/07/25,Ontario,25300
2013,Volkswagen,Jetta Sedan,S,5,Gasoline,149725.0,2025/07/25,Ontario,5000
2012,Volkswagen,Passat,HIGHLINE,5,Gasoline,118552.0,2025/07/25,New Brunswick,3000
2022,Volkswagen,Taos,TRENDLINE,4,Gasoline,82098.0,2025/07/25,Ontario,17700
2015,Volkswagen,Jetta Sedan,S,4,Gasoline,188858.0,2025/07/24,Quebec,4100
2020,Volkswagen,Passat,HIGHLINE,4,Gasoline,123198.0,2025/07/24,Ontario,16900
2015,Volkswagen,Tiguan,HIGHLINE,4,Gasoline,67364.0,2025/07/24,Ontario,8900
2013,Volkswagen,Passat,COMFORTLINE,5,Gasoline,177449.0,2025/07/24,Ontario,3700
2021,Volkswagen,Tiguan,HIGHLINE,4,Gasoline,66195.0,2025/07/24,Ontario,18900
2015,Volkswagen,Tiguan,HIGHLINE,4,Gasoline,166060.0,2025/07/24,Ontario,5800
2018,Volkswagen,Tiguan,HIGHLINE,4,Gasoline,32849.0,2025/07/24,British Columbia,23800
2021,Volkswagen,Atlas,EXECLINE,6,Gasoline,125346.0,2025/07/24,Alberta,31800
2022,Volkswagen,Tiguan,COMFORTLINE,4,Gasoline,99697.0,2025/07/24,Quebec,24500
2022,Volkswagen,Golf GTI,PERFORMANCE,4,Gasoline,94036.0,2025/07/24,Ontario,27700
2023,Volkswagen,Atlas,EXECLINE,6,Gasoline,58229.0,2025/07/24,Nova Scotia,41000
2018,Volkswagen,Tiguan,COMFORTLINE,4,Gasoline,159330.0,2025/07/24,Quebec,11900
2016,Volkswagen,Golf,HIGHLINE,4,Gasoline,150115.0,2025/07/24,Ontario,7100
2017,Volkswagen,Golf,HIGHLINE,4,Gasoline,156775.0,2025/07/23,Ontario,7300
2018,Volkswagen,Golf GTI,GT,4,Gasoline,186233.0,2025/07/23,Quebec,8500
2017,Volkswagen,Beetle Coupe,HIGHLINE,4,Gasoline,191303.0,2025/07/23,Ontario,7500
2021,Volkswagen,Tiguan,HIGHLINE,4,Gasoline,60327.0,2025/07/23,Ontario,26500
2022,Volkswagen,Taos,COMFORTLINE,4,Gasoline,81303.0,2025/07/23,Quebec,21300
2019,Volkswagen,Jetta,COMFORTLINE,4,Gasoline,185939.0,2025/07/23,Ontario,9300
2024,Volkswagen,Atlas,COMFORTLINE,4,Gasoline,49044.0,2025/07/23,Ontario,41000
2011,Volkswagen,Passat CC,HIGHLINE,4,Gasoline,111315.0,2025/07/23,Ontario,4600
2024,Volkswagen,Taos,COMFORTLINE,4,Gasoline,35620.0,2025/07/23,Alberta,29500
2009,Volkswagen,Eos,S,4,Gasoline,155186.0,2025/07/23,British Columbia,3600
2015,Volkswagen,Golf,TRENDLINE,4,Gasoline,99721.0,2025/07/23,Quebec,9300
2023,Volkswagen,Atlas,EXECLINE,6,Gasoline,30593.0,2025/07/23,Ontario,45100
2022,Volkswagen,Golf R,S,4,Gasoline,48171.0,2025/07/23,Ontario,40700
2021,Volkswagen,Golf,HIGHLINE,4,Gasoline,47471.0,2025/07/23,Quebec,23900
2022,Volkswagen,Tiguan,COMFORTLINE,4,Gasoline,75481.0,2025/07/23,Ontario,22800
2018,Volkswagen,Golf,HIGHLINE,4,Gasoline,144769.0,2025/07/23,Quebec,10000
2020,Volkswagen,Tiguan,HIGHLINE,4,Gasoline,59951.0,2025/07/23,Quebec,23300
2018,Volkswagen,Tiguan,COMFORTLINE,4,Gasoline,164995.0,2025/07/23,Quebec,12400
2014,Volkswagen,Passat,TRENDLINE,4,Diesel,163776.0,2025/07/23,Quebec,3100
2017,Volkswagen,Golf GTI,GT,4,Gasoline,155866.0,2025/07/23,Quebec,11800
2016,Volkswagen,Jetta Sedan,GL,4,Gasoline,213895.0,2025/07/23,Quebec,3200
2021,Volkswagen,Tiguan,UNITED,4,Gasoline,85933.0,2025/07/23,Quebec,20200
2021,Volkswagen,Tiguan,HIGHLINE,4,Gasoline,110711.0,2025/07/23,Ontario,23400
2013,Volkswagen,Beetle Coupe,HIGHLINE,4,Gasoline,64493.0,2025/07/23,Quebec,12000
2014,Volkswagen,Touareg,HIGHLINE,6,Diesel,134373.0,2025/07/22,Ontario,10200
2016,Volkswagen,Golf,S,4,Gasoline,83488.0,2025/07/22,Ontario,10100
2017,Volkswagen,Golf GTI,GT,4,Gasoline,161357.0,2025/07/22,Ontario,5500
2016,Volkswagen,Golf Sportwagon,S,4,Gasoline,191518.0,2025/07/22,British Columbia,7500
2018,Volkswagen,Tiguan,HIGHLINE,4,Gasoline,148960.0,2025/07/22,Ontario,13500
2022,Volkswagen,Atlas,HIGHLINE,6,Gasoline,89899.0,2025/07/22,Ontario,35200
2017,Volkswagen,Tiguan,HIGHLINE,4,Gasoline,176116.0,2025/07/22,Ontario,7700
2015,Volkswagen,Golf,S,4,Gasoline,105650.0,2025/07/22,Ontario,9300
2024,Volkswagen,Taos,HIGHLINE,4,Gasoline,25421.0,2025/07/22,Ontario,31300
2022,Volkswagen,Tiguan,COMFORTLINE,4,Gasoline,46754.0,2025/07/22,Quebec,29600
2024,Volkswagen,Tiguan,COMFORTLINE,4,Gasoline,40278.0,2025/07/22,Ontario,36300
2023,Volkswagen,Atlas Cross Sport,EXECLINE,6,Gasoline,66589.0,2025/07/22,Ontario,38300
2021,Volkswagen,Atlas Cross Sport,COMFORTLINE,6,Gasoline,148230.0,2025/07/22,Quebec,20000
2020,Volkswagen,Jetta,COMFORTLINE,4,Gasoline,194194.0,2025/07/21,Ontario,10000
2024,Volkswagen,ID.4,PRO,0,Electric,44474.0,2025/07/21,Quebec,33000
2019,Volkswagen,Arteon,HIGHLINE,4,Gasoline,115557.0,2025/07/21,Ontario,21800
2023,Volkswagen,Taos,COMFORTLINE,4,Gasoline,41928.0,2025/07/21,Quebec,26100
2022,Volkswagen,Jetta,COMFORTLINE,4,Gasoline,46063.0,2025/07/21,Quebec,23500
2014,Volkswagen,Jetta Sedan,TRENDLINE,4,Gasoline,178132.0,2025/07/21,British Columbia,6200
2023,Volkswagen,Tiguan,COMFORTLINE,4,Gasoline,78995.0,2025/07/21,Ontario,30000
2017,Volkswagen,Jetta Sedan,WOLFSBURG,4,Gasoline,210875.0,2025/07/21,Ontario,6400
2016,Volkswagen,Tiguan,HIGHLINE,4,Gasoline,182834.0,2025/07/21,Alberta,6900
2019,Volkswagen,Jetta,HIGHLINE,4,Gasoline,120049.0,2025/07/21,Ontario,15300
2021,Volkswagen,Atlas,HIGHLINE,4,Gasoline,58078.0,2025/07/21,Ontario,31300
2016,Volkswagen,Golf,S,4,Gasoline,167823.0,2025/07/21,Ontario,5700
2022,Volkswagen,Taos,COMFORTLINE,4,Gasoline,54086.0,2025/07/21,Ontario,25000
2021,Volkswagen,Tiguan,HIGHLINE,4,Gasoline,60974.0,2025/07/21,Ontario,22000
2017,Volkswagen,Tiguan,WOLFSBURG,4,Gasoline,97019.0,2025/07/21,Quebec,12500
2018,Volkswagen,Tiguan,TRENDLINE,4,Gasoline,132806.0,2025/07/21,Quebec,13600
2014,Volkswagen,Jetta Sedan,S,4,Diesel,165258.0,2025/07/21,Ontario,7200
2021,Volkswagen,Tiguan,HIGHLINE,4,Gasoline,100487.0,2025/07/21,Quebec,22600
2015,Volkswagen,Jetta Sedan,S,4,Gasoline,90356.0,2025/07/21,Ontario,7800
2012,Volkswagen,Golf GTI,S,4,Gasoline,215904.0,2025/07/21,Quebec,3300
2012,Volkswagen,Tiguan,HIGHLINE,4,Gasoline,167026.0,2025/07/21,Ontario,5800
2023,Volkswagen,Golf GTI,S,4,Gasoline,33310.0,2025/07/21,Ontario,33000
2017,Volkswagen,e-Golf,COMFORTLINE,0,Electric,178656.0,2025/07/21,Quebec,6900
2013,Volkswagen,Passat,HIGHLINE,4,Diesel,184715.0,2025/07/20,Ontario,5400
2021,Volkswagen,Tiguan,HIGHLINE,4,Gasoline,111710.0,2025/07/19,Saskatchewan,21500
2019,Volkswagen,Jetta,HIGHLINE,4,Gasoline,205137.0,2025/07/19,Ontario,9300
2020,Volkswagen,Passat,COMFORTLINE,4,Gasoline,143678.0,2025/07/19,Ontario,14500
2015,Volkswagen,Golf,S,4,Gasoline,136693.0,2025/07/18,Ontario,6800
2010,Volkswagen,Golf,TRENDLINE,5,Gasoline,73576.0,2025/07/18,Ontario,6800
2024,Volkswagen,Tiguan,HIGHLINE,4,Gasoline,55735.0,2025/07/18,Ontario,39000
2022,Volkswagen,Tiguan,COMFORTLINE,4,Gasoline,77589.0,2025/07/18,Ontario,27400
2023,Volkswagen,Tiguan,TRENDLINE,4,Gasoline,49500.0,2025/07/18,Ontario,25300
2021,Volkswagen,Jetta,HIGHLINE,4,Gasoline,100036.0,2025/07/18,Ontario,19100
2021,Volkswagen,Jetta,EXECLINE,4,Gasoline,188010.0,2025/07/18,Ontario,15300
2024,Volkswagen,Tiguan,COMFORTLINE,4,Gasoline,52782.0,2025/07/18,Ontario,29900
2015,Volkswagen,Golf,S,4,Gasoline,211527.0,2025/07/18,Alberta,3300
2014,Volkswagen,Jetta Sedan,TRENDLINE,4,Gasoline,141399.0,2025/07/18,Manitoba,3900
2018,Volkswagen,Golf,HIGHLINE,4,Gasoline,212749.0,2025/07/18,Quebec,6600
2023,Volkswagen,Jetta,HIGHLINE,4,Gasoline,50343.0,2025/07/17,Ontario,24500
2015,Volkswagen,Jetta Sedan,HIGHLINE,4,Gasoline,56901.0,2025/07/17,Ontario,12800
2023,Volkswagen,Tiguan,COMFORTLINE,4,Gasoline,51747.0,2025/07/17,Alberta,34500
2022,Volkswagen,Tiguan,COMFORTLINE,4,Gasoline,87521.0,2025/07/17,Quebec,25600
2021,Volkswagen,Tiguan,HIGHLINE,4,Gasoline,56622.0,2025/07/17,Ontario,26500
2023,Volkswagen,Tiguan,COMFORTLINE,4,Gasoline,170632.0,2025/07/17,Ontario,18000
2016,Volkswagen,Golf,S,4,Gasoline,188500.0,2025/07/17,Ontario,4900
2016,Volkswagen,Golf GTI,GT,4,Gasoline,75705.0,2025/07/17,Ontario,17600
2018,Volkswagen,Tiguan,HIGHLINE,4,Gasoline,72592.0,2025/07/17,Ontario,20700
2022,Volkswagen,Jetta GLI,S,4,Gasoline,38743.0,2025/07/16,Ontario,27000
2018,Volkswagen,Golf SportWagen,S,4,Gasoline,103443.0,2025/07/16,Ontario,16400
2023,Volkswagen,Tiguan,COMFORTLINE,4,Gasoline,29244.0,2025/07/16,Ontario,34100
2015,Volkswagen,Jetta Sedan,HIGHLINE,4,Diesel,142818.0,2025/07/16,Ontario,8000
2018,Volkswagen,Atlas,EXECLINE,6,Gasoline,98500.0,2025/07/16,Ontario,23600
2021,Volkswagen,Atlas,COMFORTLINE,4,Gasoline,76455.0,2025/07/16,Ontario,29200
2022,Volkswagen,Jetta,COMFORTLINE,4,Gasoline,118732.0,2025/07/16,Quebec,18200
2022,Volkswagen,Taos,TRENDLINE,4,Gasoline,92209.0,2025/07/16,Ontario,19000
2018,Volkswagen,Golf SportWagen,S,4,Gasoline,116500.0,2025/07/16,Ontario,15300
2015,Volkswagen,Golf,S,4,Gasoline,198615.0,2025/07/16,Quebec,5100
2018,Volkswagen,Golf R,S,4,Gasoline,186929.0,2025/07/15,Ontario,17000
2022,Volkswagen,Tiguan,HIGHLINE,4,Gasoline,95013.0,2025/07/15,Quebec,27200
2022,Volkswagen,Tiguan,COMFORTLINE,4,Gasoline,114343.0,2025/07/15,Ontario,23400
2018,Volkswagen,Tiguan,COMFORTLINE,4,Gasoline,130000.0,2025/07/15,British Columbia,16300
2022,Volkswagen,Jetta,COMFORTLINE,4,Gasoline,31778.0,2025/07/15,Quebec,23600
2022,Volkswagen,Tiguan,COMFORTLINE,4,Gasoline,89506.0,2025/07/15,Ontario,25500
2013,Volkswagen,Jetta Sedan,S,4,Gasoline,172333.0,2025/07/15,Ontario,4600
2018,Volkswagen,Tiguan,HIGHLINE,4,Gasoline,197272.0,2025/07/15,Ontario,7600
2023,Volkswagen,Tiguan,COMFORTLINE,4,Gasoline,41408.0,2025/07/15,Ontario,30800
2021,Volkswagen,Jetta,HIGHLINE,4,Gasoline,104808.0,2025/07/15,Ontario,19800
2018,Volkswagen,Golf SportWagen,S,4,Gasoline,115443.0,2025/07/15,Quebec,13700
2011,Volkswagen,Golf GTI,GT,4,Gasoline,124269.0,2025/07/15,Quebec,7400
2018,Volkswagen,Atlas,HIGHLINE,6,Gasoline,119404.0,2025/07/15,Ontario,21800
2023,Volkswagen,Taos,HIGHLINE,4,Gasoline,26187.0,2025/07/15,Ontario,30000
2023,Volkswagen,Atlas,HIGHLINE,6,Gasoline,71945.0,2025/07/15,Quebec,38600
2018,Volkswagen,Golf R,HIGHLINE,4,Gasoline,129231.0,2025/07/15,Ontario,18700
2018,Volkswagen,Atlas,COMFORTLINE,6,Gasoline,159284.0,2025/07/15,Ontario,10500
2014,Volkswagen,Tiguan,HIGHLINE,4,Gasoline,184381.0,2025/07/15,Ontario,4600
2015,Volkswagen,Golf,S,4,Gasoline,182282.0,2025/07/14,British Columbia,5000
2024,Volkswagen,Taos,TRENDLINE,4,Gasoline,32870.0,2025/07/14,Ontario,24400
2021,Volkswagen,Jetta,HIGHLINE,4,Gasoline,95507.0,2025/07/14,British Columbia,21000
2022,Volkswagen,Taos,HIGHLINE,4,Gasoline,27500.0,2025/07/14,Ontario,27500
2022,Volkswagen,Taos,COMFORTLINE,4,Gasoline,52613.0,2025/07/14,Quebec,25200
2015,Volkswagen,Beetle Coupe,S,4,Gasoline,161571.0,2025/07/14,Ontario,7200
2019,Volkswagen,Golf GTI,GT,4,Gasoline,95037.0,2025/07/14,Quebec,20000
2017,Volkswagen,Jetta Sedan,WOLFSBURG,4,Gasoline,162747.0,2025/07/14,Nova Scotia,7600
2022,Volkswagen,Tiguan,COMFORTLINE,4,Gasoline,41019.0,2025/07/14,Ontario,25800
2018,Volkswagen,Atlas,EXECLINE,6,Gasoline,102555.0,2025/07/14,Ontario,25000
2022,Volkswagen,Golf R,S,4,Gasoline,68600.0,2025/07/14,Ontario,38100
2017,Volkswagen,Jetta Sedan,HIGHLINE,4,Gasoline,150924.0,2025/07/14,British Columbia,8300
2021,Volkswagen,Atlas,HIGHLINE,4,Gasoline,111122.0,2025/07/14,Ontario,24000
2021,Volkswagen,Atlas,COMFORTLINE,4,Gasoline,204040.0,2025/07/14,Alberta,15500
2019,Volkswagen,Golf R,S,4,Gasoline,75329.0,2025/07/14,Quebec,27400
2016,Volkswagen,Golf,S,4,Gasoline,160500.0,2025/07/14,Quebec,6000
2024,Volkswagen,Taos,HIGHLINE,4,Gasoline,25392.0,2025/07/14,Quebec,30900
2016,Volkswagen,Jetta Sedan,COMFORTLINE,4,Gasoline,112312.0,2025/07/14,Quebec,4300
2013,Volkswagen,Passat,HIGHLINE,4,Diesel,200144.0,2025/07/14,Quebec,4500
2022,Volkswagen,Taos,TRENDLINE,4,Gasoline,101032.0,2025/07/14,Ontario,19200
2014,Volkswagen,Beetle Convertible,SPORTLINE,4,Gasoline,100937.0,2025/07/14,Ontario,11200
2017,Volkswagen,Golf R,S,4,Gasoline,104041.0,2025/07/14,Quebec,21000
2020,Volkswagen,Jetta,HIGHLINE,4,Gasoline,71008.0,2025/07/14,Ontario,19000
2024,Volkswagen,Golf R,S,4,Gasoline,39473.0,2025/07/14,Quebec,45500
2019,Volkswagen,Golf R,HIGHLINE,4,Gasoline,91354.0,2025/07/14,Ontario,27400
2022,Volkswagen,Taos,COMFORTLINE,4,Gasoline,97024.0,2025/07/14,Ontario,21300
2024,Volkswagen,Atlas,EXECLINE,4,Gasoline,36773.0,2025/07/14,Quebec,49000
2015,Volkswagen,Jetta Sedan,S,4,Gasoline,135757.0,2025/07/12,Ontario,8000
2019,Volkswagen,Golf,HIGHLINE,4,Gasoline,130437.0,2025/07/12,Ontario,13500
2019,Volkswagen,Atlas,HIGHLINE,6,Gasoline,66592.0,2025/07/12,Ontario,31100
2013,Volkswagen,Tiguan,HIGHLINE,4,Gasoline,136278.0,2025/07/12,Ontario,6900
2019,Volkswagen,Golf,HIGHLINE,4,Gasoline,62522.0,2025/07/12,Ontario,18800
2018,Volkswagen,Golf R,S,4,Gasoline,76246.0,2025/07/11,Quebec,25000
2019,Volkswagen,Golf Alltrack,S,4,Gasoline,47000.0,2025/07/11,British Columbia,28400
2011,Volkswagen,Tiguan,HIGHLINE,4,Gasoline,194173.0,2025/07/11,Ontario,3600
2022,Volkswagen,Golf R,HIGHLINE,4,Gasoline,40790.0,2025/07/11,Ontario,39700
2013,Volkswagen,Jetta Sedan,S,4,Hybrid,78446.0,2025/07/11,Quebec,4200
2023,Volkswagen,Atlas Cross Sport,COMFORTLINE,6,Gasoline,76817.0,2025/07/11,Ontario,33700
2019,Volkswagen,Golf,HIGHLINE,4,Gasoline,86367.0,2025/07/11,Quebec,16000
2013,Volkswagen,Jetta Sedan,HIGHLINE,4,Diesel,167886.0,2025/07/11,British Columbia,6000
2019,Volkswagen,Jetta,EXECLINE,4,Gasoline,107193.0,2025/07/11,Quebec,17600
2015,Volkswagen,Golf,S,4,Gasoline,122863.0,2025/07/11,Ontario,5000
2024,Volkswagen,Atlas,COMFORTLINE,4,Gasoline,34088.0,2025/07/11,Ontario,43500
2024,Volkswagen,Atlas Cross Sport,HIGHLINE,4,Gasoline,49102.0,2025/07/11,Ontario,41500
2013,Volkswagen,Golf GTI,S,4,Gasoline,118550.0,2025/07/11,Quebec,4500
2019,Volkswagen,Tiguan,TRENDLINE,4,Gasoline,150370.0,2025/07/11,Quebec,10500
2019,Volkswagen,Tiguan,COMFORTLINE,4,Gasoline,137411.0,2025/07/11,Quebec,16700
2017,Volkswagen,e-Golf,COMFORTLINE,0,Electric,112533.0,2025/07/11,Ontario,8600
2024,Volkswagen,Tiguan,COMFORTLINE,4,Gasoline,28800.0,2025/07/11,Ontario,36200
2022,Volkswagen,Taos,TRENDLINE,4,Gasoline,150772.0,2025/07/11,British Columbia,15800
2020,Volkswagen,Tiguan,HIGHLINE,4,Gasoline,110347.0,2025/07/10,British Columbia,21100
2017,Volkswagen,Jetta Sedan,S,4,Gasoline,72868.0,2025/07/10,Ontario,9800
2018,Volkswagen,Atlas,EXECLINE,6,Gasoline,117804.0,2025/07/10,Ontario,22500
2019,Volkswagen,Jetta,GL,4,Gasoline,145038.0,2025/07/10,Quebec,17100
2015,Volkswagen,Tiguan,HIGHLINE,4,Gasoline,161412.0,2025/07/10,Ontario,5100
2018,Volkswagen,Atlas,HIGHLINE,6,Gasoline,109668.0,2025/07/10,Quebec,22900
2014,Volkswagen,Tiguan,HIGHLINE,4,Gasoline,161945.0,2025/07/10,Ontario,4300
2014,Volkswagen,Golf Wagon,S,4,Diesel,151312.0,2025/07/10,Ontario,8000
2021,Volkswagen,Jetta,HIGHLINE,4,Gasoline,73712.0,2025/07/10,Quebec,19200
2015,Volkswagen,Beetle Coupe,COMFORTLINE,4,Gasoline,167304.0,2025/07/10,Ontario,3000
2022,Volkswagen,Atlas,HIGHLINE,6,Gasoline,98624.0,2025/07/10,Quebec,33300
2016,Volkswagen,Tiguan,HIGHLINE,4,Gasoline,154250.0,2025/07/10,British Columbia,3500
2018,Volkswagen,Beetle Convertible,HIGHLINE,4,Gasoline,46657.0,2025/07/10,Ontario,28000
2023,Volkswagen,Tiguan,COMFORTLINE,4,Gasoline,67055.0,2025/07/10,Ontario,30000
2014,Volkswagen,Golf Wagon,HIGHLINE,4,Diesel,142923.0,2025/07/10,Ontario,4800
2019,Volkswagen,Golf R,HIGHLINE,4,Gasoline,91445.0,2025/07/10,Quebec,27700
2022,Volkswagen,Taos,HIGHLINE,4,Gasoline,34460.0,2025/07/10,Ontario,27200
2009,Volkswagen,Eos,S,4,Gasoline,148317.0,2025/07/10,British Columbia,6000
2015,Volkswagen,Golf,TRENDLINE,4,Gasoline,145296.0,2025/07/09,Ontario,7500
2019,Volkswagen,Jetta,HIGHLINE,4,Gasoline,84558.0,2025/07/09,Quebec,17000
2016,Volkswagen,Golf,S,4,Gasoline,166238.0,2025/07/09,Ontario,6700
2023,Volkswagen,Tiguan,COMFORTLINE,4,Gasoline,38210.0,2025/07/09,Ontario,30000
2016,Volkswagen,Golf Sportwagon,HIGHLINE,4,Gasoline,78737.0,2025/07/09,Quebec,10700
2023,Volkswagen,Golf GTI,S,4,Gasoline,60265.0,2025/07/09,Ontario,31600
2015,Volkswagen,Golf Sportwagon,S,4,Gasoline,164753.0,2025/07/09,Ontario,10000
2022,Volkswagen,Atlas,HIGHLINE,6,Gasoline,28212.0,2025/07/09,Ontario,40300
2022,Volkswagen,Jetta,HIGHLINE,4,Gasoline,41629.0,2025/07/09,Ontario,25000
2021,Volkswagen,Atlas Cross Sport,COMFORTLINE,4,Gasoline,84033.0,2025/07/09,Ontario,25100
2021,Volkswagen,Tiguan,HIGHLINE,4,Gasoline,62221.0,2025/07/09,Quebec,26300
2018,Volkswagen,Golf SportWagen,TRENDLINE,4,Gasoline,122642.0,2025/07/09,Quebec,11900
2011,Volkswagen,Golf,HIGHLINE,5,Gasoline,166967.0,2025/07/09,British Columbia,6300
2022,Volkswagen,Tiguan,COMFORTLINE,4,Gasoline,47824.0,2025/07/09,Ontario,30000
2018,Volkswagen,Golf,HIGHLINE,4,Gasoline,89610.0,2025/07/09,Ontario,18100
2015,Volkswagen,Golf GTI,GT,4,Gasoline,191178.0,2025/07/09,Ontario,7600
2016,Volkswagen,Golf,S,4,Gasoline,34454.0,2025/07/09,Quebec,15200
2015,Volkswagen,Golf,S,4,Gasoline,133970.0,2025/07/09,Ontario,8200
2022,Volkswagen,Tiguan,TRENDLINE,4,Gasoline,62007.0,2025/07/09,Quebec,23000
2015,Volkswagen,Golf,COMFORTLINE,4,Diesel,155350.0,2025/07/09,Ontario,10700
2021,Volkswagen,Tiguan,HIGHLINE,4,Gasoline,72066.0,2025/07/09,Ontario,25000
2015,Volkswagen,Tiguan,HIGHLINE,4,Gasoline,221462.0,2025/07/09,Ontario,3000
2021,Volkswagen,Jetta,HIGHLINE,4,Gasoline,58799.0,2025/07/08,Quebec,21500
2023,Volkswagen,Jetta,HIGHLINE,4,Gasoline,50310.0,2025/07/08,Quebec,24900
2022,Volkswagen,Atlas,HIGHLINE,6,Gasoline,64800.0,2025/07/08,Ontario,36000
2022,Volkswagen,Tiguan,COMFORTLINE,4,Gasoline,59035.0,2025/07/08,Quebec,28000
2017,Volkswagen,Tiguan,COMFORTLINE,4,Gasoline,71862.0,2025/07/08,Ontario,17100
2019,Volkswagen,Atlas,COMFORTLINE,6,Gasoline,220825.0,2025/07/08,Ontario,9200
2015,Volkswagen,Jetta Sedan,TRENDLINE,4,Gasoline,178591.0,2025/07/08,Quebec,6600
2013,Volkswagen,Golf,S,4,Diesel,129111.0,2025/07/08,Ontario,4700
2016,Volkswagen,Tiguan,S,4,Gasoline,165550.0,2025/07/08,Quebec,6100
2024,Volkswagen,Tiguan,TRENDLINE,4,Gasoline,57214.0,2025/07/08,Ontario,27100
2015,Volkswagen,Golf,S,4,Gasoline,218677.0,2025/07/08,Ontario,3600
2018,Volkswagen,Tiguan,HIGHLINE,4,Gasoline,189465.0,2025/07/08,Ontario,11900
2015,Volkswagen,Golf,S,4,Gasoline,141930.0,2025/07/08,Ontario,9700
2022,Volkswagen,Tiguan,HIGHLINE,4,Gasoline,35823.0,2025/07/08,Quebec,32700
2020,Volkswagen,Tiguan,HIGHLINE,4,Gasoline,98322.0,2025/07/08,Quebec,19400
2021,Volkswagen,Jetta,HIGHLINE,4,Gasoline,89903.0,2025/07/08,Quebec,19000
2024,Volkswagen,ID.4,S,0,Electric,34092.0,2025/07/08,Quebec,39000
2023,Volkswagen,Tiguan,COMFORTLINE,4,Gasoline,25403.0,2025/07/07,Alberta,27500
2024,Volkswagen,Golf GTI,PERFORMANCE,4,Gasoline,28671.0,2025/07/07,Ontario,37000
2018,Volkswagen,Tiguan,COMFORTLINE,4,Gasoline,197929.0,2025/07/07,Ontario,9500
2012,Volkswagen,Golf,HIGHLINE,5,Gasoline,189506.0,2025/07/07,British Columbia,5200
2014,Volkswagen,Passat,HIGHLINE,4,Gasoline,115765.0,2025/07/07,British Columbia,4200
2016,Volkswagen,Tiguan,HIGHLINE,4,Gasoline,110385.0,2025/07/07,Alberta,10300
2021,Volkswagen,Tiguan,HIGHLINE,4,Gasoline,60935.0,2025/07/07,Ontario,23400
2022,Volkswagen,Tiguan,COMFORTLINE,4,Gasoline,58160.0,2025/07/07,Ontario,29300
2021,Volkswagen,Atlas,HIGHLINE,6,Gasoline,115292.0,2025/07/07,Ontario,25600
2018,Volkswagen,Tiguan,HIGHLINE,4,Gasoline,154395.0,2025/07/07,Ontario,15800
2021,Volkswagen,Tiguan,HIGHLINE,4,Gasoline,61635.0,2025/07/07,Quebec,22800
2013,Volkswagen,Jetta Sedan,COMFORTLINE,4,Gasoline,117263.0,2025/07/07,Quebec,4400
2023,Volkswagen,Tiguan,HIGHLINE,4,Gasoline,41050.0,2025/07/07,Ontario,34800
2015,Volkswagen,Touareg,HIGHLINE,6,Gasoline,136224.0,2025/07/07,Ontario,13500
2019,Volkswagen,Golf SportWagen,S,4,Gasoline,56251.0,2025/07/07,Quebec,18500
2021,Volkswagen,Tiguan,COMFORTLINE,4,Gasoline,68565.0,2025/07/07,Quebec,22400
2021,Volkswagen,Golf GTI,GT,4,Gasoline,47748.0,2025/07/07,Ontario,30300
2012,Volkswagen,Golf,HIGHLINE,5,Gasoline,99254.0,2025/07/07,Ontario,7900
2022,Volkswagen,Tiguan,COMFORTLINE,4,Gasoline,47792.0,2025/07/07,Quebec,30300
2018,Volkswagen,Atlas,TRENDLINE,6,Gasoline,82668.0,2025/07/07,Ontario,19500
2022,Volkswagen,Taos,COMFORTLINE,4,Gasoline,45369.0,2025/07/07,Quebec,22900
2013,Volkswagen,Golf,HIGHLINE,5,Gasoline,146722.0,2025/07/07,Ontario,4800
2024,Volkswagen,Tiguan,COMFORTLINE,4,Gasoline,29968.0,2025/07/07,Quebec,36600
2022,Volkswagen,Golf GTI,GT,4,Gasoline,81836.0,2025/07/07,Quebec,28200
2019,Volkswagen,Golf GTI,RABBIT EDITION,4,Gasoline,125085.0,2025/07/07,Ontario,20900
2022,Volkswagen,Tiguan,HIGHLINE,4,Gasoline,65729.0,2025/07/07,Quebec,31500
2018,Volkswagen,Golf R,S,4,Gasoline,111364.0,2025/07/07,Quebec,20400
2015,Volkswagen,Jetta Sedan,HIGHLINE,4,Gasoline,121150.0,2025/07/07,Quebec,5100
2021,Volkswagen,Tiguan,HIGHLINE,4,Gasoline,99901.0,2025/07/07,Ontario,20000
2018,Volkswagen,Tiguan,COMFORTLINE,4,Gasoline,196617.0,2025/07/07,Quebec,9000
2018,Volkswagen,Atlas,TRENDLINE,6,Gasoline,95197.0,2025/07/05,Ontario,18300
2017,Volkswagen,Jetta Sedan,HIGHLINE,4,Gasoline,199750.0,2025/07/05,Ontario,5500
2018,Volkswagen,Atlas,TRENDLINE,4,Gasoline,116820.0,2025/07/05,Ontario,8600
2017,Volkswagen,Golf GTI,GT,4,Gasoline,127150.0,2025/07/05,Ontario,16300
2023,Volkswagen,Tiguan,COMFORTLINE,4,Gasoline,73406.0,2025/07/05,Ontario,27900
2015,Volkswagen,Golf,S,4,Gasoline,217273.0,2025/07/05,Ontario,3600
2015,Volkswagen,Touareg,HIGHLINE,6,Gasoline,132139.0,2025/07/04,Ontario,13000
2015,Volkswagen,Tiguan,HIGHLINE,4,Gasoline,163103.0,2025/07/04,British Columbia,7100
2018,Volkswagen,Tiguan,HIGHLINE,4,Gasoline,169227.0,2025/07/04,Quebec,12200
2019,Volkswagen,Atlas,HIGHLINE,6,Gasoline,106987.0,2025/07/04,Quebec,25000
2018,Volkswagen,Atlas,EXECLINE,6,Gasoline,109834.0,2025/07/04,British Columbia,26500
2018,Volkswagen,Atlas,EXECLINE,6,Gasoline,97015.0,2025/07/03,Ontario,23600
2019,Volkswagen,Jetta,HIGHLINE,4,Gasoline,63433.0,2025/07/03,Ontario,14200
2018,Volkswagen,Golf R,HIGHLINE,4,Gasoline,51039.0,2025/07/03,Quebec,30600
2021,Volkswagen,Tiguan,TRENDLINE,4,Gasoline,79624.0,2025/07/03,Ontario,21200
2021,Volkswagen,Tiguan,HIGHLINE,4,Gasoline,49213.0,2025/07/03,Quebec,22700
2014,Volkswagen,Touareg,HIGHLINE,6,Diesel,175069.0,2025/07/03,Ontario,11200
2023,Volkswagen,Atlas,HIGHLINE,6,Gasoline,71400.0,2025/07/03,British Columbia,41700
2018,Volkswagen,Tiguan,HIGHLINE,4,Gasoline,109931.0,2025/07/03,British Columbia,18400
2017,Volkswagen,Beetle Convertible,HIGHLINE,4,Gasoline,156457.0,2025/07/03,Quebec,13300
2012,Volkswagen,Tiguan,HIGHLINE,4,Gasoline,128548.0,2025/07/03,Ontario,6400
2022,Volkswagen,Tiguan,COMFORTLINE,4,Gasoline,70912.0,2025/07/03,Ontario,26500
2024,Volkswagen,Taos,COMFORTLINE,4,Gasoline,25789.0,2025/07/02,Ontario,31000
2022,Volkswagen,Golf GTI,GT,4,Gasoline,40089.0,2025/07/02,Ontario,29500
2021,Volkswagen,Tiguan,TRENDLINE,4,Gasoline,97115.0,2025/07/02,Quebec,18600
2017,Volkswagen,Golf R,HIGHLINE,4,Gasoline,114703.0,2025/07/02,Ontario,20900
2017,Volkswagen,Beetle Coupe,HIGHLINE,4,Gasoline,66863.0,2025/07/02,British Columbia,16500
2017,Volkswagen,Tiguan,WOLFSBURG,4,Gasoline,155445.0,2025/07/02,Quebec,8200
2020,Volkswagen,Tiguan,HIGHLINE,4,Gasoline,36575.0,2025/07/02,Ontario,22900
2018,Volkswagen,Atlas,EXECLINE,6,Gasoline,115526.0,2025/07/02,Quebec,20000
2024,Volkswagen,Tiguan,COMFORTLINE,4,Gasoline,27408.0,2025/07/02,Quebec,33100
2024,Volkswagen,Tiguan,COMFORTLINE,4,Gasoline,28592.0,2025/07/02,Quebec,33600
2019,Volkswagen,Jetta,COMFORTLINE,4,Gasoline,85908.0,2025/07/02,Ontario,13500
2015,Volkswagen,Jetta Sedan,S,4,Gasoline,131972.0,2025/07/02,Ontario,6500
2023,Volkswagen,Tiguan,COMFORTLINE,4,Gasoline,25500.0,2025/07/02,Ontario,31700
2022,Volkswagen,Taos,HIGHLINE,4,Gasoline,31295.0,2025/07/02,Ontario,27700
2012,Volkswagen,Jetta Sedan,S,4,Gasoline,131377.0,2025/07/02,Ontario,4900
2022,Volkswagen,Tiguan,TRENDLINE,4,Gasoline,55001.0,2025/07/02,Ontario,25000
2020,Volkswagen,Tiguan,HIGHLINE,4,Gasoline,65248.0,2025/07/02,Ontario,21900
2022,Volkswagen,Taos,HIGHLINE,4,Gasoline,90941.0,2025/07/01,Quebec,23500
2017,Volkswagen,Tiguan,HIGHLINE,4,Gasoline,122500.0,2025/06/30,Ontario,11600
2019,Volkswagen,Atlas,EXECLINE,6,Gasoline,121726.0,2025/06/30,Saskatchewan,23700
2013,Volkswagen,Jetta Sedan,COMFORTLINE,4,Diesel,155459.0,2025/06/30,Quebec,3900
2022,Volkswagen,Tiguan,COMFORTLINE,4,Gasoline,109094.0,2025/06/30,Ontario,22500
2021,Volkswagen,Atlas,EXECLINE,6,Gasoline,63898.0,2025/06/30,Ontario,36000
2022,Volkswagen,Golf R,HIGHLINE,4,Gasoline,46747.0,2025/06/30,Ontario,39600
2012,Volkswagen,Golf R,HIGHLINE,4,Gasoline,153729.0,2025/06/30,Ontario,9700
2022,Volkswagen,Jetta,HIGHLINE,4,Gasoline,70850.0,2025/06/30,Ontario,21000
2022,Volkswagen,Atlas Cross Sport,HIGHLINE,6,Gasoline,73052.0,2025/06/30,Ontario,31600
2016,Volkswagen,Golf,TRENDLINE,4,Gasoline,190149.0,2025/06/30,Ontario,5600
2022,Volkswagen,Atlas,COMFORTLINE,6,Gasoline,35289.0,2025/06/30,Ontario,35000
2021,Volkswagen,Atlas,EXECLINE,6,Gasoline,98518.0,2025/06/30,Ontario,27800
2023,Volkswagen,Jetta GLI,S,4,Gasoline,41032.0,2025/06/30,Nova Scotia,29000
2023,Volkswagen,Golf GTI,S,4,Gasoline,41212.0,2025/06/30,Ontario,32500
2019,Volkswagen,Jetta,COMFORTLINE,4,Gasoline,84463.0,2025/06/30,Quebec,12600
2018,Volkswagen,Atlas,COMFORTLINE,4,Gasoline,66565.0,2025/06/30,Ontario,19200
2014,Volkswagen,Tiguan,HIGHLINE,4,Gasoline,76992.0,2025/06/30,Ontario,9000
2015,Volkswagen,Jetta Sedan,HIGHLINE,4,Gasoline,174108.0,2025/06/30,Ontario,6800
2019,Volkswagen,Golf GTI,GT,4,Gasoline,79894.0,2025/06/30,Quebec,21700
2024,Volkswagen,Golf GTI,PERFORMANCE,4,Gasoline,28461.0,2025/06/30,Quebec,37200
2018,Volkswagen,Beetle Convertible,HIGHLINE,4,Gasoline,53365.0,2025/06/30,Quebec,28100
2019,Volkswagen,Atlas,HIGHLINE,6,Gasoline,110281.0,2025/06/30,Ontario,25300
2022,Volkswagen,Taos,TRENDLINE,4,Gasoline,67460.0,2025/06/30,Ontario,21200
2021,Volkswagen,Atlas Cross Sport,HIGHLINE,4,Gasoline,53456.0,2025/06/30,Ontario,28000
2021,Volkswagen,Tiguan,HIGHLINE,4,Gasoline,94973.0,2025/06/30,Ontario,22600
2014,Volkswagen,Jetta Sedan,TRENDLINE,4,Gasoline,136768.0,2025/06/30,Ontario,4600
2013,Volkswagen,Golf GTI,S,4,Gasoline,218037.0,2025/06/28,Ontario,4400
2016,Volkswagen,Passat,S,4,Gasoline,222082.0,2025/06/28,Ontario,5500
2023,Volkswagen,Tiguan,COMFORTLINE,4,Gasoline,73158.0,2025/06/28,Ontario,30000
2015,Volkswagen,Golf,S,4,Gasoline,98284.0,2025/06/28,Ontario,9300
2019,Volkswagen,Jetta,HIGHLINE,4,Gasoline,141172.0,2025/06/28,Ontario,13800
2019,Volkswagen,Tiguan,TRENDLINE,4,Gasoline,94935.0,2025/06/27,Ontario,15100
2017,Volkswagen,Beetle Convertible,HIGHLINE,4,Gasoline,119700.0,2025/06/27,Ontario,21800
2016,Volkswagen,Jetta Sedan,S,4,Gasoline,156755.0,2025/06/27,Quebec,5000
2019,Volkswagen,Golf GTI,GT,4,Gasoline,118667.0,2025/06/27,Ontario,19100
2017,Volkswagen,Golf R,S,4,Gasoline,114046.0,2025/06/27,Ontario,20500
2019,Volkswagen,Golf GTI,GT,4,Gasoline,113946.0,2025/06/27,British Columbia,19100
2018,Volkswagen,Atlas,TRENDLINE,6,Gasoline,136141.0,2025/06/27,Ontario,13500
2021,Volkswagen,Atlas,COMFORTLINE,4,Gasoline,191762.0,2025/06/27,Quebec,15500
2023,Volkswagen,Taos,HIGHLINE,4,Gasoline,61846.0,2025/06/27,Ontario,28600
2023,Volkswagen,Tiguan,HIGHLINE,4,Gasoline,69678.0,2025/06/27,Alberta,34100
2012,Volkswagen,Jetta GLI,S,4,Gasoline,108715.0,2025/06/27,Ontario,7200
2018,Volkswagen,Tiguan,COMFORTLINE,4,Gasoline,137409.0,2025/06/27,Ontario,14000
2021,Volkswagen,Atlas,EXECLINE,6,Gasoline,89075.0,2025/06/27,Quebec,32800
2017,Volkswagen,Passat,HIGHLINE,4,Gasoline,189881.0,2025/06/27,Ontario,8000
2021,Volkswagen,Tiguan,TRENDLINE,4,Gasoline,94623.0,2025/06/27,Quebec,19300
2020,Volkswagen,Jetta,COMFORTLINE,4,Gasoline,83721.0,2025/06/27,Quebec,17900
2024,Volkswagen,Tiguan,HIGHLINE,4,Gasoline,33192.0,2025/06/27,Ontario,38200
2020,Volkswagen,Jetta,HIGHLINE,4,Gasoline,119253.0,2025/06/27,Quebec,17200
2019,Volkswagen,Jetta,HIGHLINE,4,Gasoline,48617.0,2025/06/27,Quebec,19000
2022,Volkswagen,Tiguan,COMFORTLINE,4,Gasoline,81805.0,2025/06/27,Ontario,27200
2014,Volkswagen,Jetta Sedan,TRENDLINE,4,Gasoline,153161.0,2025/06/26,British Columbia,4500
2015,Volkswagen,Jetta Sedan,S,4,Gasoline,159322.0,2025/06/26,Ontario,5600
2022,Volkswagen,Atlas,HIGHLINE,6,Gasoline,77323.0,2025/06/26,Ontario,34000
2016,Volkswagen,Golf R,S,4,Gasoline,135951.0,2025/06/26,Quebec,15500
2021,Volkswagen,Atlas Cross Sport,COMFORTLINE,6,Gasoline,72591.0,2025/06/26,Quebec,28500
2019,Volkswagen,Tiguan,COMFORTLINE,4,Gasoline,138884.0,2025/06/26,Ontario,15300
2022,Volkswagen,Atlas Cross Sport,HIGHLINE,6,Gasoline,53034.0,2025/06/26,Quebec,34000
2014,Volkswagen,Tiguan,HIGHLINE,4,Gasoline,194172.0,2025/06/26,Ontario,4000
2016,Volkswagen,Golf R,HIGHLINE,4,Gasoline,153989.0,2025/06/26,Quebec,11900
2016,Volkswagen,Jetta Sedan,S,4,Gasoline,200894.0,2025/06/26,Ontario,4800
2025,Volkswagen,Jetta,COMFORTLINE,4,Gasoline,38255.0,2025/06/26,British Columbia,25100
2017,Volkswagen,Jetta Sedan,HIGHLINE,4,Gasoline,200699.0,2025/06/26,Ontario,7500
2008,Volkswagen,Eos,TRENDLINE,4,Gasoline,148912.0,2025/06/26,Ontario,5600
2022,Volkswagen,Jetta GLI,S,4,Gasoline,86920.0,2025/06/26,Quebec,22700
2021,Volkswagen,Atlas,EXECLINE,6,Gasoline,63782.0,2025/06/26,Quebec,36500
2017,Volkswagen,Tiguan,WOLFSBURG,4,Gasoline,93622.0,2025/06/26,Quebec,13500
2021,Volkswagen,Atlas,EXECLINE,6,Gasoline,48490.0,2025/06/26,Quebec,35600
1992,Volkswagen,EuroVan,GL,5,Gasoline,87998.0,2025/06/26,British Columbia,21000
2014,Volkswagen,Tiguan,HIGHLINE,4,Gasoline,125873.0,2025/06/26,Alberta,7300
2016,Volkswagen,Tiguan,HIGHLINE,4,Gasoline,158413.0,2025/06/25,Ontario,9100
2013,Volkswagen,Tiguan,HIGHLINE,4,Gasoline,173971.0,2025/06/25,Ontario,4200
2015,Volkswagen,Golf GTI,GT,4,Gasoline,148794.0,2025/06/25,Ontario,10300
2012,Volkswagen,Jetta Sedan,TRENDLINE,4,Gasoline,186000.0,2025/06/25,Ontario,3900
2010,Volkswagen,Tiguan,COMFORTLINE,4,Gasoline,103076.0,2025/06/25,British Columbia,6500
2017,Volkswagen,Golf SportWagen,S,4,Gasoline,197819.0,2025/06/25,Ontario,6200
2009,Volkswagen,Tiguan,HIGHLINE,4,Gasoline,154800.0,2025/06/25,Alberta,5200
2022,Volkswagen,Tiguan,COMFORTLINE,4,Gasoline,85382.0,2025/06/25,Quebec,26800
2008,Volkswagen,Touareg 2,COMFORTLINE,6,Gasoline,189682.0,2025/06/25,British Columbia,3700
2021,Volkswagen,Tiguan,HIGHLINE,4,Gasoline,94871.0,2025/06/25,Ontario,22800
2021,Volkswagen,Atlas,HIGHLINE,6,Gasoline,69372.0,2025/06/25,Ontario,29400
2021,Volkswagen,Atlas Cross Sport,HIGHLINE,4,Gasoline,118691.0,2025/06/25,Ontario,24000
2021,Volkswagen,Tiguan,HIGHLINE,4,Gasoline,100920.0,2025/06/25,Quebec,23700
2019,Volkswagen,Atlas,COMFORTLINE,6,Gasoline,94383.0,2025/06/25,Ontario,22500
2020,Volkswagen,Tiguan,TRENDLINE,4,Gasoline,125576.0,2025/06/25,Alberta,19000
2015,Volkswagen,Tiguan,HIGHLINE,4,Gasoline,122664.0,2025/06/25,Ontario,7500
2013,Volkswagen,Tiguan,HIGHLINE,4,Gasoline,205840.0,2025/06/25,Ontario,3000
2013,Volkswagen,Beetle Coupe,HIGHLINE,5,Gasoline,190267.0,2025/06/25,Quebec,4700
2017,Volkswagen,Golf R,S,4,Gasoline,115786.0,2025/06/25,Ontario,22300
2024,Volkswagen,Tiguan,COMFORTLINE,4,Gasoline,44733.0,2025/06/25,Ontario,31400
2018,Volkswagen,Golf SportWagen,S,4,Gasoline,167373.0,2025/06/25,Ontario,11300
2022,Volkswagen,Taos,HIGHLINE,4,Gasoline,42637.0,2025/06/25,Quebec,27600
2024,Volkswagen,Atlas,EXECLINE,4,Gasoline,48237.0,2025/06/25,Ontario,49900
2015,Volkswagen,Jetta Sedan,HIGHLINE,4,Gasoline,157736.0,2025/06/25,Newfoundland and Labrador,3400
2019,Volkswagen,Golf GTI,GT,4,Gasoline,93418.0,2025/06/25,Ontario,21500
2019,Volkswagen,Jetta,GL,4,Gasoline,79556.0,2025/06/24,British Columbia,23300
2020,Volkswagen,e-Golf,COMFORTLINE,0,Electric,122323.0,2025/06/24,British Columbia,12700
2023,Volkswagen,Jetta,TRENDLINE,4,Gasoline,29756.0,2025/06/24,Ontario,23400
2019,Volkswagen,Golf Alltrack,HIGHLINE,4,Gasoline,167763.0,2025/06/24,Ontario,11800
2013,Volkswagen,Jetta Sedan,S,4,Hybrid,150318.0,2025/06/24,Quebec,3100
2022,Volkswagen,Taos,COMFORTLINE,4,Gasoline,43451.0,2025/06/23,Quebec,23000
2020,Volkswagen,Tiguan,HIGHLINE,4,Gasoline,96262.0,2025/06/23,Ontario,19500
2004,Volkswagen,New Beetle Convertible,GL,4,Gasoline,154368.0,2025/06/23,Manitoba,4000
2019,Volkswagen,Beetle Convertible,WOLFSBURG,4,Gasoline,29154.0,2025/06/23,Ontario,35000
2018,Volkswagen,Golf R,S,4,Gasoline,186920.0,2025/06/23,Ontario,12100
2019,Volkswagen,Golf,COMFORTLINE,4,Gasoline,96166.0,2025/06/23,Ontario,15400
2021,Volkswagen,Jetta,GL,4,Gasoline,42608.0,2025/06/23,Ontario,25900
2021,Volkswagen,Golf GTI,GT,4,Gasoline,57710.0,2025/06/23,Ontario,28800
2019,Volkswagen,Golf R,HIGHLINE,4,Gasoline,43691.0,2025/06/23,Ontario,31200
2019,Volkswagen,Golf SportWagen,S,4,Gasoline,135688.0,2025/06/23,Quebec,14200
2015,Volkswagen,Golf,TRENDLINE,4,Gasoline,87232.0,2025/06/23,Nova Scotia,7200
2022,Volkswagen,Tiguan,TRENDLINE,4,Gasoline,70279.0,2025/06/23,Ontario,22000
2023,Volkswagen,Atlas Cross Sport,EXECLINE,6,Gasoline,60604.0,2025/06/23,Ontario,39800
2014,Volkswagen,Passat,COMFORTLINE,4,Diesel,165000.0,2025/06/23,Quebec,4100
2023,Volkswagen,Jetta,COMFORTLINE,4,Gasoline,69330.0,2025/06/23,Ontario,22400
2022,Volkswagen,Tiguan,COMFORTLINE,4,Gasoline,43177.0,2025/06/23,Quebec,30600
2019,Volkswagen,Golf SportWagen,S,4,Gasoline,134171.0,2025/06/23,Quebec,14800
2020,Volkswagen,Jetta,HIGHLINE,4,Gasoline,92578.0,2025/06/23,Quebec,17600
2022,Volkswagen,Jetta,COMFORTLINE,4,Gasoline,55006.0,2025/06/23,Quebec,23100
2018,Volkswagen,Tiguan,HIGHLINE,4,Gasoline,141858.0,2025/06/23,Ontario,16100
2021,Volkswagen,Tiguan,HIGHLINE,4,Gasoline,82522.0,2025/06/23,Quebec,25100
2021,Volkswagen,Jetta,HIGHLINE,4,Gasoline,46800.0,2025/06/23,Quebec,21100
2021,Volkswagen,Atlas,COMFORTLINE,6,Gasoline,108554.0,2025/06/23,Quebec,25000
2018,Volkswagen,Golf GTI,GT,4,Gasoline,153985.0,2025/06/23,Ontario,15300
2022,Volkswagen,Jetta,TRENDLINE,4,Gasoline,92372.0,2025/06/23,Ontario,20000
2022,Volkswagen,Taos,HIGHLINE,4,Gasoline,26841.0,2025/06/23,Quebec,28500
2018,Volkswagen,Tiguan,HIGHLINE,4,Gasoline,95490.0,2025/06/23,Ontario,18300
2017,Volkswagen,Tiguan,WOLFSBURG,4,Gasoline,115871.0,2025/06/21,Ontario,12100
2018,Volkswagen,Atlas,HIGHLINE,6,Gasoline,145779.0,2025/06/21,Ontario,20500
2016,Volkswagen,Jetta Sedan,COMFORTLINE,4,Gasoline,154652.0,2025/06/21,Ontario,7200
2019,Volkswagen,Jetta,HIGHLINE,4,Gasoline,80987.0,2025/06/21,Ontario,17500
2018,Volkswagen,Atlas,HIGHLINE,6,Gasoline,92411.0,2025/06/21,Ontario,26500
2024,Volkswagen,Jetta GLI,S,4,Gasoline,25141.0,2025/06/20,British Columbia,30500
2019,Volkswagen,Jetta,EXECLINE,4,Gasoline,208428.0,2025/06/20,Ontario,9000
2016,Volkswagen,Tiguan,HIGHLINE,4,Gasoline,140945.0,2025/06/20,British Columbia,7100
2018,Volkswagen,Tiguan,TRENDLINE,4,Gasoline,77831.0,2025/06/20,Ontario,15800
2023,Volkswagen,Tiguan,TRENDLINE,4,Gasoline,39564.0,2025/06/20,Ontario,27000
2023,Volkswagen,Tiguan,COMFORTLINE,4,Gasoline,63021.0,2025/06/20,Nova Scotia,31200
2023,Volkswagen,Tiguan,COMFORTLINE,4,Gasoline,72496.0,2025/06/20,Quebec,30000
2022,Volkswagen,Passat,LIMITED EDITION,4,Gasoline,115347.0,2025/06/20,Ontario,18500
2017,Volkswagen,Jetta Sedan,WOLFSBURG,4,Gasoline,155127.0,2025/06/20,Quebec,9300
2024,Volkswagen,Tiguan,COMFORTLINE,4,Gasoline,46980.0,2025/06/20,Ontario,35800
2024,Volkswagen,Atlas,PEAK EDITION,4,Gasoline,39622.0,2025/06/20,Ontario,47000
2019,Volkswagen,Atlas,COMFORTLINE,6,Gasoline,120106.0,2025/06/20,Quebec,17500
2017,Volkswagen,Tiguan,COMFORTLINE,4,Gasoline,125646.0,2025/06/19,Ontario,3000
2016,Volkswagen,Golf GTI,GT,4,Gasoline,185629.0,2025/06/19,Ontario,8100
2018,Volkswagen,Tiguan,TRENDLINE,4,Gasoline,139116.0,2025/06/19,Ontario,13400
2022,Volkswagen,Golf R,HIGHLINE,4,Gasoline,40103.0,2025/06/19,Quebec,40200
2018,Volkswagen,Golf R,HIGHLINE,4,Gasoline,92135.0,2025/06/19,Ontario,14000
2016,Volkswagen,Golf,S,4,Gasoline,124742.0,2025/06/19,Ontario,7200
2016,Volkswagen,Golf,S,4,Gasoline,116081.0,2025/06/19,Ontario,8800
2019,Volkswagen,Jetta,COMFORTLINE,4,Gasoline,215434.0,2025/06/19,Alberta,4200
2024,Volkswagen,Atlas Cross Sport,HIGHLINE,4,Gasoline,35847.0,2025/06/19,Ontario,44900
2024,Volkswagen,Atlas,COMFORTLINE,4,Gasoline,35473.0,2025/06/19,British Columbia,43500
2016,Volkswagen,Golf GTI,GT,4,Gasoline,196997.0,2025/06/19,Ontario,6700
2013,Volkswagen,Tiguan,HIGHLINE,4,Gasoline,152251.0,2025/06/19,British Columbia,5900
2010,Volkswagen,Touareg,HIGHLINE,6,Diesel,169317.0,2025/06/19,Quebec,3500
2019,Volkswagen,Tiguan,COMFORTLINE,4,Gasoline,53093.0,2025/06/19,British Columbia,18600
2016,Volkswagen,Jetta Sedan,GL,4,Gasoline,125685.0,2025/06/19,Ontario,12100
2023,Volkswagen,Tiguan,COMFORTLINE,4,Gasoline,29219.0,2025/06/18,Quebec,33500
2014,Volkswagen,Tiguan,COMFORTLINE,4,Gasoline,116678.0,2025/06/18,Ontario,6400
2019,Volkswagen,Tiguan,TRENDLINE,4,Gasoline,125236.0,2025/06/18,Ontario,13000
2019,Volkswagen,Tiguan,HIGHLINE,4,Gasoline,110326.0,2025/06/18,Quebec,18800
2010,Volkswagen,Tiguan,HIGHLINE,4,Gasoline,153978.0,2025/06/18,British Columbia,4300
2022,Volkswagen,Taos,TRENDLINE,4,Gasoline,84126.0,2025/06/18,Quebec,20300
2013,Volkswagen,Golf,TRENDLINE,5,Gasoline,117572.0,2025/06/18,Ontario,6000
2022,Volkswagen,Tiguan,HIGHLINE,4,Gasoline,49998.0,2025/06/18,Ontario,32000
2018,Volkswagen,Tiguan,HIGHLINE,4,Gasoline,155982.0,2025/06/18,Ontario,13900
2017,Volkswagen,Golf GTI,PERFORMANCE,4,Gasoline,169310.0,2025/06/18,Ontario,12600
2021,Volkswagen,Tiguan,HIGHLINE,4,Gasoline,37057.0,2025/06/18,Quebec,26800
2017,Volkswagen,Golf,HIGHLINE,4,Gasoline,73762.0,2025/06/18,Quebec,16000
2017,Volkswagen,Golf,S,4,Gasoline,101633.0,2025/06/18,Ontario,10100
2018,Volkswagen,Atlas,COMFORTLINE,6,Gasoline,79134.0,2025/06/18,Quebec,21800
2017,Volkswagen,Tiguan,COMFORTLINE,4,Gasoline,70828.0,2025/06/18,Quebec,13300
2015,Volkswagen,Jetta Sedan,HIGHLINE,4,Gasoline,178378.0,2025/06/18,Ontario,7000
2022,Volkswagen,Tiguan,HIGHLINE,4,Gasoline,73816.0,2025/06/18,Quebec,27600
2018,Volkswagen,Tiguan,HIGHLINE,4,Gasoline,64214.0,2025/06/17,British Columbia,23300
2022,Volkswagen,Tiguan,COMFORTLINE,4,Gasoline,59189.0,2025/06/17,Ontario,29000
2017,Volkswagen,Jetta Sedan,TRENDLINE,4,Gasoline,109097.0,2025/06/17,Ontario,11900
2013,Volkswagen,Golf Wagon,HIGHLINE,5,Gasoline,180568.0,2025/06/17,British Columbia,4200
2015,Volkswagen,Jetta Sedan,S,4,Gasoline,184045.0,2025/06/17,Ontario,5600
2022,Volkswagen,Tiguan,HIGHLINE,4,Gasoline,51224.0,2025/06/17,Ontario,26500
2019,Volkswagen,Tiguan,COMFORTLINE,4,Gasoline,143400.0,2025/06/17,Ontario,16000
2015,Volkswagen,Golf,S,4,Gasoline,151342.0,2025/06/17,Quebec,5900
2023,Volkswagen,Atlas Cross Sport,COMFORTLINE,6,Gasoline,63352.0,2025/06/17,Quebec,33700
2019,Volkswagen,Jetta,HIGHLINE,4,Gasoline,175900.0,2025/06/17,Ontario,11500
2013,Volkswagen,Touareg,COMFORTLINE,6,Diesel,178777.0,2025/06/17,Ontario,8100
2024,Volkswagen,Taos,TRENDLINE,4,Gasoline,53490.0,2025/06/16,Ontario,25000
2021,Volkswagen,Atlas,COMFORTLINE,4,Gasoline,224730.0,2025/06/16,Ontario,13400
2022,Volkswagen,Tiguan,HIGHLINE,4,Gasoline,65196.0,2025/06/16,Quebec,30000
2018,Volkswagen,Tiguan,HIGHLINE,4,Gasoline,122610.0,2025/06/16,Quebec,16400
2020,Volkswagen,Tiguan,TRENDLINE,4,Gasoline,90426.0,2025/06/16,Quebec,18800
2016,Volkswagen,Tiguan,HIGHLINE,4,Gasoline,136812.0,2025/06/16,Ontario,8200
2016,Volkswagen,Jetta Sedan,COMFORTLINE,4,Gasoline,118564.0,2025/06/16,Ontario,4100
2012,Volkswagen,Jetta GLI,S,4,Gasoline,218746.0,2025/06/16,Quebec,3400
2022,Volkswagen,Tiguan,COMFORTLINE,4,Gasoline,39361.0,2025/06/16,Quebec,29200
2015,Volkswagen,Eos,WOLFSBURG,4,Gasoline,71646.0,2025/06/16,Quebec,16000
2023,Volkswagen,Taos,TRENDLINE,4,Gasoline,73580.0,2025/06/16,Ontario,22700
2016,Volkswagen,Tiguan,HIGHLINE,4,Gasoline,110646.0,2025/06/16,Ontario,7400
2021,Volkswagen,Jetta,HIGHLINE,4,Gasoline,58137.0,2025/06/16,Ontario,18100
2024,Volkswagen,Tiguan,COMFORTLINE,4,Gasoline,53346.0,2025/06/16,Ontario,33200
2017,Volkswagen,Beetle Convertible,HIGHLINE,4,Gasoline,118795.0,2025/06/16,Ontario,19500
2021,Volkswagen,Golf,HIGHLINE,4,Gasoline,97545.0,2025/06/16,Ontario,19800
2024,Volkswagen,Golf R,S,4,Gasoline,26314.0,2025/06/16,Ontario,45000
2022,Volkswagen,Taos,HIGHLINE,4,Gasoline,49059.0,2025/06/16,Quebec,27900
2022,Volkswagen,Tiguan,COMFORTLINE,4,Gasoline,42674.0,2025/06/16,Ontario,28000
2021,Volkswagen,Atlas Cross Sport,EXECLINE,6,Gasoline,101809.0,2025/06/16,Ontario,30300
2022,Volkswagen,Tiguan,COMFORTLINE,4,Gasoline,86739.0,2025/06/16,Ontario,27600
2018,Volkswagen,Atlas,EXECLINE,6,Gasoline,98068.0,2025/06/16,Ontario,26900
2016,Volkswagen,Jetta Sedan,S,4,Gasoline,140072.0,2025/06/16,Ontario,6000
2017,Volkswagen,Golf,S,4,Gasoline,121450.0,2025/06/14,British Columbia,14500
2014,Volkswagen,Jetta Sedan,TRENDLINE,4,Gasoline,169813.0,2025/06/14,Ontario,3000
2021,Volkswagen,Tiguan,HIGHLINE,4,Gasoline,49321.0,2025/06/14,Ontario,25200
2018,Volkswagen,Golf R,HIGHLINE,4,Gasoline,126701.0,2025/06/14,Ontario,21500
2014,Volkswagen,Jetta Sedan,S,4,Diesel,156583.0,2025/06/14,Ontario,6300
2015,Volkswagen,Tiguan,HIGHLINE,4,Gasoline,147918.0,2025/06/14,Ontario,5800
2016,Volkswagen,Tiguan,COMFORTLINE,4,Gasoline,114836.0,2025/06/14,Quebec,8700
2018,Volkswagen,Passat,TRENDLINE,4,Gasoline,172805.0,2025/06/14,Ontario,4600
2015,Volkswagen,Golf,S,4,Gasoline,119060.0,2025/06/14,Quebec,3200
2023,Volkswagen,Jetta,COMFORTLINE,4,Gasoline,84462.0,2025/06/13,British Columbia,23000
2017,Volkswagen,Beetle Convertible,HIGHLINE,4,Gasoline,118795.0,2025/06/13,Ontario,18200
2019,Volkswagen,Jetta,COMFORTLINE,4,Gasoline,136331.0,2025/06/13,Ontario,7300
2023,Volkswagen,Taos,COMFORTLINE,4,Gasoline,51937.0,2025/06/13,Ontario,26000
2021,Volkswagen,Tiguan,HIGHLINE,4,Gasoline,50300.0,2025/06/13,Ontario,27800
2016,Volkswagen,Tiguan,HIGHLINE,4,Gasoline,76936.0,2025/06/13,Ontario,11300
2015,Volkswagen,Tiguan,HIGHLINE,4,Gasoline,100288.0,2025/06/13,Prince Edward Island,7300
2022,Volkswagen,Tiguan,COMFORTLINE,4,Gasoline,78260.0,2025/06/13,Ontario,26000
2023,Volkswagen,Atlas Cross Sport,EXECLINE,6,Gasoline,68633.0,2025/06/13,Ontario,37600
2021,Volkswagen,Atlas,EXECLINE,6,Gasoline,111702.0,2025/06/13,Quebec,28000
2018,Volkswagen,Golf R,HIGHLINE,4,Gasoline,83181.0,2025/06/13,Ontario,27000
2024,Volkswagen,Taos,COMFORTLINE,4,Gasoline,34591.0,2025/06/12,Ontario,27500
2012,Volkswagen,Tiguan,SEL,4,Gasoline,199338.0,2025/06/12,British Columbia,3000
2018,Volkswagen,Golf,HIGHLINE,4,Gasoline,162792.0,2025/06/12,Quebec,12000
2012,Volkswagen,Golf GTI,GT,4,Gasoline,149488.0,2025/06/12,Ontario,8000
2022,Volkswagen,Atlas Cross Sport,EXECLINE,6,Gasoline,59911.0,2025/06/12,Quebec,35000
2022,Volkswagen,Tiguan,HIGHLINE,4,Gasoline,51005.0,2025/06/12,Ontario,28000
2023,Volkswagen,Tiguan,TRENDLINE,4,Gasoline,49439.0,2025/06/12,Quebec,26000
2019,Volkswagen,Beetle Convertible,WOLFSBURG,4,Gasoline,89446.0,2025/06/12,Quebec,26800
2020,Volkswagen,Tiguan,COMFORTLINE,4,Gasoline,137589.0,2025/06/12,Quebec,16000
2021,Volkswagen,Tiguan,HIGHLINE,4,Gasoline,109420.0,2025/06/12,Ontario,22300
2018,Volkswagen,Golf R,S,4,Gasoline,169463.0,2025/06/12,British Columbia,15500
2016,Volkswagen,Tiguan,HIGHLINE,4,Gasoline,153860.0,2025/06/12,British Columbia,6800
2014,Volkswagen,Jetta Sedan,HIGHLINE,4,Gasoline,203645.0,2025/06/11,Ontario,3500
2016,Volkswagen,Tiguan,HIGHLINE,4,Gasoline,139232.0,2025/06/11,Ontario,3700
2013,Volkswagen,Tiguan,COMFORTLINE,4,Gasoline,219871.0,2025/06/11,British Columbia,4300
2023,Volkswagen,Tiguan,COMFORTLINE,4,Gasoline,74889.0,2025/06/11,Quebec,28900
2014,Volkswagen,Beetle Coupe,S,4,Diesel,130436.0,2025/06/11,Ontario,8100
2017,Volkswagen,Jetta Sedan,HIGHLINE,4,Gasoline,191075.0,2025/06/11,Ontario,8200
2020,Volkswagen,Atlas Cross Sport,COMFORTLINE,6,Gasoline,67500.0,2025/06/11,Ontario,28900
2021,Volkswagen,Jetta,HIGHLINE,4,Gasoline,48652.0,2025/06/11,Ontario,23600
2022,Volkswagen,Atlas,EXECLINE,6,Gasoline,59967.0,2025/06/11,Ontario,37000
2019,Volkswagen,Tiguan,COMFORTLINE,4,Gasoline,128296.0,2025/06/11,Quebec,16900
2018,Volkswagen,e-Golf,COMFORTLINE,0,Electric,151096.0,2025/06/11,Quebec,7000
2016,Volkswagen,Jetta Sedan,S,4,Gasoline,166546.0,2025/06/11,Quebec,7600
2019,Volkswagen,Tiguan,HIGHLINE,4,Gasoline,103756.0,2025/06/11,Ontario,18500
2022,Volkswagen,Atlas,HIGHLINE,6,Gasoline,65535.0,2025/06/11,Ontario,35500
2019,Volkswagen,Golf GTI,GT,4,Gasoline,75645.0,2025/06/11,Quebec,22000
2016,Volkswagen,Golf R,HIGHLINE,4,Gasoline,77554.0,2025/06/10,Ontario,20700
2015,Volkswagen,Jetta Sedan,S,4,Gasoline,173334.0,2025/06/10,British Columbia,4700
2018,Volkswagen,Tiguan,HIGHLINE,4,Gasoline,168233.0,2025/06/10,Ontario,15000
2021,Volkswagen,Tiguan,HIGHLINE,4,Gasoline,56757.0,2025/06/10,Quebec,21000
2021,Volkswagen,Tiguan,HIGHLINE,4,Gasoline,35400.0,2025/06/10,Alberta,28300
2023,Volkswagen,Atlas Cross Sport,EXECLINE,6,Gasoline,25330.0,2025/06/10,Quebec,42500
2021,Volkswagen,Tiguan,HIGHLINE,4,Gasoline,53931.0,2025/06/10,Quebec,27000
2013,Volkswagen,Jetta Sedan,HIGHLINE,5,Gasoline,73613.0,2025/06/10,Ontario,3900
2023,Volkswagen,Tiguan,TRENDLINE,4,Gasoline,61606.0,2025/06/10,Ontario,26000
2021,Volkswagen,Atlas Cross Sport,HIGHLINE,6,Gasoline,70580.0,2025/06/10,British Columbia,32500
2021,Volkswagen,Tiguan,COMFORTLINE,4,Gasoline,80940.0,2025/06/10,Quebec,20600
2021,Volkswagen,Arteon,EXECLINE,4,Gasoline,101887.0,2025/06/10,Nova Scotia,24600
2021,Volkswagen,Atlas Cross Sport,COMFORTLINE,4,Gasoline,65486.0,2025/06/10,Quebec,29300
2015,Volkswagen,Tiguan,COMFORTLINE,4,Gasoline,118513.0,2025/06/10,Quebec,7900
2016,Volkswagen,Tiguan,S,4,Gasoline,140177.0,2025/06/10,Quebec,7200
2024,Volkswagen,Atlas Cross Sport,COMFORTLINE,4,Gasoline,44105.0,2025/06/10,Ontario,37000
2021,Volkswagen,Tiguan,HIGHLINE,4,Gasoline,85778.0,2025/06/10,Quebec,23400
2022,Volkswagen,Taos,COMFORTLINE,4,Gasoline,50778.0,2025/06/10,Quebec,23600
2021,Volkswagen,Tiguan,COMFORTLINE,4,Gasoline,66133.0,2025/06/10,Ontario,25400
2011,Volkswagen,Tiguan,HIGHLINE,4,Gasoline,181050.0,2025/06/10,British Columbia,3600
2016,Volkswagen,Tiguan,HIGHLINE,4,Gasoline,119887.0,2025/06/10,Ontario,6700
2018,Volkswagen,Beetle Convertible,HIGHLINE,4,Gasoline,63592.0,2025/06/09,Ontario,24000
2020,Volkswagen,Tiguan,HIGHLINE,4,Gasoline,98190.0,2025/06/09,British Columbia,21000
2019,Volkswagen,Golf,HIGHLINE,4,Gasoline,38189.0,2025/06/09,British Columbia,23600
2019,Volkswagen,Tiguan,TRENDLINE,4,Gasoline,91868.0,2025/06/09,Quebec,17800
2020,Volkswagen,Tiguan,HIGHLINE,4,Gasoline,60119.0,2025/06/09,Ontario,20900
2020,Volkswagen,Golf GTI,GT,4,Gasoline,74195.0,2025/06/09,Ontario,27100
2018,Volkswagen,Atlas,EXECLINE,6,Gasoline,194959.0,2025/06/09,Ontario,8700
2024,Volkswagen,Golf R,S,4,Gasoline,33806.0,2025/06/09,Ontario,44500
2016,Volkswagen,Jetta Sedan,TRENDLINE,4,Gasoline,125750.0,2025/06/09,Ontario,7500
2023,Volkswagen,Golf GTI,S,4,Gasoline,36698.0,2025/06/09,Ontario,34000
2015,Volkswagen,Jetta Sedan,HIGHLINE,4,Gasoline,206059.0,2025/06/09,British Columbia,5400
2013,Volkswagen,Tiguan,HIGHLINE,4,Gasoline,179891.0,2025/06/09,Ontario,4800
1992,Volkswagen,EuroVan,GL,5,Gasoline,87823.0,2025/06/09,British Columbia,15900
2015,Volkswagen,Jetta Sedan,TRENDLINE,4,Gasoline,148065.0,2025/06/09,Alberta,5700
2021,Volkswagen,Tiguan,HIGHLINE,4,Gasoline,75183.0,2025/06/09,Quebec,25300
2020,Volkswagen,Tiguan,HIGHLINE,4,Gasoline,54801.0,2025/06/09,Ontario,20000
2018,Volkswagen,Golf R,HIGHLINE,4,Gasoline,137281.0,2025/06/09,Ontario,22000
2015,Volkswagen,Golf,TRENDLINE,4,Gasoline,156711.0,2025/06/09,Ontario,4500
2016,Volkswagen,Touareg,HIGHLINE,6,Gasoline,157029.0,2025/06/09,Ontario,12300
2017,Volkswagen,Golf SportWagen,S,4,Gasoline,173109.0,2025/06/09,Ontario,8200
2014,Volkswagen,Touareg,HIGHLINE,6,Diesel,195356.0,2025/06/09,Ontario,9700
2016,Volkswagen,Jetta Sedan,S,4,Gasoline,205518.0,2025/06/09,Ontario,4800
2022,Volkswagen,Atlas,HIGHLINE,6,Gasoline,97608.0,2025/06/09,Quebec,35500
2022,Volkswagen,Tiguan,HIGHLINE,4,Gasoline,26685.0,2025/06/09,Quebec,34500
2015,Volkswagen,Jetta Sedan,S,4,Gasoline,133185.0,2025/06/09,Ontario,9000
2014,Volkswagen,Jetta Sedan,TRENDLINE,4,Gasoline,119366.0,2025/06/09,Ontario,6600
2021,Volkswagen,Jetta,COMFORTLINE,4,Gasoline,80497.0,2025/06/09,Ontario,14900
2023,Volkswagen,Golf GTI,S,4,Gasoline,26034.0,2025/06/09,Ontario,35200
2024,Volkswagen,Taos,TRENDLINE,4,Gasoline,28250.0,2025/06/09,Ontario,27700
2021,Volkswagen,Tiguan,HIGHLINE,4,Gasoline,103044.0,2025/06/09,Ontario,23600
2021,Volkswagen,Atlas Cross Sport,HIGHLINE,6,Gasoline,57000.0,2025/06/09,Ontario,31100
2016,Volkswagen,Jetta Sedan,COMFORTLINE,4,Gasoline,178054.0,2025/06/09,Ontario,4200
2012,Volkswagen,Golf GTI,S,4,Gasoline,124029.0,2025/06/09,Ontario,8700
2018,Volkswagen,Tiguan,HIGHLINE,4,Gasoline,121916.0,2025/06/09,New Brunswick,16300
2013,Volkswagen,Jetta Sedan,S,4,Hybrid,150612.0,2025/06/09,Ontario,5000
2021,Volkswagen,Tiguan,HIGHLINE,4,Gasoline,60495.0,2025/06/07,Quebec,24000
2015,Volkswagen,Passat,COMFORTLINE,4,Gasoline,122581.0,2025/06/07,Ontario,8200
2013,Volkswagen,Tiguan,COMFORTLINE,4,Gasoline,121047.0,2025/06/07,Ontario,6000
2021,Volkswagen,Jetta,HIGHLINE,4,Gasoline,63346.0,2025/06/07,Quebec,22500
2019,Volkswagen,Golf,HIGHLINE,4,Gasoline,87698.0,2025/06/07,Ontario,18700
2016,Volkswagen,Golf,COMFORTLINE,4,Gasoline,161617.0,2025/06/07,Quebec,5000
2022,Volkswagen,Taos,TRENDLINE,4,Gasoline,62286.0,2025/06/07,Ontario,21700
2015,Volkswagen,Golf GTI,GT,4,Gasoline,221390.0,2025/06/06,British Columbia,7000
2017,Volkswagen,Tiguan,HIGHLINE,4,Gasoline,118825.0,2025/06/06,British Columbia,14600
2013,Volkswagen,Jetta Sedan,HIGHLINE,4,Diesel,135400.0,2025/06/06,British Columbia,6300
2022,Volkswagen,Taos,TRENDLINE,4,Gasoline,87468.0,2025/06/06,Alberta,20000
2024,Volkswagen,Tiguan,COMFORTLINE,4,Gasoline,47564.0,2025/06/06,British Columbia,33800
2019,Volkswagen,Tiguan,TRENDLINE,4,Gasoline,115584.0,2025/06/06,Quebec,15500
2021,Volkswagen,Atlas Cross Sport,EXECLINE,4,Gasoline,78222.0,2025/06/06,British Columbia,34500
2018,Volkswagen,Tiguan,HIGHLINE,4,Gasoline,169162.0,2025/06/06,Quebec,12600
2017,Volkswagen,Tiguan,WOLFSBURG,4,Gasoline,67119.0,2025/06/06,Quebec,9500
2021,Volkswagen,Tiguan,HIGHLINE,4,Gasoline,104834.0,2025/06/06,British Columbia,19800
2016,Volkswagen,Golf,S,4,Gasoline,118919.0,2025/06/06,Quebec,9100
2010,Volkswagen,City Golf,HIGHLINE,4,Gasoline,176166.0,2025/06/06,British Columbia,4000
2018,Volkswagen,Tiguan,HIGHLINE,4,Gasoline,140694.0,2025/06/06,Quebec,15300
2021,Volkswagen,Atlas,EXECLINE,6,Gasoline,140369.0,2025/06/06,Ontario,26300
2011,Volkswagen,Routan,TRENDLINE,6,Flex,141244.0,2025/06/06,British Columbia,3600
2023,Volkswagen,Atlas,HIGHLINE,6,Gasoline,57755.0,2025/06/06,Ontario,42000
2015,Volkswagen,Touareg,HIGHLINE,6,Diesel,173546.0,2025/06/06,Quebec,10400
2013,Volkswagen,Golf,S,4,Diesel,201678.0,2025/06/05,Ontario,3700
2012,Volkswagen,Golf,HIGHLINE,5,Gasoline,151501.0,2025/06/05,Ontario,4800
2015,Volkswagen,Golf GTI,GT,4,Gasoline,133868.0,2025/06/05,Quebec,6900
2022,Volkswagen,Taos,COMFORTLINE,4,Gasoline,62205.0,2025/06/05,Quebec,23200
2023,Volkswagen,Atlas Cross Sport,EXECLINE,6,Gasoline,60603.0,2025/06/05,Quebec,39500
2022,Volkswagen,Tiguan,COMFORTLINE,4,Gasoline,86738.0,2025/06/05,Quebec,27500
2022,Volkswagen,Tiguan,HIGHLINE,4,Gasoline,93891.0,2025/06/05,New Brunswick,26500
2023,Volkswagen,Golf R,HIGHLINE,4,Gasoline,29156.0,2025/06/05,Ontario,44700
2023,Volkswagen,Golf GTI,S,4,Gasoline,36634.0,2025/06/05,Ontario,31100
2024,Volkswagen,Tiguan,COMFORTLINE,4,Gasoline,58931.0,2025/06/05,Prince Edward Island,34000
2014,Volkswagen,Touareg,HIGHLINE,6,Diesel,130971.0,2025/06/05,Ontario,13800
2015,Volkswagen,Tiguan,HIGHLINE,4,Gasoline,183943.0,2025/06/05,Ontario,4800
2020,Volkswagen,Passat,EXECLINE,4,Gasoline,107229.0,2025/06/05,Ontario,15000
2016,Volkswagen,Tiguan,HIGHLINE,4,Gasoline,136588.0,2025/06/05,Quebec,7200
2022,Volkswagen,Taos,COMFORTLINE,4,Gasoline,41500.0,2025/06/05,Ontario,25100
2016,Volkswagen,Golf GTI,GT,4,Gasoline,211310.0,2025/06/04,Quebec,6800
2021,Volkswagen,Golf GTI,GT,4,Gasoline,93466.0,2025/06/04,British Columbia,26000
2022,Volkswagen,Tiguan,COMFORTLINE,4,Gasoline,47156.0,2025/06/04,Quebec,27600
2022,Volkswagen,Atlas,EXECLINE,6,Gasoline,49989.0,2025/06/04,Ontario,35300
2024,Volkswagen,Taos,COMFORTLINE,4,Gasoline,25177.0,2025/06/04,Quebec,30100
2022,Volkswagen,Tiguan,COMFORTLINE,4,Gasoline,74983.0,2025/06/04,Quebec,26000
2015,Volkswagen,Golf,TRENDLINE,4,Gasoline,140854.0,2025/06/04,British Columbia,8700
2018,Volkswagen,Atlas,COMFORTLINE,6,Gasoline,99276.0,2025/06/04,British Columbia,23300
2012,Volkswagen,Jetta Sedan,S,5,Gasoline,111203.0,2025/06/04,Ontario,3800
2015,Volkswagen,Jetta Sedan,HIGHLINE,4,Gasoline,164234.0,2025/06/04,British Columbia,8600
2016,Volkswagen,Golf,S,4,Gasoline,146687.0,2025/06/04,British Columbia,9800
2016,Volkswagen,Tiguan,HIGHLINE,4,Gasoline,92718.0,2025/06/04,Ontario,12000
2017,Volkswagen,Tiguan,WOLFSBURG,4,Gasoline,184853.0,2025/06/04,Nova Scotia,4400
2022,Volkswagen,Atlas,HIGHLINE,6,Gasoline,97935.0,2025/06/04,Ontario,33900
2018,Volkswagen,Tiguan,TRENDLINE,4,Gasoline,157602.0,2025/06/04,Quebec,12900
2021,Volkswagen,Atlas,HIGHLINE,4,Gasoline,162255.0,2025/06/04,Ontario,19800
2024,Volkswagen,Jetta GLI,S,4,Gasoline,36513.0,2025/06/04,Ontario,27000
2022,Volkswagen,Passat,LIMITED EDITION,4,Gasoline,73148.0,2025/06/04,British Columbia,23000
2019,Volkswagen,Tiguan,COMFORTLINE,4,Gasoline,62828.0,2025/06/03,British Columbia,22500
2017,Volkswagen,Beetle Convertible,S,4,Gasoline,65610.0,2025/06/03,Quebec,26000
2017,Volkswagen,Touareg,WOLFSBURG,6,Gasoline,170511.0,2025/06/03,Quebec,11000
2015,Volkswagen,Tiguan,HIGHLINE,4,Gasoline,80800.0,2025/06/03,Ontario,11700
2015,Volkswagen,Tiguan,HIGHLINE,4,Gasoline,151353.0,2025/06/03,Ontario,7000
2019,Volkswagen,Atlas,COMFORTLINE,6,Gasoline,150231.0,2025/06/03,Ontario,18700
2016,Volkswagen,Golf,S,4,Gasoline,212671.0,2025/06/03,Quebec,4000
2023,Volkswagen,Taos,TRENDLINE,4,Gasoline,29268.0,2025/06/03,Quebec,24800
2022,Volkswagen,Tiguan,HIGHLINE,4,Gasoline,35512.0,2025/06/03,Ontario,32500
2019,Volkswagen,Golf R,S,4,Gasoline,129611.0,2025/06/03,Quebec,23500
2018,Volkswagen,Tiguan,HIGHLINE,4,Gasoline,127967.0,2025/06/03,Ontario,19200
2013,Volkswagen,Tiguan,HIGHLINE,4,Gasoline,167707.0,2025/06/03,Ontario,3600
2015,Ford,F150,XLT,6,Gasoline,256285.0,02/01/2026,Saskatchewan,3600
2023,Ford,F150,XLT,6,Gasoline,179621.0,02/01/2026,Saskatchewan,24000
2022,Ford,F150,XL,6,Gasoline,179350.0,02/01/2026,Saskatchewan,21750
2020,Ford,F150,XLT,8,Flex,189918.0,02/01/2026,Saskatchewan,18100
2020,Ford,Transit Cargo Van,"T250 148"" LOW RF 9070 GVWR RWD",6,Flex,167767.0,02/01/2026,Saskatchewan,16100
2015,Ford,Escape,SE,4,Gasoline,217080.0,02/01/2026,Saskatchewan,5300
2022,Ford,Mustang MachE,Premium,E,Electric,75034.0,02/01/2026,Saskatchewan,22200
2022,Ford,Edge,Titanium,4,Gasoline,107760.0,02/01/2026,Saskatchewan,18200
2015,Ford,Edge,Titanium,4,Gasoline,190209.0,02/01/2026,Saskatchewan,6900
2023,Ford,F150,LARIAT,6,Gasoline,34628.0,31/12/2025,Ontario,51700
2023,Ford,F150,LARIAT,6,Gasoline,32639.0,31/12/2025,Ontario,50500
2023,Ford,F150,LARIAT,6,Gasoline,28222.0,31/12/2025,Ontario,49900
2023,Ford,F150,LARIAT,6,Gasoline,31855.0,31/12/2025,Ontario,51500
2023,Ford,F150,LARIAT,6,Gasoline,43206.0,31/12/2025,Ontario,50200
2023,Ford,F150,LARIAT,6,Gasoline,44678.0,31/12/2025,Ontario,50400
2023,Ford,F150,LARIAT,6,Gasoline,39973.0,31/12/2025,Ontario,50300
2023,Ford,F150,LARIAT,6,Gasoline,49467.0,31/12/2025,British Columbia,49800
2023,Ford,F150,LARIAT,6,Gasoline,39579.0,31/12/2025,Ontario,50100
2023,Ford,F150,LARIAT,6,Gasoline,35586.0,31/12/2025,Ontario,51500
2019,Ford,Escape,Titanium,4,Gasoline,124627.0,31/12/2025,British Columbia,13600
2022,Ford,F150,Tremor,6,Gasoline,109453.0,31/12/2025,Alberta,39250
2016,Ford,Edge,SEL,4,Gasoline,163425.0,31/12/2025,Manitoba,5000
2019,Ford,Edge,SEL,4,Gasoline,129932.0,31/12/2025,British Columbia,11700
2023,Ford,F150,LARIAT,6,Gasoline,32925.0,30/12/2025,British Columbia,52600
2023,Ford,F150,LARIAT,6,Gasoline,45260.0,30/12/2025,Ontario,49400
2023,Ford,F150,LARIAT,6,Gasoline,44482.0,30/12/2025,Ontario,50300
2023,Ford,F150,LARIAT,6,Gasoline,46461.0,30/12/2025,Ontario,50900
2016,Ford,Transit Cargo Van,"T250 148"" MED RF 9000 GVWR SLIDING RH DR",6,Gasoline,148134.0,30/12/2025,Nova Scotia,7600
2019,Ford,F150,XL,8,Flex,59985.0,30/12/2025,Alberta,20000
2020,Ford,F150,XLT REGULAR CAB STD BED,8,Flex,137758.0,30/12/2025,Nova Scotia,26600
2023,Ford,F150,XLT CREW CAB SHORT BED,6,Gasoline,82090.0,30/12/2025,Nova Scotia,36200
2023,Ford,F150,LARIAT CREW CAB SHORT BED,6,Hybrid,110792.0,30/12/2025,Manitoba,40500
2016,Ford,F150,XLT CREW CAB STD BED,8,Flex,188210.0,30/12/2025,New Brunswick,3100
2018,Ford,F150,XLT,6,Gasoline,136518.0,30/12/2025,Newfoundland and Labrador,18300
2018,Ford,Explorer,XLT,6,Gasoline,151869.0,30/12/2025,Manitoba,11200
2019,Ford,Explorer,XLT,4,Gasoline,119146.0,30/12/2025,Quebec,16100
2017,Ford,Explorer,Platinum,6,Gasoline,187065.0,30/12/2025,British Columbia,12500
2019,Ford,F150,XLT CREW CAB SHORT BED,8,Flex,138525.0,30/12/2025,Manitoba,19400
2019,Ford,F150,XLT CREW CAB STD BED,8,Flex,320536.0,30/12/2025,Manitoba,7100
2019,Ford,F150,XLT,8,Flex,71140.0,30/12/2025,Nova Scotia,26700
2023,Ford,F150,XLT CREW CAB STD BED,6,Gasoline,36722.0,30/12/2025,Alberta,40400
2018,Ford,F150,XLT CREW CAB SHORT BED,6,Gasoline,137690.0,30/12/2025,British Columbia,23000
2021,Ford,F150,XLT CREW CAB SHORT BED,6,Gasoline,127560.0,30/12/2025,Manitoba,29700
2019,Ford,F150,XLT,6,Gasoline,143765.0,30/12/2025,Nova Scotia,19700
2018,Ford,F150,XL EXTENDED CAB LONG BED,8,Flex,133271.0,30/12/2025,British Columbia,6500
2020,Ford,F150,XLT CREW CAB STD BED,8,Flex,156585.0,30/12/2025,Nova Scotia,24100
2019,Ford,F150,XLT CREW CAB STD BED,8,Flex,130931.0,30/12/2025,Nova Scotia,25000
2023,Ford,Transit Cargo Van,"T250 130"" LOW RF 9070 GVWR AWD",6,Flex,15474.0,30/12/2025,British Columbia,41200
2023,Ford,Super Duty F250 SRW,XLT CREW CAB STD BED,8,Gasoline,85867.0,30/12/2025,Alberta,45600
2023,Ford,Super Duty F250 SRW,4WD CREW CAB BOX,8,Gasoline,69765.0,30/12/2025,Nova Scotia,59400
2023,Ford,Super Duty F250 SRW,XLT CREW CAB STD BED,8,Gasoline,55531.0,30/12/2025,Nova Scotia,52600
2021,Ford,Escape,Titanium Hybrid,4,Hybrid,90617.0,30/12/2025,Newfoundland and Labrador,15200
2017,Ford,Escape,SE,4,Gasoline,94522.0,30/12/2025,Newfoundland and Labrador,5300
2017,Ford,Escape,SE,4,Gasoline,141645.0,30/12/2025,Manitoba,3850
2023,Ford,Expedition,Limited Max,6,Gasoline,118591.0,30/12/2025,Nova Scotia,44000
2023,Ford,Explorer,XLT,4,Gasoline,55292.0,30/12/2025,Alberta,33400
2021,Ford,Super Duty F250 SRW,XLT CREW CAB STD BED,8,Diesel,135951.0,30/12/2025,Quebec,29800
2018,Ford,Super Duty F250 SRW,XLT CREW CAB STD BED,8,Diesel,66105.0,30/12/2025,Quebec,29800
2020,Ford,Super Duty F350 SRW,LARIAT PICKUP 4D 6 3/4 FT,8,Diesel,109078.0,30/12/2025,Nova Scotia,50800
2023,Ford,Bronco Sport,Big Bend,3,Gasoline,133433.0,30/12/2025,British Columbia,17500
2020,Ford,Edge,SE,4,Gasoline,106207.0,30/12/2025,Manitoba,10800
2022,Ford,Edge,SEL,4,Gasoline,135927.0,30/12/2025,Alberta,17500
2020,Ford,Edge,SEL,4,Gasoline,147474.0,30/12/2025,Alberta,12700
2014,Ford,Mustang,V6,6,Gasoline,81970.0,30/12/2025,British Columbia,9700
2023,Ford,Bronco Sport,Big Bend,3,Gasoline,133433.0,30/12/2025,British Columbia,17500
2021,Ford,Mustang MachE,Select,E,Electric,46305.0,30/12/2025,British Columbia,23500
2016,Ford,Fusion,SE,4,Gasoline,140528.0,30/12/2025,Nova Scotia,4500
2023,Ford,F150,XLT,6,Gasoline,20849.0,29/12/2025,Ontario,43000
2023,Ford,F150,LARIAT,6,Gasoline,34045.0,29/12/2025,Ontario,51200
2021,Ford,Escape,Titanium,4,Gasoline,146578.0,29/12/2025,Saskatchewan,12700
2018,Ford,F150,XLT CREW CAB SHORT BED,6,Gasoline,150556.0,29/12/2025,Alberta,17000
2018,Ford,Edge,SEL,4,Gasoline,70037.0,29/12/2025,Alberta,10900
2023,Ford,F150,LARIAT,6,Gasoline,29674.0,27/12/2025,Ontario,49800
2023,Ford,F150,TREMOR,6,Gasoline,30231.0,25/12/2025,Ontario,56100
2023,Ford,F150,LARIAT,6,Gasoline,55411.0,24/12/2025,Ontario,48300
2022,Ford,F150,LARIAT,6,Gasoline,51153.0,24/12/2025,Ontario,46400
2014,Ford,Escape,SE,4,Gasoline,177919.0,24/12/2025,Manitoba,2100
2023,Ford,Transit Cargo Van,"T250 130"" LOW RF 9070 GVWR AWD",6,Flex,36441.0,24/12/2025,Nova Scotia,35500
2023,Ford,F150,XLT CREW CAB STD BED,8,Flex,49921.0,24/12/2025,British Columbia,40250
2022,Ford,Edge,SEL,4,Gasoline,14549.0,24/12/2025,Alberta,25000
2023,Ford,F150,LARIAT,6,Gasoline,32694.0,23/12/2025,Ontario,51900
2023,Ford,F150,LARIAT,6,Gasoline,93271.0,23/12/2025,Ontario,44400
2023,Ford,F150,LARIAT,6,Gasoline,48300.0,23/12/2025,Ontario,49700
2023,Ford,F150,LARIAT,6,Gasoline,40057.0,23/12/2025,Ontario,50200
2023,Ford,F150,LARIAT,6,Gasoline,46174.0,23/12/2025,Ontario,49200
2023,Ford,F150,LARIAT,6,Gasoline,35274.0,23/12/2025,Ontario,50800
2023,Ford,F150,LARIAT,6,Gasoline,34148.0,23/12/2025,Ontario,50600
2023,Ford,F150,LARIAT,6,Gasoline,33905.0,23/12/2025,Ontario,50600
2023,Ford,F150,LARIAT,6,Gasoline,33352.0,23/12/2025,Ontario,50000
2023,Ford,F150,LARIAT,6,Gasoline,70830.0,23/12/2025,Ontario,47000
2023,Ford,Super Duty F550 DRW,XL CREW CAB  CHASSIS BED,8,Diesel,37268.0,23/12/2025,Alberta,67700
2023,Ford,Super Duty F550 DRW,XLT CREW CAB  CHASSIS BED,8,Diesel,29064.0,23/12/2025,Alberta,68700
2019,Ford,Mustang,EcoBoost,4,Gasoline,147037.0,23/12/2025,Ontario,11750
2018,Ford,Explorer,XLT,6,Gasoline,137462.0,23/12/2025,Ontario,13400
2017,Ford,Explorer,XLT,6,Gasoline,112718.0,23/12/2025,Ontario,13700
2022,Ford,Explorer,ST,6,Gasoline,48694.0,23/12/2025,Ontario,45000
2023,Ford,F150,XLT CREW CAB SHORT BED,6,Gasoline,120237.0,23/12/2025,Alberta,29600
2017,Ford,F150,XLT,8,Flex,128986.0,23/12/2025,Nova Scotia,19600
2017,Ford,F150,LARIAT CREW CAB STD BED,8,Flex,139328.0,23/12/2025,British Columbia,26100
2015,Ford,F150,LARIAT CREW CAB STD BED,6,Gasoline,164389.0,23/12/2025,Alberta,18000
2018,Ford,F150,XLT,6,Gasoline,152274.0,23/12/2025,Manitoba,14000
2023,Ford,Super Duty F550 DRW,XL CREW CAB  CHASSIS BED,8,Diesel,37268.0,23/12/2025,Alberta,67700
2023,Ford,Super Duty F550 DRW,XLT CREW CAB  CHASSIS BED,8,Diesel,29064.0,23/12/2025,Alberta,68700
2019,Ford,Mustang,EcoBoost,4,Gasoline,147037.0,23/12/2025,Ontario,11750
2018,Ford,Explorer,XLT,6,Gasoline,137462.0,23/12/2025,Ontario,13400
2017,Ford,Explorer,XLT,6,Gasoline,112718.0,23/12/2025,Ontario,13700
2022,Ford,Explorer,ST,6,Gasoline,48694.0,23/12/2025,Ontario,45000
2023,Ford,Escape,PHEV,4,Hybrid,54067.0,23/12/2025,Ontario,23400
2017,Ford,Escape,SE,4,Gasoline,150226.0,23/12/2025,Alberta,5800
2023,Ford,F150,LARIAT,6,Gasoline,30501.0,23/12/2025,Quebec,54750
2020,Ford,F150,XLT CREW CAB SHORT BED,8,Flex,131585.0,23/12/2025,Ontario,25000
2023,Ford,F150,TREMOR CREW CAB SHORT BED,6,Gasoline,104972.0,23/12/2025,Alberta,46250
2018,Ford,F150,XLT,6,Flex,188560.0,23/12/2025,Ontario,13200
2020,Ford,F150,XLT CREW CAB STD BED,8,Flex,129671.0,23/12/2025,Quebec,10000
2021,Ford,F150,XLT,6,Gasoline,94166.0,23/12/2025,Ontario,28250
2023,Ford,F150,XLT CREW CAB SHORT BED,6,Gasoline,114490.0,23/12/2025,Alberta,30100
2023,Ford,F150,XLT CREW CAB SHORT BED,6,Gasoline,57762.0,23/12/2025,Ontario,38100
2022,Ford,F150,XLT CREW CAB SHORT BED,6,Gasoline,137204.0,23/12/2025,Ontario,26700
2022,Ford,F150,XLT CREW CAB SHORT BED,6,Gasoline,148116.0,23/12/2025,Alberta,21400
2020,Ford,F150,XLT CREW CAB SHORT BED,6,Gasoline,125788.0,23/12/2025,British Columbia,14400
2020,Ford,F150,XLT CREW CAB STD BED,8,Flex,98203.0,23/12/2025,Ontario,27000
2023,Ford,Transit Cargo Van,Other,6,Flex,38476.0,23/12/2025,Ontario,39500
2020,Ford,Transit Cargo Van,"T250 148"" EL HI RF 9070 GVWR RWD",6,Flex,68880.0,23/12/2025,Quebec,22600
2021,Ford,Transit Cargo Van,"T250 148"" EL HI RF 9070 GVWR RWD",6,Flex,89403.0,23/12/2025,Quebec,13800
2021,Ford,Transit Cargo Van,"T250 148"" EL HI RF 9070 GVWR RWD",6,Flex,90807.0,23/12/2025,Quebec,20000
2021,Ford,Transit Cargo Van,"T250 148"" EL HI RF 9070 GVWR RWD",6,Flex,51875.0,23/12/2025,Quebec,21200
2021,Ford,Transit Cargo Van,Other,6,Flex,81013.0,23/12/2025,Alberta,23500
2023,Ford,Transit Cargo Van,"T350 148"" HI RF 9500 GVWR AWD",6,Gasoline,81379.0,23/12/2025,Alberta,41800
2022,Ford,Transit Cargo Van,"T350 148"" EL HI RF 9500 GVWR RWD",6,Flex,95525.0,23/12/2025,Alberta,31400
2019,Ford,Ranger,XLT CREW CAB SHORT BED,4,Gasoline,146369.0,23/12/2025,Quebec,18000
2023,Ford,Transit Cargo Van,"T250 130"" MED RF 9070 GVWR AWD",6,Flex,82877.0,23/12/2025,Quebec,38500
2023,Ford,Transit Cargo Van,"T250 130"" LOW RF 9070 GVWR AWD",6,Flex,23201.0,23/12/2025,British Columbia,40500
2020,Ford,Escape,Titanium Hybrid,4,Hybrid,144086.0,23/12/2025,Ontario,11600
2020,Ford,Escape,SE,3,Gasoline,161759.0,23/12/2025,Ontario,3600
2017,Ford,Escape,SE,4,Gasoline,166219.0,23/12/2025,Nova Scotia,4200
2018,Ford,Escape,SE,4,Gasoline,142848.0,23/12/2025,Ontario,4100
2018,Ford,Escape,SE,4,Gasoline,98580.0,23/12/2025,Quebec,6700
2017,Ford,Escape,SE,4,Gasoline,164363.0,23/12/2025,Ontario,3000
2017,Ford,F150,XLT,8,Flex,128986.0,23/12/2025,Nova Scotia,19600
2017,Ford,F150,LARIAT CREW CAB STD BED,8,Flex,139328.0,23/12/2025,British Columbia,26100
2015,Ford,F150,LARIAT CREW CAB STD BED,6,Gasoline,164389.0,23/12/2025,Alberta,18000
2018,Ford,F150,XLT,6,Gasoline,152274.0,23/12/2025,Manitoba,14000
2020,Ford,Edge,SEL,4,Gasoline,87165.0,23/12/2025,Quebec,17300
2022,Ford,Edge,SEL,4,Gasoline,35055.0,23/12/2025,Ontario,23600
2022,Ford,Edge,Titanium,4,Gasoline,133553.0,23/12/2025,Alberta,19000
2021,Ford,Bronco Sport,Outer Banks,3,Gasoline,61887.0,23/12/2025,Alberta,21600
2022,Ford,Mustang MachE,Select,E,Electric,61058.0,23/12/2025,Quebec,21000
2023,Ford,F150,LARIAT,6,Gasoline,56218.0,22/12/2025,Ontario,47900
2023,Ford,F150,LARIAT,6,Gasoline,33412.0,22/12/2025,Ontario,50300
2023,Ford,F150,LARIAT,6,Gasoline,36361.0,22/12/2025,Ontario,50800
2018,Ford,Escape,SEL,4,Gasoline,148469.0,22/12/2025,Saskatchewan,11200
2021,Ford,Expedition,XLT,6,Gasoline,132651.0,22/12/2025,Saskatchewan,32750
2023,Ford,F150,LARIAT,6,Gasoline,72628.0,21/12/2025,Ontario,46400
2023,Ford,F150,LARIAT,6,Gasoline,38170.0,19/12/2025,Ontario,50900
2023,Ford,F150,LARIAT,6,Gasoline,55548.0,19/12/2025,Ontario,49000
2023,Ford,F150,LARIAT,6,Gasoline,39351.0,19/12/2025,Ontario,50200
2023,Ford,F150,XLT,6,Gasoline,59459.0,19/12/2025,Ontario,37300
2023,Ford,F150,LARIAT,6,Gasoline,43281.0,19/12/2025,Ontario,49000
2023,Ford,F150,LARIAT,6,Gasoline,40769.0,19/12/2025,Ontario,51600
2018,Ford,Explorer,XLT,6,Gasoline,120372.0,19/12/2025,Newfoundland and Labrador,14000
2016,Ford,Explorer,Platinum,6,Gasoline,123942.0,19/12/2025,Newfoundland and Labrador,5800
2021,Ford,Escape,SE,3,Gasoline,53851.0,19/12/2025,Ontario,15400
2023,Ford,Explorer,Timberline,4,Gasoline,53440.0,19/12/2025,Manitoba,31000
2019,Ford,Escape,SE,4,Gasoline,129638.0,19/12/2025,Saskatchewan,12000
2022,Ford,Explorer,XLT,4,Gasoline,156384.0,19/12/2025,Manitoba,21000
2023,Ford,Super Duty F250 SRW,LARIAT,8,Diesel,86260.0,19/12/2025,Manitoba,74400
2023,Ford,Super Duty F350 DRW,XLT,8,Diesel,51157.0,19/12/2025,Newfoundland and Labrador,64500
2019,Ford,F150,Platinum,6,Gasoline,125256.0,19/12/2025,British Columbia,24500
2019,Ford,F150,XLT CREW CAB SHORT BED,8,Flex,257315.0,19/12/2025,Saskatchewan,10200
2023,Ford,F150,LARIAT CREW CAB STD BED,8,Flex,154329.0,19/12/2025,Saskatchewan,36000
2023,Ford,Super Duty F250 SRW,XLT,8,Diesel,99179.0,19/12/2025,Newfoundland and Labrador,52000
2023,Ford,F150,XLT EXTENDED CAB STD BED,6,Gasoline,138189.0,19/12/2025,Alberta,22500
2023,Ford,F150,XL CREW CAB SHORT BED,6,Hybrid,69151.0,19/12/2025,Ontario,30000
2022,Ford,Bronco Sport,Badlands,4,Gasoline,57180.0,19/12/2025,Saskatchewan,27750
2023,Ford,F150,LARIAT,6,Gasoline,49046.0,18/12/2025,Ontario,49700
2023,Ford,F150,LARIAT,6,Gasoline,50310.0,18/12/2025,Ontario,49500
2019,Ford,Transit Van,Other,6,Flex,192621.0,18/12/2025,Ontario,11100
2023,Ford,F150,Raptor,6,Gasoline,94526.0,18/12/2025,Ontario,75000
2014,Ford,F150,XL REGULAR CAB STD BED,6,Flex,282537.0,18/12/2025,Manitoba,3800
2022,Ford,F150 Lightning,LARIAT,E,Electric,19432.0,18/12/2025,Ontario,50500
2023,Ford,Transit Cargo Van,Other,6,Flex,16037.0,18/12/2025,Ontario,33250
2020,Ford,Transit Cargo Van,"T150 130"" LOW RF 8670 GVWR RWD",6,Flex,136934.0,18/12/2025,Ontario,14250
2019,Ford,Transit Van,"T250 130"" LOW RF 9000 GVWR SWINGOUT RH DR",6,Gasoline,197470.0,18/12/2025,Ontario,7500
2023,Ford,F150,LARIAT CREW CAB SHORT BED,6,Gasoline,70583.0,18/12/2025,Saskatchewan,51200
2023,Ford,F150,XLT CREW CAB STD BED,6,Hybrid,64431.0,18/12/2025,Ontario,44500
2016,Ford,F150,XLT CREW CAB STD BED,8,Flex,292295.0,18/12/2025,British Columbia,9100
2016,Ford,F150,XLT CREW CAB STD BED,8,Flex,113046.0,18/12/2025,Quebec,19700
2016,Ford,F150,LARIAT CREW CAB STD BED,6,Gasoline,170113.0,18/12/2025,Quebec,18500
2020,Ford,Mustang,EcoBoost,4,Gasoline,30378.0,18/12/2025,British Columbia,24200
2019,Ford,Transit Passenger Wagon,XL,6,Flex,138641.0,18/12/2025,Alberta,17000
2023,Ford,Transit Passenger Wagon,XLT  15 PASSENGER,6,Gasoline,26350.0,18/12/2025,Alberta,49500
2017,Ford,Transit Wagon,XL,6,Gasoline,324386.0,18/12/2025,Manitoba,11400
2017,Ford,Econoline Commercial Chassis,"E450 STRIPPED CHASSIS 176""",8,Flex,143843.0,18/12/2025,Ontario,19250
2015,Ford,Escape,SE,4,Gasoline,89714.0,18/12/2025,Ontario,6600
2017,Ford,Escape,SE,4,Gasoline,107394.0,18/12/2025,Ontario,6600
2017,Ford,Escape,SE,4,Gasoline,138747.0,18/12/2025,British Columbia,4200
2020,Ford,Escape,SEL,3,Gasoline,93250.0,18/12/2025,British Columbia,8500
2020,Ford,Escape,SEL,3,Gasoline,138328.0,18/12/2025,Ontario,11900
2019,Ford,Escape,SEL,4,Gasoline,103706.0,18/12/2025,Quebec,10000
2019,Ford,Escape,SEL,4,Gasoline,132319.0,18/12/2025,Ontario,8600
2022,Ford,Escape,Titanium,4,Gasoline,90489.0,18/12/2025,Saskatchewan,18000
2023,Ford,Bronco,Heritage Limited Edition,6,Gasoline,72544.0,18/12/2025,Quebec,61000
2023,Ford,Bronco,BADLANDS,6,Gasoline,28200.0,18/12/2025,British Columbia,54500
2023,Ford,Expedition,Limited Max,6,Gasoline,63410.0,18/12/2025,Ontario,65500
2022,Ford,Explorer,XLT,4,Gasoline,86062.0,18/12/2025,Manitoba,29400
2021,Ford,Explorer,XLT,4,Gasoline,103759.0,18/12/2025,Manitoba,20800
2016,Ford,Super Duty F350 SRW,LARIAT CREW CAB STD BED,8,Diesel,109059.0,18/12/2025,Ontario,40200
2023,Ford,F150,XLT CREW CAB STD BED,6,Gasoline,27587.0,18/12/2025,Ontario,47200
2023,Ford,Transit Cargo Van,Other,6,Flex,44214.0,18/12/2025,Ontario,39250
2023,Ford,Transit Cargo Van,"T250 130"" LOW RF 9070 GVWR AWD",6,Flex,33494.0,18/12/2025,Ontario,40000
2019,Ford,F150,LARIAT,6,Gasoline,178531.0,18/12/2025,Ontario,23000
2021,Ford,F150,LARIAT CREW CAB SHORT BED,8,Flex,126060.0,18/12/2025,Ontario,33000
2023,Ford,F150,XLT CREW CAB SHORT BED,8,Flex,67093.0,18/12/2025,Ontario,47300
2023,Ford,F150,XLT,8,Flex,23580.0,18/12/2025,Manitoba,35750
2022,Ford,F150,XLT CREW CAB SHORT BED,6,Gasoline,96643.0,18/12/2025,Ontario,33000
2023,Ford,F150,XLT,6,Gasoline,95184.0,18/12/2025,Manitoba,30900
2021,Ford,F150,XLT,6,Gasoline,86603.0,18/12/2025,Ontario,27500
2022,Ford,F150,XLT CREW CAB SHORT BED,6,Gasoline,108806.0,18/12/2025,Alberta,24200
2023,Ford,F150,XLT CREW CAB STD BED,6,Gasoline,46291.0,18/12/2025,Ontario,43000
2018,Ford,F150,PLATINUM PICKUP 4D 6 1/2 FT,6,Gasoline,73891.0,18/12/2025,British Columbia,27100
2018,Ford,F150,XLT CREW CAB SHORT BED,6,Gasoline,221283.0,18/12/2025,British Columbia,13000
2017,Ford,F150,PLATINUM CREW CAB SHORT BED,6,Gasoline,165121.0,18/12/2025,Saskatchewan,18000
2021,Ford,F150,XLT,6,Gasoline,78135.0,18/12/2025,British Columbia,37500
2023,Ford,F150,XL CREW CAB SHORT BED,6,Gasoline,28919.0,18/12/2025,Ontario,40200
2021,Ford,F150,XLT CREW CAB SHORT BED,6,Gasoline,98264.0,18/12/2025,Ontario,32750
2019,Ford,F150,XLT,6,Gasoline,84790.0,18/12/2025,Quebec,31700
2019,Ford,F150,XL EXTENDED CAB STD BED,6,Gasoline,111978.0,18/12/2025,Ontario,14900
2019,Ford,F150,LARIAT,6,Gasoline,112329.0,18/12/2025,Manitoba,22200
2019,Ford,F150,LARIAT CREW CAB STD BED,6,Gasoline,123132.0,18/12/2025,Quebec,30800
2023,Ford,F150,XLT,8,Flex,46988.0,18/12/2025,British Columbia,42300
2018,Ford,F150,XLT CREW CAB SHORT BED,8,Flex,224878.0,18/12/2025,British Columbia,11900
2021,Ford,F150,XL,8,Flex,142607.0,18/12/2025,Manitoba,20500
2022,Ford,F150,XLT,8,Flex,78485.0,18/12/2025,Ontario,34750
2023,Ford,Transit Cargo Van,Other,6,Flex,39984.0,18/12/2025,Ontario,39500
2023,Ford,Transit Cargo Van,"T350 148"" MED RF 9500 GVWR RWD",6,Flex,18071.0,18/12/2025,Manitoba,40600
2020,Ford,Ranger,LARIAT,4,Gasoline,88335.0,18/12/2025,Saskatchewan,24000
2020,Ford,Ranger,XLT,4,Gasoline,112689.0,18/12/2025,Ontario,23000
2023,Ford,Super Duty F250 SRW,LARIAT CREW CAB LONG BED,8,Diesel,101694.0,18/12/2025,Ontario,73500
2022,Ford,Transit Cargo Van,"T350 HD 148"" EL HI RF 9950 GVWR DRW AWD",6,Gasoline,119540.0,18/12/2025,Ontario,45500
2023,Ford,Transit Cargo Van,"T250 130"" MED RF 9070 GVWR RWD",6,Flex,80305.0,18/12/2025,Ontario,33000
2022,Ford,Transit Cargo Van,"T250 130"" MED RF 9070 GVWR RWD",6,Flex,12736.0,18/12/2025,Manitoba,34500
2023,Ford,Transit Cargo Van,Other,6,Flex,44214.0,18/12/2025,Ontario,39250
2023,Ford,Transit Cargo Van,"T250 130"" LOW RF 9070 GVWR AWD",6,Flex,33494.0,18/12/2025,Ontario,40000
2023,Ford,Super Duty F250 SRW,XL,8,Gasoline,82684.0,18/12/2025,Ontario,46000
2020,Ford,Escape,SE,3,Gasoline,152886.0,18/12/2025,Quebec,7200
2020,Ford,Escape,SE,3,Gasoline,108610.0,18/12/2025,Manitoba,8800
2015,Ford,Escape,SE,4,Gasoline,89714.0,18/12/2025,Ontario,6600
2017,Ford,Escape,SE,4,Gasoline,107394.0,18/12/2025,Ontario,6600
2017,Ford,Escape,SE,4,Gasoline,138747.0,18/12/2025,British Columbia,4200
2020,Ford,Escape,SEL,3,Gasoline,93250.0,18/12/2025,British Columbia,8500
2023,Ford,Transit Cargo Van,Other,6,Flex,16037.0,18/12/2025,Ontario,33250
2020,Ford,Transit Cargo Van,"T150 130"" LOW RF 8670 GVWR RWD",6,Flex,136934.0,18/12/2025,Ontario,14250
2019,Ford,Transit Van,"T250 130"" LOW RF 9000 GVWR SWINGOUT RH DR",6,Gasoline,197470.0,18/12/2025,Ontario,7500
2023,Ford,F150,LARIAT CREW CAB SHORT BED,6,Gasoline,70583.0,18/12/2025,Saskatchewan,51200
2023,Ford,F150,XLT CREW CAB STD BED,6,Hybrid,64431.0,18/12/2025,Ontario,44500
2016,Ford,F150,XLT CREW CAB STD BED,8,Flex,292295.0,18/12/2025,British Columbia,9100
2016,Ford,F150,XLT CREW CAB STD BED,8,Flex,113046.0,18/12/2025,Quebec,19700
2016,Ford,F150,LARIAT CREW CAB STD BED,6,Gasoline,170113.0,18/12/2025,Quebec,18500
2016,Ford,Flex,SEL,6,Gasoline,162572.0,18/12/2025,Ontario,7200
2019,Ford,Flex,SEL,6,Gasoline,81167.0,18/12/2025,Manitoba,13000
2021,Ford,Edge,SEL,4,Gasoline,116454.0,18/12/2025,Ontario,15000
2023,Ford,Bronco Sport,Big Bend,3,Gasoline,32235.0,18/12/2025,Ontario,23500
2022,Ford,Mustang MachE,Select,E,Electric,76572.0,18/12/2025,British Columbia,25100
2023,Ford,Maverick,XLT CREW CAB SHORT BED,4,Gasoline,49371.0,18/12/2025,Quebec,30000
2023,Ford,Maverick,XL CREW CAB SHORT BED,4,Gasoline,32188.0,18/12/2025,New Brunswick,28200
2019,Ford,Transit Connect Van,XL,4,Gasoline,122855.0,18/12/2025,Quebec,18200
2023,Ford,F150,LARIAT,6,Gasoline,31951.0,17/12/2025,Quebec,50900
2023,Ford,F150,XLT,6,Gasoline,39550.0,17/12/2025,Ontario,36900
2019,Ford,Transit Van,"T250 148"" MED RF 9000 GVWR SLIDING RH DR",6,Flex,270742.0,17/12/2025,Ontario,7250
2017,Ford,Transit Cargo Van,"T250 148"" MED RF 9000 GVWR SLIDING RH DR",6,Flex,345514.0,17/12/2025,Ontario,5250
2020,Ford,F150,XLT EXTENDED CAB STD BED,6,Gasoline,131867.0,17/12/2025,Ontario,20000
2019,Ford,F150,XLT EXTENDED CAB STD BED,6,Gasoline,73788.0,17/12/2025,Ontario,26750
2019,Ford,F150,LARIAT,8,Flex,79790.0,17/12/2025,Ontario,27800
2022,Ford,F150,XLT EXTENDED CAB STD BED,6,Gasoline,150933.0,17/12/2025,Alberta,16500
2014,Ford,F150,FX4,6,Gasoline,253666.0,17/12/2025,Ontario,9750
2022,Ford,F150,Raptor,6,Gasoline,55540.0,17/12/2025,Quebec,79800
2019,Ford,F150,Raptor,6,Gasoline,134120.0,17/12/2025,Quebec,45250
2019,Ford,Transit Van,"T250 148"" LOW RF 9000 GVWR SLIDING RH DR",6,Flex,102282.0,17/12/2025,Quebec,26000
2018,Ford,F150,XL REGULAR CAB LONG BED,6,Flex,140011.0,17/12/2025,Ontario,6500
2023,Ford,F150,XLT,6,Gasoline,41594.0,17/12/2025,Quebec,47200
2021,Ford,F150,XLT CREW CAB SHORT BED,6,Gasoline,79371.0,17/12/2025,Ontario,33000
2021,Ford,F150,XLT CREW CAB SHORT BED,6,Gasoline,114808.0,17/12/2025,Ontario,23000
2023,Ford,F150,XLT,6,Gasoline,35294.0,17/12/2025,Ontario,39000
2023,Ford,F150,XLT,6,Gasoline,55067.0,17/12/2025,Ontario,48000
2021,Ford,F150,XLT CREW CAB SHORT BED,6,Gasoline,140359.0,17/12/2025,Ontario,30750
2021,Ford,F150,XLT CREW CAB SHORT BED,6,Gasoline,153764.0,17/12/2025,Alberta,23000
2022,Ford,F150,XLT CREW CAB SHORT BED,6,Hybrid,139987.0,17/12/2025,Alberta,23400
2022,Ford,F150,XLT,6,Hybrid,137039.0,17/12/2025,Ontario,33000
2022,Ford,F150,LARIAT CREW CAB SHORT BED,6,Hybrid,97592.0,17/12/2025,Quebec,42200
2022,Ford,F150,Limited,6,Hybrid,76176.0,17/12/2025,Manitoba,52000
2022,Ford,Escape,SE Hybrid,4,Hybrid,103679.0,17/12/2025,Ontario,16500
2016,Ford,Mustang,EcoBoost Premium,4,Gasoline,150309.0,17/12/2025,Ontario,8500
2017,Ford,Focus,SEL,4,Flex,165250.0,17/12/2025,Ontario,3500
2019,Ford,Explorer,XLT,4,Gasoline,124233.0,17/12/2025,Ontario,14000
2020,Ford,Explorer,Limited,6,Hybrid,153366.0,17/12/2025,Quebec,16000
2021,Ford,Explorer,ST,6,Gasoline,134427.0,17/12/2025,Ontario,29300
2021,Ford,Explorer,ST,6,Gasoline,110363.0,17/12/2025,Quebec,31000
2023,Ford,Escape,PHEV,4,Hybrid,54767.0,17/12/2025,Quebec,23800
2020,Ford,Escape,SE,3,Gasoline,130141.0,17/12/2025,Quebec,8500
2018,Ford,Escape,SE,4,Gasoline,101522.0,17/12/2025,Ontario,5750
2023,Ford,Escape,Active,3,Gasoline,127928.0,17/12/2025,Ontario,15000
2021,Ford,Escape,Titanium PlugIn Hybrid,4,Hybrid,70967.0,17/12/2025,Quebec,19900
2020,Ford,F150,XLT CREW CAB SHORT BED,8,Flex,136058.0,17/12/2025,Alberta,23750
2016,Ford,F150,XLT,6,Flex,145670.0,17/12/2025,Nova Scotia,15000
2023,Ford,F150,Tremor,6,Gasoline,11467.0,17/12/2025,Ontario,70000
2023,Ford,F150,XLT CREW CAB SHORT BED,6,Flex,45902.0,17/12/2025,Ontario,37000
2023,Ford,F150,Other,8,Flex,29705.0,17/12/2025,Ontario,70300
2020,Ford,F150,XLT CREW CAB STD BED,8,Flex,85836.0,17/12/2025,Ontario,31500
2022,Ford,F150,LARIAT CREW CAB SHORT BED,8,Flex,86194.0,17/12/2025,Ontario,44000
2023,Ford,F150,XLT,8,Flex,72376.0,17/12/2025,Quebec,41800
2023,Ford,F150,XLT,6,Gasoline,63751.0,17/12/2025,Quebec,42500
2022,Ford,F150,LARIAT CREW CAB SHORT BED,6,Gasoline,64778.0,17/12/2025,Ontario,46600
2016,Ford,F150,XLT,6,Flex,145670.0,17/12/2025,Nova Scotia,15000
2023,Ford,F150,Tremor,6,Gasoline,11467.0,17/12/2025,Ontario,70000
2023,Ford,F150,XLT CREW CAB SHORT BED,6,Flex,45902.0,17/12/2025,Ontario,37000
2023,Ford,F150,Other,8,Flex,29705.0,17/12/2025,Ontario,70300
2020,Ford,F150,XLT CREW CAB STD BED,8,Flex,85836.0,17/12/2025,Ontario,31500
2022,Ford,F150,LARIAT CREW CAB SHORT BED,8,Flex,86194.0,17/12/2025,Ontario,44000
2023,Ford,F150,XLT,8,Flex,72376.0,17/12/2025,Quebec,41800
2023,Ford,F150,XLT,6,Gasoline,63751.0,17/12/2025,Quebec,42500
2022,Ford,F150,LARIAT CREW CAB SHORT BED,6,Gasoline,64778.0,17/12/2025,Ontario,46600
2022,Ford,F150,LARIAT,6,Gasoline,99576.0,17/12/2025,Alberta,40000
2022,Ford,F150,KING RANCH CREW CAB SHORT BED,6,Gasoline,98417.0,17/12/2025,Ontario,49500
2019,Ford,F150,Limited,6,Gasoline,79928.0,17/12/2025,Quebec,39100
2021,Ford,F150,LARIAT,6,Gasoline,102563.0,17/12/2025,Ontario,36500
2022,Ford,F150,XLT CREW CAB SHORT BED,6,Gasoline,92334.0,17/12/2025,Quebec,30000
2022,Ford,F150,XLT,6,Gasoline,58968.0,17/12/2025,Quebec,33200
2022,Ford,F150,XLT CREW CAB SHORT BED,6,Gasoline,81935.0,17/12/2025,Ontario,34000
2022,Ford,F150,LARIAT,6,Gasoline,123062.0,17/12/2025,Quebec,35000
2019,Ford,F150,XLT,6,Gasoline,231093.0,17/12/2025,Alberta,10900
2022,Ford,F150,LARIAT,6,Gasoline,84977.0,17/12/2025,Ontario,41700
2023,Ford,F150,XLT CREW CAB SHORT BED,6,Gasoline,56223.0,17/12/2025,Ontario,38000
2023,Ford,F150,XLT CREW CAB SHORT BED,6,Gasoline,55556.0,17/12/2025,Ontario,35750
2023,Ford,F150,XLT CREW CAB SHORT BED,6,Gasoline,77156.0,17/12/2025,Ontario,39700
2022,Ford,F150,XLT,6,Gasoline,78658.0,17/12/2025,Ontario,33000
2019,Ford,F150,LARIAT,6,Gasoline,110941.0,17/12/2025,Quebec,31800
2021,Ford,F150,XLT,8,Flex,104227.0,17/12/2025,Quebec,21100
2022,Ford,F150,XLT CREW CAB SHORT BED,8,Flex,79381.0,17/12/2025,Ontario,30000
2019,Ford,F150,LARIAT,8,Flex,129238.0,17/12/2025,Ontario,29250
2021,Ford,Transit Cargo Van,Other,6,Flex,101988.0,17/12/2025,Quebec,18000
2021,Ford,Transit Cargo Van,Other,6,Flex,99517.0,17/12/2025,Quebec,21600
2021,Ford,Transit Cargo Van,"T250 148"" EL HI RF 9070 GVWR RWD",6,Flex,73799.0,17/12/2025,Quebec,22400
2020,Ford,Transit Cargo Van,"T250 148"" EL HI RF 9070 GVWR RWD",6,Flex,69986.0,17/12/2025,Quebec,23200
2021,Ford,Transit Cargo Van,Other,6,Flex,75053.0,17/12/2025,Quebec,26000
2020,Ford,Transit Cargo Van,"T250 148"" EL HI RF 9070 GVWR RWD",6,Flex,42277.0,17/12/2025,Quebec,25000
2021,Ford,Transit Cargo Van,"T250 148"" EL HI RF 9070 GVWR RWD",6,Flex,63369.0,17/12/2025,Quebec,24200
2020,Ford,Transit Cargo Van,"T250 148"" EL HI RF 9070 GVWR RWD",6,Flex,71149.0,17/12/2025,Quebec,25600
2020,Ford,Ranger,LARIAT,4,Gasoline,46071.0,17/12/2025,Alberta,33000
2023,Ford,Super Duty F250 SRW,Platinum,8,Gasoline,51723.0,17/12/2025,Alberta,49750
2023,Ford,Super Duty F250 SRW,XLT CREW CAB LONG BED,8,Diesel,42093.0,17/12/2025,Ontario,63750
2020,Ford,F150,XLT EXTENDED CAB STD BED,6,Gasoline,131867.0,17/12/2025,Ontario,20000
2019,Ford,F150,XLT EXTENDED CAB STD BED,6,Gasoline,73788.0,17/12/2025,Ontario,26750
2019,Ford,F150,LARIAT,8,Flex,79790.0,17/12/2025,Ontario,27800
2022,Ford,F150,XLT EXTENDED CAB STD BED,6,Gasoline,150933.0,17/12/2025,Alberta,16500
2014,Ford,F150,FX4,6,Gasoline,253666.0,17/12/2025,Ontario,9750
2022,Ford,F150,Raptor,6,Gasoline,55540.0,17/12/2025,Quebec,79800
2015,Ford,Escape,SE,4,Gasoline,148780.0,17/12/2025,Ontario,2100
2015,Ford,Escape,SE,4,Gasoline,160822.0,17/12/2025,Ontario,4000
2017,Ford,Escape,SE,4,Gasoline,122737.0,17/12/2025,Quebec,2000
2020,Ford,Escape,SEL,4,Gasoline,69618.0,17/12/2025,Quebec,15900
2022,Ford,Escape,SEL,4,Gasoline,87301.0,17/12/2025,Quebec,18900
2020,Ford,Escape,SEL,4,Gasoline,102396.0,17/12/2025,Ontario,14500
2023,Ford,Escape,Platinum,4,Hybrid,50499.0,17/12/2025,Ontario,14000
2023,Ford,Escape,STLine,3,Gasoline,33910.0,17/12/2025,Quebec,23400
2021,Ford,Expedition,Platinum,6,Gasoline,124538.0,17/12/2025,Quebec,40300
2022,Ford,Expedition,Timberline,6,Gasoline,79803.0,17/12/2025,Quebec,52750
2017,Ford,Super Duty F250 SRW,XLT,8,Diesel,41778.0,17/12/2025,Quebec,47600
2022,Ford,Super Duty F250 SRW,XLT CREW CAB STD BED,8,Diesel,99217.0,17/12/2025,Ontario,52250
2020,Ford,Super Duty F250 SRW,XLT EXTENDED CAB LONG BED,8,Flex,154258.0,17/12/2025,Ontario,27000
2022,Ford,Super Duty F250 SRW,LARIAT,8,Diesel,71729.0,17/12/2025,Ontario,75250
2022,Ford,Super Duty F250 SRW,LARIAT CREW CAB STD BED,8,Diesel,115578.0,17/12/2025,Quebec,67000
2016,Ford,Super Duty F350 SRW,XL CREW CAB LONG BED,8,Flex,228049.0,17/12/2025,Ontario,4100
2022,Ford,Super Duty F350 SRW,LARIAT,8,Diesel,117911.0,17/12/2025,Ontario,65500
2017,Ford,Super Duty F350 SRW,XLT CREW CAB LONG BED,8,Diesel,165194.0,17/12/2025,Alberta,37000
2017,Ford,Super Duty F350 DRW,XL CREW CAB LONG BED,8,Diesel,240657.0,17/12/2025,Ontario,20250
2018,Ford,Super Duty F350 DRW,XL CREW CAB LONG BED,8,Diesel,187357.0,17/12/2025,Ontario,22000
2022,Ford,Super Duty F350 DRW,XLT CREW CAB LONG BED,8,Diesel,86641.0,17/12/2025,Alberta,53750
2021,Ford,Super Duty F350 DRW,XLT,8,Diesel,124946.0,17/12/2025,Quebec,49750
2023,Ford,Bronco Sport,Big Bend,3,Gasoline,57785.0,17/12/2025,Quebec,20250
2021,Ford,Mustang MachE,Select,E,Electric,75542.0,17/12/2025,Quebec,20300
2021,Ford,Mustang MachE,Premium,E,Electric,88183.0,17/12/2025,Quebec,19400
2021,Ford,Mustang MachE,Premium,E,Electric,80661.0,17/12/2025,Quebec,21500
2021,Ford,Mustang MachE,Premium,E,Electric,82850.0,17/12/2025,Quebec,22000
2020,Ford,Fusion,SE,4,Gasoline,142266.0,17/12/2025,Ontario,6750
2020,Ford,Fusion,SE,4,Gasoline,72897.0,17/12/2025,Quebec,15200
2018,Ford,Fusion Energi,SE,4,Hybrid,127759.0,17/12/2025,Quebec,6500
2018,Ford,Fusion Energi,Titanium,4,Hybrid,107353.0,17/12/2025,Ontario,12100
2020,Ford,Edge,SEL,4,Gasoline,84826.0,17/12/2025,Ontario,13800
2020,Ford,Edge,SEL,4,Gasoline,65946.0,17/12/2025,Quebec,17300
2022,Ford,Edge,SEL,4,Gasoline,145134.0,17/12/2025,Quebec,13400
2019,Ford,Edge,SEL,4,Gasoline,159053.0,17/12/2025,Ontario,9300
2022,Ford,Edge,ST LINE,4,Gasoline,125711.0,17/12/2025,Quebec,14600
2018,Ford,Transit Connect Van,XLT,4,Flex,122415.0,17/12/2025,Quebec,4900
2019,Ford,Transit Connect Van,XL,4,Gasoline,148495.0,17/12/2025,Ontario,13250
2020,Ford,Transit Connect Van,XLT,4,Flex,146229.0,17/12/2025,Ontario,11400
2020,Ford,Transit Connect Van,XLT,4,Flex,125513.0,17/12/2025,Quebec,8300
2023,Ford,F150,XLT,6,Gasoline,20726.0,16/12/2025,Ontario,46600
2023,Ford,F150,XLT,6,Gasoline,29000.0,16/12/2025,Ontario,45000
2023,Ford,F150,XLT,6,Gasoline,45434.0,16/12/2025,Ontario,37400
2023,Ford,F150,XLT,6,Gasoline,72493.0,16/12/2025,Ontario,40600
2023,Ford,F150,LARIAT,6,Gasoline,70232.0,16/12/2025,Ontario,46300
2023,Ford,F150,XLT EXTENDED CAB STD BED,6,Gasoline,121446.0,16/12/2025,Alberta,22400
2023,Ford,F150,XLT EXTENDED CAB STD BED,6,Gasoline,98857.0,16/12/2025,Alberta,24500
2023,Ford,F150,XLT EXTENDED CAB STD BED,6,Gasoline,118082.0,16/12/2025,Alberta,23400
2021,Ford,Transit Cargo Van,"T150 130"" LOW RF 8670 GVWR AWD",6,Flex,85657.0,16/12/2025,Nova Scotia,29400
2018,Ford,Transit Van,Other,6,Flex,138386.0,16/12/2025,Alberta,16000
2023,Ford,F150,XLT CREW CAB SHORT BED,6,Gasoline,55751.0,16/12/2025,Alberta,38250
2022,Ford,F150,XLT,6,Gasoline,204715.0,16/12/2025,Alberta,22250
2017,Ford,F150,XLT,6,Gasoline,225697.0,16/12/2025,Alberta,8750
2023,Ford,Super Duty F550 DRW,XLT CREW CAB  CHASSIS BED,8,Diesel,9170.0,16/12/2025,Alberta,74100
2017,Ford,Focus,SEL,4,Flex,81435.0,16/12/2025,Nova Scotia,6600
2020,Ford,Explorer,Platinum,6,Gasoline,157220.0,16/12/2025,Alberta,19500
2018,Ford,F150,XLT CREW CAB SHORT BED,8,Flex,190936.0,16/12/2025,Alberta,10400
2023,Ford,F150,XLT CREW CAB SHORT BED,6,Flex,138167.0,16/12/2025,Alberta,26700
2020,Ford,F150,XLT CREW CAB STD BED,8,Flex,119735.0,16/12/2025,Alberta,22000
2022,Ford,F150,XLT CREW CAB SHORT BED,8,Flex,29277.0,16/12/2025,Alberta,35250
2019,Ford,F150,XLT CREW CAB STD BED,8,Flex,58431.0,16/12/2025,Nova Scotia,28000
2020,Ford,F150,XLT CREW CAB STD BED,8,Flex,105325.0,16/12/2025,Alberta,19800
2022,Ford,F150,XLT,8,Flex,42774.0,16/12/2025,Alberta,40200
2023,Ford,F150,XLT CREW CAB SHORT BED,6,Gasoline,52773.0,16/12/2025,Alberta,39600
2023,Ford,F150,XLT CREW CAB SHORT BED,6,Gasoline,92100.0,16/12/2025,Nova Scotia,35500
2023,Ford,F150,XLT CREW CAB STD BED,6,Gasoline,56973.0,16/12/2025,Alberta,39000
2023,Ford,F150,XLT CREW CAB SHORT BED,6,Gasoline,87268.0,16/12/2025,Alberta,35600
2019,Ford,F150,LARIAT CREW CAB SHORT BED,6,Gasoline,84806.0,16/12/2025,Nova Scotia,32400
2019,Ford,F150,XLT CREW CAB SHORT BED,6,Gasoline,166317.0,16/12/2025,Alberta,20500
2021,Ford,F150,XLT CREW CAB SHORT BED,8,Flex,139621.0,16/12/2025,Alberta,21500
2020,Ford,F150,4WD,8,Flex,127004.0,16/12/2025,Nova Scotia,26300
2023,Ford,Transit Cargo Van,Other,6,Flex,50718.0,16/12/2025,Nova Scotia,37000
2017,Ford,Transit Cargo Van,"T350 148"" LOW RF 9500 GVWR SLIDING RH DR",6,Flex,212167.0,16/12/2025,Alberta,11250
2019,Ford,Transit Van,"T350 148"" EL HI RF 9500 GVWR SLIDING RH DR",6,Flex,245049.0,16/12/2025,Alberta,13100
2023,Ford,Super Duty F250 SRW,XLT CREW CAB STD BED,8,Gasoline,24751.0,16/12/2025,Alberta,56000
2023,Ford,Transit Cargo Van,"T250 130"" LOW RF 9070 GVWR AWD",6,Flex,35305.0,16/12/2025,Nova Scotia,38500
2022,Ford,Super Duty F250 SRW,XLT,8,Flex,150600.0,16/12/2025,Alberta,23750
2022,Ford,Super Duty F250 SRW,XLT CREW CAB STD BED,8,Flex,139140.0,16/12/2025,Alberta,27600
2022,Ford,Super Duty F250 SRW,XLT CREW CAB STD BED,8,Flex,128770.0,16/12/2025,Alberta,29500
2020,Ford,Escape,SE,3,Gasoline,128926.0,16/12/2025,Alberta,13000
2022,Ford,Escape,SE,3,Gasoline,137715.0,16/12/2025,Alberta,14000
2017,Ford,Escape,SE,4,Gasoline,157674.0,16/12/2025,Nova Scotia,5200
2021,Ford,Bronco,Badlands,6,Gasoline,120476.0,16/12/2025,Nova Scotia,27000
2023,Ford,Super Duty F250 SRW,XLT EXTENDED CAB STD BED,8,Gasoline,114193.0,16/12/2025,Alberta,36750
2022,Ford,Super Duty F350 SRW,XLT CREW CAB LONG BED,8,Flex,84931.0,16/12/2025,Alberta,34250
2021,Ford,Super Duty F350 SRW,XL CREW CAB LONG BED,8,Flex,77754.0,16/12/2025,Alberta,31200
2023,Ford,Super Duty F350 SRW,PLATINUM CREW CAB STD BED,8,Diesel,97568.0,16/12/2025,Alberta,81000
2023,Ford,Super Duty F350 SRW,XLT CREW CAB LONG BED,8,Gasoline,30360.0,16/12/2025,Alberta,48300
2023,Ford,Super Duty F350 SRW,XLT CREW CAB LONG BED,8,Gasoline,29451.0,16/12/2025,Alberta,51200
2020,Ford,Super Duty F350 DRW,XLT CREW CAB LONG BED,8,Diesel,189332.0,16/12/2025,Alberta,33300
2019,Ford,Super Duty F350 DRW,Platinum,8,Diesel,96033.0,16/12/2025,Alberta,56500
2023,Ford,Bronco Sport,Outer Banks,3,Gasoline,14585.0,16/12/2025,British Columbia,28800
2020,Ford,Fusion,SE,4,Gasoline,142442.0,16/12/2025,Nova Scotia,5000
2017,Ford,Fusion,V6 Sport,6,Gasoline,90547.0,16/12/2025,Nova Scotia,6200
2022,Ford,Edge,ST LINE,4,Gasoline,59886.0,16/12/2025,Alberta,23500
2023,Ford,F150,LARIAT,6,Gasoline,73439.0,15/12/2025,Ontario,49300
2023,Ford,F150,LARIAT,6,Gasoline,32486.0,15/12/2025,Ontario,50200
2023,Ford,F150,LARIAT,6,Gasoline,32214.0,15/12/2025,Ontario,51800
2021,Ford,F150,Platinum,6,Hybrid,80103.0,15/12/2025,Manitoba,49000
2023,Ford,Escape,PHEV,4,Hybrid,18789.0,15/12/2025,Newfoundland and Labrador,23600
2021,Ford,Super Duty F350 SRW,Limited,8,Diesel,131240.0,15/12/2025,Saskatchewan,40000
2020,Ford,EcoSport,SE,3,Gasoline,57447.0,15/12/2025,Newfoundland and Labrador,9400
2023,Ford,F150,LARIAT,6,Gasoline,50210.0,12/12/2025,Ontario,48800
2023,Ford,F150,LARIAT,6,Gasoline,48040.0,12/12/2025,Ontario,47600
2023,Ford,F150,XLT,6,Gasoline,42747.0,12/12/2025,Ontario,38200
2023,Ford,F150,XLT,6,Gasoline,83183.0,12/12/2025,Ontario,39100
2023,Ford,F150,LARIAT,6,Gasoline,44661.0,12/12/2025,Ontario,49000
2023,Ford,F150,LARIAT,6,Gasoline,39583.0,12/12/2025,Ontario,50500
2023,Ford,F150,XLT,6,Gasoline,26465.0,12/12/2025,Ontario,45600
2019,Ford,Transit Van,Other,6,Flex,81364.0,12/12/2025,Newfoundland and Labrador,16800
2023,Ford,F150,LARIAT CREW CAB SHORT BED,6,Gasoline,179442.0,12/12/2025,Saskatchewan,33750
2020,Ford,Transit Passenger Wagon,XLT,6,Flex,116359.0,12/12/2025,Saskatchewan,27750
2019,Ford,Transit Passenger Wagon,XLT,6,Flex,117619.0,12/12/2025,Saskatchewan,25250
2019,Ford,Mustang,BULLITT,8,Gasoline,132717.0,12/12/2025,Manitoba,13500
2019,Ford,Explorer,XLT,6,Gasoline,185331.0,12/12/2025,Saskatchewan,10900
2018,Ford,Explorer,XLT,6,Gasoline,141312.0,12/12/2025,Ontario,10300
2022,Ford,Explorer,Limited,6,Hybrid,202494.0,12/12/2025,Saskatchewan,19000
2017,Ford,Escape,S,4,Gasoline,159401.0,12/12/2025,Newfoundland and Labrador,3100
2022,Ford,F150,Tremor,6,Gasoline,43473.0,12/12/2025,British Columbia,42000
2021,Ford,F150,XLT CREW CAB STD BED,8,Flex,53956.0,12/12/2025,Newfoundland and Labrador,36900
2022,Ford,F150,XLT CREW CAB STD BED,8,Flex,97104.0,12/12/2025,Newfoundland and Labrador,27000
2021,Ford,F150,PLATINUM CREW CAB SHORT BED,6,Gasoline,90244.0,12/12/2025,Saskatchewan,50250
2023,Ford,F150,XLT CREW CAB STD BED,6,Gasoline,83367.0,12/12/2025,Saskatchewan,37000
2018,Ford,F150,XL EXTENDED CAB STD BED,6,Flex,86150.0,12/12/2025,British Columbia,8500
2018,Ford,F150,LARIAT,6,Diesel,124396.0,12/12/2025,Saskatchewan,31000
2020,Ford,F150,XLT,6,Gasoline,115521.0,12/12/2025,Newfoundland and Labrador,28200
2021,Ford,Ranger,XLT CREW CAB SHORT BED,4,Gasoline,100457.0,12/12/2025,British Columbia,22500
2023,Ford,Super Duty F250 SRW,XLT CREW CAB LONG BED,8,Gasoline,27138.0,12/12/2025,Newfoundland and Labrador,52200
2019,Ford,Super Duty F250 SRW,XLT,8,Flex,174956.0,12/12/2025,Saskatchewan,20000
2016,Ford,Escape,Titanium,4,Gasoline,145547.0,12/12/2025,Manitoba,5000
2020,Ford,Explorer,XLT,4,Gasoline,134356.0,12/12/2025,Saskatchewan,19000
2022,Ford,Explorer,XLT,4,Gasoline,51881.0,12/12/2025,Saskatchewan,28000
2019,Ford,Transit Van,Other,6,Flex,81364.0,12/12/2025,Newfoundland and Labrador,16800
2023,Ford,F150,LARIAT CREW CAB SHORT BED,6,Gasoline,179442.0,12/12/2025,Saskatchewan,33750
2017,Ford,Edge,SEL,4,Gasoline,175154.0,12/12/2025,Saskatchewan,8350
2022,Ford,Edge,SEL,4,Gasoline,121721.0,12/12/2025,Nova Scotia,15000
2019,Ford,EcoSport,Titanium,4,Gasoline,75938.0,12/12/2025,Newfoundland and Labrador,9500
2023,Ford,F150,LARIAT,6,Gasoline,40781.0,11/12/2025,Ontario,49900
2023,Ford,F150,XLT,6,Gasoline,44514.0,11/12/2025,Ontario,43000
2023,Ford,F150,LARIAT,6,Gasoline,26533.0,11/12/2025,British Columbia,52400
2023,Ford,F150,LARIAT,6,Gasoline,38435.0,11/12/2025,Ontario,51400
2022,Ford,Escape,SE Hybrid,4,Hybrid,91811.0,11/12/2025,Ontario,16100
2015,Ford,Mustang,EcoBoost Premium,4,Gasoline,71324.0,11/12/2025,British Columbia,15400
2013,Chevrolet,Cruze,LT Turbo,4,Gasoline,163625.0,02/01/2026,Saskatchewan,2900
2023,Chevrolet,Colorado,4WD Z71,4,Gasoline,52773.0,02/01/2026,Saskatchewan,40000
2017,Chevrolet,Equinox,Premier,6,Gasoline,206955.0,02/01/2026,Saskatchewan,6800
2020,Chevrolet,Trax,LT,4,Gasoline,88317.0,02/01/2026,Saskatchewan,10300
2015,Chevrolet,Equinox,LS,4,Gasoline,233195.0,02/01/2026,Saskatchewan,3400
2020,Chevrolet,Equinox,LS,4,Gasoline,124447.0,02/01/2026,Saskatchewan,13800
2020,Chevrolet,Equinox,Premier,4,Gasoline,172251.0,02/01/2026,Saskatchewan,8700
2018,Chevrolet,Silverado 1500,LT,8,Gasoline,268794.0,02/01/2026,Saskatchewan,8500
2022,Chevrolet,Silverado 1500 LTD,Work Truck,8,Gasoline,25487.0,02/01/2026,Saskatchewan,32500
2017,Chevrolet,Trax,LT,4,Gasoline,154947.0,02/01/2026,Saskatchewan,5200
2019,Chevrolet,Cruze,LT,4,Gasoline,174198.0,31/12/2025,Manitoba,3600
2015,Chevrolet,Suburban,LS,8,Gasoline,198367.0,31/12/2025,British Columbia,8500
2018,Chevrolet,Cruze,LT,4,Gasoline,82836.0,30/12/2025,Manitoba,7000
2019,Chevrolet,Cruze,LT,4,Gasoline,138122.0,30/12/2025,Nova Scotia,6000
2019,Chevrolet,Camaro,1LS,4,Gasoline,87708.0,30/12/2025,British Columbia,16000
2016,Chevrolet,Sonic,LT,4,Gasoline,125297.0,30/12/2025,New Brunswick,1700
2014,Chevrolet,Cruze,1LT,4,Gasoline,156651.0,30/12/2025,Manitoba,900
2018,Chevrolet,Malibu,LT,4,Gasoline,137641.0,30/12/2025,Manitoba,8100
2023,Chevrolet,Malibu,1LT,4,Gasoline,81581.0,30/12/2025,Alberta,14600
2023,Chevrolet,Silverado 1500,Custom,4,Gasoline,30126.0,30/12/2025,Quebec,37500
2023,Chevrolet,Suburban,LT,8,Gasoline,94937.0,30/12/2025,Nova Scotia,51800
2023,Chevrolet,Silverado 1500,Work Truck,4,Gasoline,50886.0,30/12/2025,Quebec,33250
2023,Chevrolet,Silverado 1500,Work Truck,4,Gasoline,47599.0,30/12/2025,Quebec,33500
2023,Chevrolet,Silverado 1500,Work Truck,4,Gasoline,43591.0,30/12/2025,Quebec,33600
2023,Chevrolet,Silverado 1500,Custom,4,Gasoline,38709.0,30/12/2025,Quebec,38700
2023,Chevrolet,Silverado 1500,Custom,4,Gasoline,56832.0,30/12/2025,Quebec,37100
2023,Chevrolet,Silverado 1500,Custom,4,Gasoline,31692.0,30/12/2025,Quebec,38750
2023,Chevrolet,Silverado 1500,Custom,4,Gasoline,63634.0,30/12/2025,Quebec,34750
2023,Chevrolet,Silverado 1500,Custom,4,Gasoline,51300.0,30/12/2025,Quebec,36000
2023,Chevrolet,Silverado 1500,Custom,4,Gasoline,43171.0,30/12/2025,Quebec,36400
2023,Chevrolet,Silverado 1500,Custom,4,Gasoline,64709.0,30/12/2025,Quebec,34900
2023,Chevrolet,Silverado 1500,Custom,4,Gasoline,39651.0,30/12/2025,Quebec,37500
2023,Chevrolet,Silverado 1500,Custom,4,Gasoline,51198.0,30/12/2025,Quebec,36250
2023,Chevrolet,Silverado 1500,Custom,4,Gasoline,49548.0,30/12/2025,Quebec,36300
2023,Chevrolet,Silverado 1500,Custom,4,Gasoline,48366.0,30/12/2025,Ontario,36250
2023,Chevrolet,Silverado 1500,Custom,4,Gasoline,20428.0,30/12/2025,Quebec,41000
2023,Chevrolet,Silverado 1500,Custom,4,Gasoline,49259.0,30/12/2025,Quebec,36900
2019,Chevrolet,Colorado,4WD LT,4,Diesel,89792.0,30/12/2025,Quebec,24000
2017,Chevrolet,Equinox,Premier,6,Gasoline,70139.0,30/12/2025,Quebec,10500
2012,Chevrolet,Equinox,2LT,4,Gasoline,165728.0,30/12/2025,Manitoba,1700
2022,Chevrolet,Trailblazer,LT,3,Gasoline,128156.0,30/12/2025,New Brunswick,14500
2022,Chevrolet,Trailblazer,RS,3,Gasoline,64291.0,30/12/2025,Ontario,19750
2017,Chevrolet,Equinox,LS,4,Gasoline,152121.0,30/12/2025,Manitoba,2800
2019,Chevrolet,Equinox,LS,4,Gasoline,140703.0,30/12/2025,Quebec,7000
2021,Chevrolet,Equinox,LT,4,Gasoline,150663.0,30/12/2025,British Columbia,10500
2018,Chevrolet,Equinox,LT,4,Gasoline,90071.0,30/12/2025,Quebec,10000
2022,Chevrolet,Equinox,LT,4,Gasoline,129508.0,30/12/2025,Manitoba,15400
2019,Chevrolet,Equinox,LT,4,Gasoline,263507.0,30/12/2025,Manitoba,3500
2022,Chevrolet,Equinox,RS,4,Gasoline,159982.0,30/12/2025,Alberta,8900
2016,Chevrolet,Equinox,LT,6,Gasoline,146483.0,30/12/2025,Newfoundland and Labrador,1500
2018,Chevrolet,Trax,LT,4,Gasoline,102453.0,30/12/2025,Alberta,6000
2023,Chevrolet,Equinox,LT,4,Gasoline,92285.0,30/12/2025,New Brunswick,15500
2023,Chevrolet,Silverado 1500,Custom Trail Boss,4,Gasoline,50006.0,30/12/2025,Quebec,37000
2023,Chevrolet,Silverado 1500,Work Truck,8,Gasoline,34690.0,30/12/2025,Quebec,33200
2023,Chevrolet,Silverado 1500,Custom Trail Boss,8,Gasoline,28315.0,30/12/2025,Alberta,39900
2023,Chevrolet,Silverado 1500,RST,8,Gasoline,34105.0,30/12/2025,Quebec,45250
2018,Chevrolet,Silverado 1500,Work Truck,6,Flex,161166.0,30/12/2025,Manitoba,10300
2023,Chevrolet,Silverado 1500,Work Truck,8,Gasoline,52287.0,29/12/2025,Ontario,35400
2023,Chevrolet,Silverado 1500,High Country,8,Gasoline,39361.0,24/12/2025,Ontario,52900
2019,Chevrolet,Cruze,LT,4,Gasoline,67445.0,23/12/2025,Nova Scotia,7000
2018,Chevrolet,Cruze,LT,4,Gasoline,118217.0,23/12/2025,Alberta,4100
2023,Chevrolet,Camaro,1LT,4,Gasoline,51959.0,23/12/2025,Alberta,21100
2017,Chevrolet,Bolt EV,Premier,E,Electric,206659.0,23/12/2025,Ontario,5500
2022,Chevrolet,Bolt EUV,Premier,6,Electric,64799.0,23/12/2025,Quebec,24000
2013,Chevrolet,Sonic,LT,4,Gasoline,168847.0,23/12/2025,Nova Scotia,2100
2017,Chevrolet,Sonic,LT,4,Gasoline,93152.0,23/12/2025,Nova Scotia,5400
2023,Chevrolet,Malibu,1LT,4,Gasoline,84062.0,23/12/2025,Alberta,15000
2023,Chevrolet,Malibu,1LT,4,Gasoline,61237.0,23/12/2025,British Columbia,15000
2022,Chevrolet,Silverado 1500,Custom,4,Gasoline,30841.0,23/12/2025,Ontario,36000
2023,Chevrolet,Silverado 1500,Custom,4,Gasoline,53119.0,23/12/2025,Ontario,36250
2022,Chevrolet,Silverado 1500,RST,6,Diesel,54842.0,23/12/2025,Ontario,43500
2023,Chevrolet,Silverado 1500,RST,8,Gasoline,35058.0,23/12/2025,Quebec,54000
2019,Chevrolet,Silverado 1500,Work Truck,8,Gasoline,140083.0,23/12/2025,Quebec,19000
2019,Chevrolet,Silverado 1500,Custom,8,Gasoline,222386.0,23/12/2025,Alberta,19000
2019,Chevrolet,Silverado 1500,RST,8,Gasoline,173451.0,23/12/2025,Manitoba,20200
2021,Chevrolet,Silverado 1500,RST,6,Diesel,166917.0,23/12/2025,Ontario,22000
2021,Chevrolet,Silverado 1500,LTZ,8,Gasoline,101079.0,23/12/2025,Ontario,38800
2023,Chevrolet,Traverse,RS,6,Gasoline,36420.0,23/12/2025,Ontario,43250
2023,Chevrolet,Traverse,RS,6,Gasoline,33301.0,23/12/2025,Quebec,43500
2021,Chevrolet,Silverado 2500HD,Work Truck,8,Gasoline,123954.0,23/12/2025,British Columbia,15500
2022,Chevrolet,Colorado,4WD LT,6,Gasoline,63591.0,23/12/2025,Ontario,32000
2023,Chevrolet,Malibu,1LT,4,Gasoline,84062.0,23/12/2025,Alberta,15000
2023,Chevrolet,Malibu,1LT,4,Gasoline,61237.0,23/12/2025,British Columbia,15000
2022,Chevrolet,Silverado 1500,Custom,4,Gasoline,30841.0,23/12/2025,Ontario,36000
2023,Chevrolet,Silverado 1500,Custom,4,Gasoline,53119.0,23/12/2025,Ontario,36250
2022,Chevrolet,Silverado 1500,RST,6,Diesel,54842.0,23/12/2025,Ontario,43500
2023,Chevrolet,Silverado 1500,RST,8,Gasoline,35058.0,23/12/2025,Quebec,54000
2019,Chevrolet,Silverado 1500,Work Truck,8,Gasoline,140083.0,23/12/2025,Quebec,19000
2019,Chevrolet,Silverado 1500,Custom,8,Gasoline,222386.0,23/12/2025,Alberta,19000
2019,Chevrolet,Silverado 1500,RST,8,Gasoline,173451.0,23/12/2025,Manitoba,20200
2021,Chevrolet,Silverado 1500,RST,6,Diesel,166917.0,23/12/2025,Ontario,22000
2021,Chevrolet,Silverado 1500,LTZ,8,Gasoline,101079.0,23/12/2025,Ontario,38800
2023,Chevrolet,Traverse,RS,6,Gasoline,36420.0,23/12/2025,Ontario,43250
2023,Chevrolet,Traverse,RS,6,Gasoline,33301.0,23/12/2025,Quebec,43500
2023,Chevrolet,Silverado 1500,Custom,4,Gasoline,58672.0,23/12/2025,Ontario,36500
2023,Chevrolet,Silverado 1500,Custom,4,Gasoline,41265.0,23/12/2025,Ontario,38750
2023,Chevrolet,Silverado 1500,Custom,4,Gasoline,39421.0,23/12/2025,Ontario,38750
2023,Chevrolet,Silverado 1500,Custom,4,Gasoline,31012.0,23/12/2025,Ontario,39500
2023,Chevrolet,Silverado 1500,Custom,4,Gasoline,37924.0,23/12/2025,Ontario,38500
2023,Chevrolet,Silverado 1500,Custom,4,Gasoline,45049.0,23/12/2025,Ontario,37750
2023,Chevrolet,Colorado,4WD Work Truck,4,Gasoline,21947.0,23/12/2025,Quebec,35750
2022,Chevrolet,Colorado,4WD ZR2,4,Diesel,113826.0,23/12/2025,British Columbia,36500
2019,Chevrolet,Silverado 1500,Custom,6,Gasoline,256289.0,23/12/2025,Manitoba,8000
2022,Chevrolet,Silverado 1500 LTD,Custom,4,Gasoline,80883.0,23/12/2025,Quebec,31000
2020,Chevrolet,Silverado 1500,Custom,4,Gasoline,106314.0,23/12/2025,Alberta,25000
2021,Chevrolet,Silverado 1500,Custom Trail Boss,8,Gasoline,194602.0,23/12/2025,Manitoba,21800
2019,Chevrolet,Silverado 1500,LT Trail Boss,8,Gasoline,96750.0,23/12/2025,Ontario,34100
2022,Chevrolet,Silverado 1500,Work Truck,8,Gasoline,136247.0,23/12/2025,Alberta,23750
2023,Chevrolet,Silverado 1500,RST,8,Gasoline,28447.0,23/12/2025,Quebec,52000
2023,Chevrolet,Silverado 1500,RST,8,Gasoline,50046.0,23/12/2025,Ontario,51750
2017,Chevrolet,Equinox,LT,4,Gasoline,99358.0,23/12/2025,Nova Scotia,5100
2018,Chevrolet,Cruze,LT,4,Gasoline,158938.0,23/12/2025,Alberta,4000
2022,Chevrolet,Silverado 1500,Custom Trail Boss,4,Gasoline,61913.0,23/12/2025,Quebec,32000
2023,Chevrolet,Silverado 1500,LT Trail Boss,4,Gasoline,46585.0,23/12/2025,Ontario,33250
2023,Chevrolet,Silverado 1500,Work Truck,8,Gasoline,40564.0,23/12/2025,Quebec,33500
2023,Chevrolet,Silverado 1500,Custom Trail Boss,8,Gasoline,75141.0,23/12/2025,Quebec,35200
2023,Chevrolet,Silverado 1500,RST,8,Gasoline,31085.0,23/12/2025,Quebec,45000
2023,Chevrolet,Silverado 1500,Work Truck,8,Gasoline,39858.0,23/12/2025,Ontario,31750
2021,Chevrolet,Equinox,LT,4,Gasoline,46738.0,23/12/2025,Ontario,18600
2022,Chevrolet,Equinox,RS,4,Gasoline,80474.0,23/12/2025,Ontario,19000
2023,Chevrolet,Silverado 1500,RST,8,Gasoline,24652.0,23/12/2025,Quebec,45500
2022,Chevrolet,Silverado 1500,LT Trail Boss,6,Diesel,125904.0,23/12/2025,Quebec,31750
2023,Chevrolet,Silverado 1500,High Country,8,Gasoline,37940.0,23/12/2025,Ontario,51500
2018,Chevrolet,Silverado 1500,LT,8,Gasoline,120003.0,23/12/2025,Alberta,16600
2021,Chevrolet,Silverado 1500,RST,6,Diesel,195739.0,23/12/2025,Ontario,23000
2022,Chevrolet,Blazer,RS,6,Gasoline,47512.0,23/12/2025,Ontario,23200
2022,Chevrolet,Trailblazer,LT,3,Gasoline,22973.0,23/12/2025,Quebec,20400
2023,Chevrolet,Trailblazer,LT,3,Gasoline,34989.0,23/12/2025,Quebec,18000
2023,Chevrolet,Trailblazer,LT,3,Gasoline,28231.0,23/12/2025,Quebec,15200
2023,Chevrolet,Trailblazer,RS,3,Gasoline,24130.0,23/12/2025,Quebec,21000
2023,Chevrolet,Trailblazer,RS,3,Gasoline,29486.0,23/12/2025,Quebec,22200
2017,Chevrolet,Spark,LT,4,Gasoline,106290.0,23/12/2025,Nova Scotia,2700
2016,Chevrolet,Cruze Limited,LT,4,Gasoline,129582.0,19/12/2025,Saskatchewan,4300
2020,Chevrolet,Colorado,4WD LT,4,Gasoline,263550.0,19/12/2025,New Brunswick,8750
2011,Chevrolet,Silverado 2500HD,WT,8,Gasoline,49682.0,19/12/2025,Saskatchewan,19500
2021,Chevrolet,Silverado 2500HD,LT,8,Gasoline,149763.0,19/12/2025,Saskatchewan,24400
2021,Chevrolet,Malibu,LT,4,Gasoline,182780.0,19/12/2025,Saskatchewan,6900
2021,Chevrolet,Traverse,LT Cloth,6,Gasoline,61171.0,19/12/2025,Newfoundland and Labrador,25300
2017,Chevrolet,Traverse,Premier,6,Gasoline,106696.0,19/12/2025,Newfoundland and Labrador,13700
2019,Chevrolet,Silverado 1500 LD,LT,8,Gasoline,145392.0,19/12/2025,Ontario,22000
2019,Chevrolet,Equinox,LS,4,Gasoline,157678.0,19/12/2025,Manitoba,5600
2018,Chevrolet,Trax,LT,4,Gasoline,81815.0,19/12/2025,Newfoundland and Labrador,2000
2019,Chevrolet,Trax,LT,4,Gasoline,123874.0,19/12/2025,Newfoundland and Labrador,8500
2018,Chevrolet,Trax,LT,4,Gasoline,84769.0,19/12/2025,Manitoba,9500
2020,Chevrolet,Trax,LT,4,Gasoline,154741.0,19/12/2025,Saskatchewan,8500
2020,Chevrolet,Trax,Premier,4,Gasoline,77221.0,19/12/2025,Saskatchewan,12500
2016,Chevrolet,Cruze,LT,4,Gasoline,115605.0,18/12/2025,Ontario,4000
2016,Chevrolet,Cruze,LT,4,Gasoline,196000.0,18/12/2025,Ontario,3200
2018,Chevrolet,Cruze,LT,4,Gasoline,127714.0,18/12/2025,Ontario,7200
2013,Chevrolet,Sonic,LT,4,Gasoline,138376.0,18/12/2025,Manitoba,1500
2016,Chevrolet,Cruze Limited,LT,4,Gasoline,152475.0,18/12/2025,British Columbia,4200
2018,Chevrolet,Volt,Premier,4,Hybrid,49713.0,18/12/2025,Quebec,16000
2022,Chevrolet,Malibu,LS,4,Gasoline,70774.0,18/12/2025,Manitoba,10600
2021,Chevrolet,Malibu,LT,4,Gasoline,121680.0,18/12/2025,Ontario,12000
2023,Chevrolet,Malibu,1LT,4,Gasoline,132479.0,18/12/2025,Ontario,14100
2018,Chevrolet,Malibu,LT,4,Gasoline,143133.0,18/12/2025,British Columbia,6700
2020,Chevrolet,Malibu,LT,4,Gasoline,125732.0,18/12/2025,Ontario,11800
2021,Chevrolet,Malibu,LT,4,Gasoline,132531.0,18/12/2025,Ontario,13000
2020,Chevrolet,Malibu,LT,4,Gasoline,138736.0,18/12/2025,Ontario,10500
2016,Chevrolet,Malibu,LT,4,Gasoline,119957.0,18/12/2025,Ontario,4250
2016,Chevrolet,Malibu,Premier,4,Gasoline,141865.0,18/12/2025,Ontario,9000
2018,Chevrolet,Silverado 2500HD,LT,8,Flex,103062.0,18/12/2025,Ontario,26000
2020,Chevrolet,Silverado 1500,High Country,8,Gasoline,130524.0,18/12/2025,Saskatchewan,39300
2015,Chevrolet,Silverado 1500,LS,8,Gasoline,98844.0,18/12/2025,Ontario,12000
2016,Chevrolet,Silverado 1500,LT,8,Gasoline,134859.0,18/12/2025,Ontario,13500
2019,Chevrolet,Silverado 1500,Work Truck,8,Gasoline,137550.0,18/12/2025,Ontario,19600
2021,Chevrolet,Silverado 1500,Custom,8,Gasoline,78496.0,18/12/2025,Ontario,24000
2020,Chevrolet,Traverse,RS,6,Gasoline,86185.0,18/12/2025,Ontario,31000
2022,Chevrolet,Traverse,Premier,6,Gasoline,83853.0,18/12/2025,Ontario,36250
2023,Chevrolet,Suburban,LS,8,Gasoline,49939.0,18/12/2025,Quebec,54000
2022,Chevrolet,Suburban,RST,8,Gasoline,101415.0,18/12/2025,Ontario,57000
2023,Chevrolet,Tahoe,RST,8,Gasoline,20183.0,18/12/2025,Ontario,75000
2023,Chevrolet,Suburban,LS,8,Gasoline,49939.0,18/12/2025,Quebec,54000
2022,Chevrolet,Suburban,RST,8,Gasoline,101415.0,18/12/2025,Ontario,57000
2023,Chevrolet,Tahoe,RST,8,Gasoline,20183.0,18/12/2025,Ontario,75000
2020,Chevrolet,Express Cargo Van,Other,6,Gasoline,140754.0,18/12/2025,Ontario,11750
2019,Chevrolet,Express Cargo Van,Other,6,Gasoline,184849.0,18/12/2025,Ontario,13300
2023,Chevrolet,Silverado 1500,Custom,4,Gasoline,45900.0,18/12/2025,Ontario,38100
2017,Chevrolet,Colorado,4WD Z71,4,Diesel,180880.0,18/12/2025,British Columbia,13700
2023,Chevrolet,Colorado,4WD Trail Boss,4,Gasoline,51020.0,18/12/2025,Quebec,38750
2020,Chevrolet,Silverado 1500,LT Trail Boss,8,Gasoline,183066.0,18/12/2025,British Columbia,28000
2017,Chevrolet,Cruze,LT,4,Gasoline,107500.0,18/12/2025,British Columbia,7000
2022,Chevrolet,Silverado 1500,Work Truck,4,Gasoline,103655.0,18/12/2025,Manitoba,16000
2023,Chevrolet,Silverado 1500,Custom,4,Gasoline,26148.0,18/12/2025,British Columbia,34500
2023,Chevrolet,Silverado 1500,Custom,4,Gasoline,40023.0,18/12/2025,British Columbia,33100
2013,Chevrolet,Silverado 1500,LT,8,Flex,162891.0,18/12/2025,British Columbia,8600
2021,Chevrolet,Silverado 1500,LT Trail Boss,8,Gasoline,143823.0,18/12/2025,Ontario,32100
2023,Chevrolet,Silverado 2500HD,Custom,8,Diesel,52266.0,18/12/2025,Quebec,55000
2022,Chevrolet,Silverado 2500HD,LTZ,8,Gasoline,117061.0,18/12/2025,Alberta,42900
2014,Chevrolet,Equinox,LT,4,Gasoline,146757.0,18/12/2025,Ontario,700
2021,Chevrolet,Equinox,LS,4,Gasoline,137807.0,18/12/2025,British Columbia,8900
2019,Chevrolet,Equinox,LT,4,Gasoline,116410.0,18/12/2025,British Columbia,10400
2018,Chevrolet,Equinox,Premier,4,Gasoline,250245.0,18/12/2025,Manitoba,2700
2023,Chevrolet,Equinox,LT,4,Gasoline,96084.0,18/12/2025,Quebec,16250
2023,Chevrolet,Equinox,LT,4,Gasoline,123236.0,18/12/2025,British Columbia,17300
2022,Chevrolet,Equinox,LT,4,Gasoline,152058.0,18/12/2025,Ontario,11600
2016,Chevrolet,Silverado 1500,Work Truck,8,Gasoline,112023.0,18/12/2025,Manitoba,12400
2018,Chevrolet,Silverado 1500,LS,8,Gasoline,153109.0,18/12/2025,Manitoba,15700
2017,Chevrolet,Silverado 1500,LT,8,Gasoline,117865.0,18/12/2025,Ontario,22250
2016,Chevrolet,Silverado 1500,LT,8,Gasoline,162368.0,18/12/2025,Ontario,11100
2017,Chevrolet,Silverado 1500,LT,8,Gasoline,126910.0,18/12/2025,Ontario,14500
2019,Chevrolet,Blazer,True North,6,Gasoline,82812.0,18/12/2025,Quebec,19600
2023,Chevrolet,Trailblazer,LT,3,Gasoline,29751.0,18/12/2025,British Columbia,20300
2023,Chevrolet,Trailblazer,ACTIV,3,Gasoline,37376.0,18/12/2025,British Columbia,17500
2016,Chevrolet,Silverado 1500,LT,8,Gasoline,162368.0,18/12/2025,Ontario,11100
2017,Chevrolet,Silverado 1500,LT,8,Gasoline,126910.0,18/12/2025,Ontario,14500
2019,Chevrolet,Blazer,True North,6,Gasoline,82812.0,18/12/2025,Quebec,19600
2018,Chevrolet,Cruze,LT,4,Gasoline,125521.0,17/12/2025,Quebec,5000
2021,Chevrolet,Camaro,1LT,4,Gasoline,51404.0,17/12/2025,Quebec,31900
2022,Chevrolet,Malibu,LS,4,Gasoline,155221.0,17/12/2025,Ontario,11100
2022,Chevrolet,Malibu,LS,4,Gasoline,51249.0,17/12/2025,Ontario,14500
2021,Chevrolet,Malibu,LT,4,Gasoline,66865.0,17/12/2025,Ontario,16700
2023,Chevrolet,Malibu,1LT,4,Gasoline,74066.0,17/12/2025,Ontario,15250
2023,Chevrolet,Malibu,1LT,4,Gasoline,51839.0,17/12/2025,Ontario,17000
2023,Chevrolet,Malibu,1LT,4,Gasoline,98401.0,17/12/2025,Ontario,15000
2020,Chevrolet,Malibu,LT,4,Gasoline,106179.0,17/12/2025,Ontario,13400
2021,Chevrolet,Malibu,LT,4,Gasoline,23636.0,17/12/2025,Quebec,19200
2021,Chevrolet,Malibu,LT,4,Gasoline,59359.0,17/12/2025,Quebec,17600
2022,Chevrolet,Malibu,LT,4,Gasoline,117150.0,17/12/2025,Alberta,9200
2021,Chevrolet,Malibu,LT,4,Gasoline,59967.0,17/12/2025,Ontario,16250
2022,Chevrolet,Malibu,LT,4,Gasoline,41871.0,17/12/2025,Quebec,15500
2021,Chevrolet,Malibu,LT,4,Gasoline,51713.0,17/12/2025,Ontario,17250
2019,Chevrolet,Malibu,LT,4,Gasoline,124115.0,17/12/2025,Ontario,10000
2020,Chevrolet,Malibu,LT,4,Gasoline,114959.0,17/12/2025,Ontario,13000
2023,Chevrolet,Malibu,1LT,4,Gasoline,59200.0,17/12/2025,Ontario,17000
2015,Chevrolet,Silverado 2500HD,WT,8,Flex,175478.0,17/12/2025,Ontario,21750
2023,Chevrolet,Silverado 2500HD,Work Truck,8,Gasoline,117978.0,17/12/2025,Alberta,25000
2022,Chevrolet,Traverse,LT Cloth,6,Gasoline,92095.0,17/12/2025,Quebec,27400
2021,Chevrolet,Silverado 1500,High Country,8,Gasoline,51565.0,17/12/2025,Ontario,50750
2015,Chevrolet,Silverado 1500,LT,8,Gasoline,268188.0,17/12/2025,Ontario,6200
2022,Chevrolet,Express Cargo Van,"RWD 2500 135""",6,Gasoline,78486.0,17/12/2025,Quebec,26200
2023,Chevrolet,Silverado 1500,RST,8,Gasoline,75312.0,17/12/2025,Quebec,45100
2023,Chevrolet,Silverado 1500,RST,8,Gasoline,46422.0,17/12/2025,Quebec,52000
2022,Chevrolet,Silverado 1500,RST,6,Diesel,119118.0,17/12/2025,Ontario,39500
2017,Chevrolet,Silverado 1500,LT,8,Gasoline,104006.0,17/12/2025,Quebec,22100
2017,Chevrolet,Silverado 1500,LT,8,Gasoline,69099.0,17/12/2025,Quebec,28800
2019,Chevrolet,Silverado 1500,RST,8,Gasoline,58291.0,17/12/2025,Ontario,40250
2021,Chevrolet,Silverado 1500,RST,8,Gasoline,68877.0,17/12/2025,Ontario,41000
2021,Chevrolet,Silverado 1500,RST,6,Diesel,92381.0,17/12/2025,Quebec,33500
2021,Chevrolet,Silverado 1500,RST,6,Diesel,97510.0,17/12/2025,Quebec,38000
2019,Chevrolet,Silverado 1500,LTZ,8,Gasoline,198981.0,17/12/2025,Quebec,19800
2021,Chevrolet,Traverse,RS,6,Gasoline,72503.0,17/12/2025,Quebec,33750
2023,Chevrolet,Suburban,Z71,8,Gasoline,115373.0,17/12/2025,Ontario,60000
2022,Chevrolet,Tahoe,LT,8,Gasoline,20698.0,17/12/2025,Quebec,65000
2021,Chevrolet,Tahoe,Z71,8,Gasoline,148118.0,17/12/2025,Quebec,45000
2021,Chevrolet,Silverado 2500HD,LT,8,Gasoline,217597.0,17/12/2025,Ontario,26750
2022,Chevrolet,Colorado,4WD Work Truck,6,Gasoline,74032.0,17/12/2025,Quebec,23400
2017,Chevrolet,Colorado,4WD WT,6,Gasoline,126763.0,17/12/2025,Quebec,10300
2023,Chevrolet,Silverado 1500,Work Truck,4,Gasoline,64376.0,17/12/2025,Quebec,27400
2023,Chevrolet,Silverado 1500,Work Truck,4,Gasoline,60710.0,17/12/2025,Quebec,31500
2023,Chevrolet,Silverado 1500,Custom,4,Gasoline,46101.0,17/12/2025,Ontario,38000
2023,Chevrolet,Silverado 1500,Custom,4,Gasoline,19159.0,17/12/2025,Quebec,42000
2021,Chevrolet,Express Cargo Van,"RWD 2500 135""",6,Gasoline,124260.0,17/12/2025,Ontario,20100
2021,Chevrolet,Express Cargo Van,"RWD 3500 135""",8,Gasoline,67437.0,17/12/2025,Ontario,27500
2023,Chevrolet,Silverado 1500,LT,4,Gasoline,17614.0,17/12/2025,Quebec,41250
2023,Chevrolet,Colorado,4WD LT,4,Gasoline,30521.0,17/12/2025,Ontario,39500
2023,Chevrolet,Colorado,4WD LT,4,Gasoline,42902.0,17/12/2025,Quebec,39600
2019,Chevrolet,Silverado 1500,LT Trail Boss,8,Gasoline,157644.0,17/12/2025,Ontario,29250
2021,Chevrolet,Silverado 1500,LT Trail Boss,8,Gasoline,140206.0,17/12/2025,Ontario,32250
2021,Chevrolet,Silverado 1500,Work Truck,6,Gasoline,153566.0,17/12/2025,Ontario,13250
2020,Chevrolet,Silverado 1500,RST,8,Gasoline,105935.0,17/12/2025,Ontario,31500
2023,Chevrolet,Silverado 1500,Work Truck,8,Gasoline,47310.0,17/12/2025,Quebec,33500
2023,Chevrolet,Silverado 1500,LT,8,Gasoline,39955.0,17/12/2025,Ontario,40000
2023,Chevrolet,Silverado 1500,RST,6,Diesel,61493.0,17/12/2025,Ontario,49000
2021,Chevrolet,Tahoe,Premier,8,Gasoline,98767.0,17/12/2025,Quebec,56250
2020,Chevrolet,Silverado 2500HD,High Country,8,Diesel,115488.0,17/12/2025,Quebec,56500
2021,Chevrolet,Silverado 2500HD,Work Truck,8,Gasoline,172869.0,17/12/2025,Quebec,21100
2017,Chevrolet,Silverado 3500HD,LT,8,Flex,287154.0,17/12/2025,Ontario,13500
2022,Chevrolet,Silverado 2500HD,Custom,8,Gasoline,67269.0,17/12/2025,Quebec,44000
2023,Chevrolet,Silverado 2500HD,Custom,8,Diesel,41801.0,17/12/2025,Quebec,54500
2022,Chevrolet,Trailblazer,LT,3,Gasoline,50961.0,17/12/2025,Ontario,16000
2023,Chevrolet,Trailblazer,RS,3,Gasoline,41080.0,17/12/2025,Ontario,22000
2022,Chevrolet,Spark,1LT,4,Gasoline,99397.0,17/12/2025,Ontario,11200
2023,Chevrolet,Silverado 1500,LT,8,Gasoline,49048.0,17/12/2025,Ontario,39750
2023,Chevrolet,Silverado 1500,LT,8,Gasoline,24766.0,17/12/2025,Ontario,41750
2023,Chevrolet,Silverado 1500,RST,8,Gasoline,58604.0,17/12/2025,Ontario,40500
2023,Chevrolet,Silverado 1500,High Country,8,Gasoline,40601.0,17/12/2025,Ontario,51250
2018,Chevrolet,Equinox,LS,4,Gasoline,145797.0,17/12/2025,Quebec,5200
2019,Chevrolet,Equinox,LT,4,Gasoline,153054.0,17/12/2025,Ontario,6000
2020,Chevrolet,Equinox,LT,4,Gasoline,104901.0,17/12/2025,Quebec,14000
2021,Chevrolet,Equinox,LT,4,Gasoline,67287.0,17/12/2025,Quebec,10600
2021,Chevrolet,Equinox,LS,4,Gasoline,75900.0,17/12/2025,Ontario,16100
2022,Chevrolet,Equinox,LT,4,Gasoline,114086.0,17/12/2025,Quebec,16600
2020,Chevrolet,Equinox,Premier,4,Gasoline,136321.0,17/12/2025,Quebec,11300
2020,Chevrolet,Equinox,Premier,4,Gasoline,113293.0,17/12/2025,Ontario,17750
2018,Chevrolet,Trax,LS,4,Gasoline,92833.0,17/12/2025,Ontario,8000
2023,Chevrolet,Equinox,LT,4,Gasoline,69634.0,17/12/2025,Alberta,17900
2022,Chevrolet,Equinox,LT,4,Gasoline,34295.0,17/12/2025,Ontario,15500
2022,Chevrolet,Equinox,LT,4,Gasoline,90075.0,17/12/2025,Quebec,15000
2022,Chevrolet,Equinox,LT,4,Gasoline,87428.0,17/12/2025,Quebec,14800
2019,Chevrolet,Silverado 1500,Work Truck,8,Gasoline,97481.0,17/12/2025,Ontario,23750
2023,Chevrolet,Silverado 1500,Custom,4,Gasoline,53028.0,17/12/2025,Ontario,30250
2023,Chevrolet,Silverado 1500,Custom,4,Gasoline,33414.0,17/12/2025,Quebec,36000
2023,Chevrolet,Silverado 1500,Custom,4,Gasoline,45310.0,17/12/2025,Ontario,33500
2022,Chevrolet,Silverado 1500,Custom Trail Boss,4,Gasoline,39897.0,17/12/2025,Quebec,34000
2023,Chevrolet,Silverado 1500,Work Truck,8,Gasoline,43394.0,17/12/2025,Quebec,32000
2023,Chevrolet,Silverado 1500,Custom Trail Boss,8,Gasoline,73187.0,17/12/2025,Ontario,35500
2023,Chevrolet,Silverado 1500,Custom Trail Boss,8,Gasoline,37700.0,17/12/2025,Quebec,38000
2023,Chevrolet,Silverado 1500,Custom Trail Boss,8,Gasoline,19847.0,17/12/2025,Quebec,45000
2023,Chevrolet,Silverado 1500,RST,8,Gasoline,52221.0,17/12/2025,Quebec,43200
2023,Chevrolet,Silverado 1500,RST,8,Gasoline,53274.0,17/12/2025,Quebec,42750
2023,Chevrolet,Silverado 1500,RST,8,Gasoline,45360.0,17/12/2025,Quebec,45250
2023,Chevrolet,Silverado 1500,RST,8,Gasoline,80004.0,17/12/2025,Quebec,37800
2023,Chevrolet,Silverado 1500,RST,8,Gasoline,6739.0,17/12/2025,Ontario,45500
2023,Chevrolet,Silverado 1500,RST,8,Gasoline,49291.0,17/12/2025,Ontario,41500
2022,Chevrolet,Silverado 1500,LT Trail Boss,8,Gasoline,50638.0,17/12/2025,Quebec,41500
2023,Chevrolet,Silverado 1500,LT Trail Boss,8,Gasoline,50168.0,17/12/2025,Quebec,45250
2023,Chevrolet,Silverado 1500,ZR2,8,Gasoline,51568.0,17/12/2025,Quebec,54500
2023,Chevrolet,Silverado 1500,High Country,8,Gasoline,50330.0,17/12/2025,Quebec,51750
2023,Chevrolet,Blazer,LT,6,Gasoline,39606.0,17/12/2025,Quebec,26200
2021,Chevrolet,Blazer,LT,6,Gasoline,66812.0,17/12/2025,Quebec,22300
2023,Chevrolet,Blazer,True North,6,Gasoline,38052.0,17/12/2025,Ontario,24750
2021,Chevrolet,Blazer,RS,6,Gasoline,65735.0,17/12/2025,Quebec,23600
2021,Chevrolet,Blazer,RS,6,Gasoline,79191.0,17/12/2025,Ontario,22750
2022,Chevrolet,Blazer,RS,6,Gasoline,76936.0,17/12/2025,Quebec,27500
2021,Chevrolet,Blazer,Premier,6,Gasoline,68692.0,17/12/2025,Quebec,24800
2022,Chevrolet,Trailblazer,LT,3,Gasoline,50961.0,17/12/2025,Ontario,16000
2023,Chevrolet,Trailblazer,RS,3,Gasoline,41080.0,17/12/2025,Ontario,22000
2022,Chevrolet,Spark,1LT,4,Gasoline,99397.0,17/12/2025,Ontario,11200
2016,Chevrolet,Cruze,LT,4,Gasoline,92858.0,16/12/2025,Alberta,3200
2018,Chevrolet,Cruze,LT,4,Gasoline,82698.0,16/12/2025,Nova Scotia,9600
2016,Chevrolet,Cruze Limited,LT,4,Gasoline,155760.0,16/12/2025,Nova Scotia,3100
2020,Chevrolet,Malibu,LT,4,Gasoline,105908.0,16/12/2025,Nova Scotia,12600
2020,Chevrolet,Malibu,LT,4,Gasoline,117771.0,16/12/2025,Alberta,10000
2021,Chevrolet,Malibu,LT,4,Gasoline,134002.0,16/12/2025,Alberta,10700
2020,Chevrolet,Silverado 1500,LT,8,Gasoline,109377.0,16/12/2025,Alberta,28100
2021,Chevrolet,Silverado 1500,RST,8,Gasoline,95037.0,16/12/2025,Alberta,40000
2021,Chevrolet,Malibu,LT,4,Gasoline,134002.0,16/12/2025,Alberta,10700
2020,Chevrolet,Silverado 1500,LT,8,Gasoline,109377.0,16/12/2025,Alberta,28100
2021,Chevrolet,Silverado 1500,RST,8,Gasoline,95037.0,16/12/2025,Alberta,40000
2023,Chevrolet,Colorado,4WD LT,4,Gasoline,29516.0,16/12/2025,Alberta,39000
2023,Chevrolet,Silverado 1500,Custom,4,Gasoline,44963.0,16/12/2025,Nova Scotia,34400
2023,Chevrolet,Silverado 1500,Custom,4,Gasoline,40949.0,16/12/2025,Nova Scotia,34900
2022,Chevrolet,Silverado 2500HD,LT,8,Gasoline,160137.0,16/12/2025,Alberta,26750
2023,Chevrolet,Silverado 1500,High Country,8,Gasoline,63654.0,16/12/2025,Nova Scotia,49000
2021,Chevrolet,Equinox,LT,4,Gasoline,124029.0,16/12/2025,Nova Scotia,13200
2016,Chevrolet,Silverado 1500,WORK TRUCK CREW CAB STD BED,8,Gasoline,145098.0,16/12/2025,Nova Scotia,6500
2018,Chevrolet,Silverado 1500,LT,8,Gasoline,46374.0,16/12/2025,Alberta,18500
2016,Chevrolet,Silverado 1500,LT,8,Gasoline,177167.0,16/12/2025,Alberta,14500
2021,Chevrolet,Silverado 1500,LT,8,Gasoline,78189.0,16/12/2025,Alberta,27000
2016,Chevrolet,Trax,LT,4,Gasoline,156577.0,16/12/2025,Newfoundland and Labrador,1200
2023,Chevrolet,Trailblazer,LT,3,Gasoline,13772.0,15/12/2025,Ontario,23000
2023,Chevrolet,Trailblazer,ACTIV,3,Gasoline,17001.0,15/12/2025,Ontario,24500
2021,Chevrolet,Silverado 1500,Custom,8,Gasoline,100778.0,12/12/2025,Saskatchewan,27500
2023,Chevrolet,Suburban,RST,8,Gasoline,91774.0,12/12/2025,Manitoba,62250
2016,Chevrolet,Suburban,LS,8,Gasoline,160136.0,12/12/2025,Saskatchewan,17100
2022,Chevrolet,Colorado,4WD LT,6,Gasoline,105441.0,12/12/2025,Newfoundland and Labrador,28000
2023,Chevrolet,Silverado 1500,RST,4,Gasoline,19068.0,12/12/2025,Saskatchewan,44750
2020,Chevrolet,Equinox,LT,4,Gasoline,193445.0,12/12/2025,British Columbia,8500
2017,Chevrolet,Trax,LS,4,Gasoline,132491.0,12/12/2025,Newfoundland and Labrador,3500
2023,Chevrolet,Equinox,LT,4,Gasoline,147104.0,12/12/2025,Saskatchewan,11500
2022,Chevrolet,Silverado 1500,ZR2,8,Gasoline,63478.0,12/12/2025,Alberta,50300
2016,Chevrolet,Silverado 1500,Work Truck,8,Gasoline,146560.0,12/12/2025,Manitoba,10700
2018,Chevrolet,Camaro,1LT,4,Gasoline,89881.0,11/12/2025,Manitoba,12900
2023,Chevrolet,Bolt EUV,LT,E,Electric,31857.0,11/12/2025,Quebec,22500
2015,Chevrolet,Cruze,Diesel,4,Diesel,135207.0,11/12/2025,Ontario,4000
2023,Chevrolet,Corvette,3LZ,8,Gasoline,1925.0,11/12/2025,Ontario,137000
2020,Chevrolet,Malibu,LT,4,Gasoline,56887.0,11/12/2025,Ontario,15250
2021,Chevrolet,Malibu,LT,4,Gasoline,78210.0,11/12/2025,British Columbia,13300
2021,Chevrolet,Malibu,LT,4,Gasoline,41905.0,11/12/2025,Ontario,15500
2016,Chevrolet,Express Commercial Cutaway,Other,8,Gasoline,156899.0,11/12/2025,Manitoba,6300
2023,Chevrolet,Traverse,LT Cloth,6,Gasoline,52166.0,11/12/2025,British Columbia,32100
2021,Chevrolet,Silverado 1500,High Country,8,Gasoline,51562.0,11/12/2025,Quebec,47500
2017,Chevrolet,Silverado 1500,LS,8,Gasoline,198009.0,11/12/2025,Manitoba,5700
2016,Chevrolet,Silverado 1500,Custom,8,Gasoline,219434.0,11/12/2025,Ontario,12500
2015,Chevrolet,Silverado 1500,LS,8,Gasoline,182736.0,11/12/2025,Manitoba,4850
2017,Chevrolet,Silverado 1500,Custom,8,Gasoline,177601.0,11/12/2025,Manitoba,12900
2015,Chevrolet,Silverado 1500,LS,6,Flex,220934.0,11/12/2025,Ontario,8200
2020,Chevrolet,Silverado 1500,Custom,8,Gasoline,118931.0,11/12/2025,Ontario,27000
2021,Chevrolet,Silverado 1500,RST,8,Gasoline,116733.0,11/12/2025,Manitoba,30250
2020,Chevrolet,Silverado 1500,RST,8,Gasoline,79743.0,11/12/2025,Quebec,39400
2023,Chevrolet,Suburban,LT,8,Gasoline,51941.0,11/12/2025,British Columbia,61500
2023,Chevrolet,Silverado 3500HD,LTZ,8,Diesel,104167.0,11/12/2025,Alberta,64250
2016,Chevrolet,Colorado,2WD WT,4,Gasoline,89903.0,11/12/2025,Ontario,15500
2017,Chevrolet,Silverado 1500,Custom,8,Gasoline,177601.0,11/12/2025,Manitoba,12900
2015,Chevrolet,Silverado 1500,LS,6,Flex,220934.0,11/12/2025,Ontario,8200
2020,Chevrolet,Silverado 1500,Custom,8,Gasoline,118931.0,11/12/2025,Ontario,27000
2021,Chevrolet,Silverado 1500,RST,8,Gasoline,116733.0,11/12/2025,Manitoba,30250
2020,Chevrolet,Silverado 1500,RST,8,Gasoline,79743.0,11/12/2025,Quebec,39400
2023,Chevrolet,Suburban,LT,8,Gasoline,51941.0,11/12/2025,British Columbia,61500
2023,Chevrolet,Colorado,4WD LT,4,Gasoline,43074.0,11/12/2025,British Columbia,38800
2020,Chevrolet,Silverado 1500,LT Trail Boss,8,Gasoline,65130.0,11/12/2025,Ontario,43500
2019,Chevrolet,Silverado 1500,Custom Trail Boss,6,Flex,226625.0,11/12/2025,Ontario,16000
2023,Chevrolet,Silverado 1500,RST,6,Diesel,85161.0,11/12/2025,Ontario,45400
2023,Chevrolet,Silverado 1500,RST,8,Gasoline,53946.0,11/12/2025,Ontario,50000
2017,Chevrolet,Cruze,LT,4,Gasoline,141374.0,11/12/2025,Ontario,5000
2014,Chevrolet,Impala,LS,4,Gasoline,31393.0,11/12/2025,Ontario,8800
2018,Chevrolet,Impala,LS,4,Gasoline,163574.0,11/12/2025,Ontario,5200
2022,Chevrolet,Silverado 2500HD,Work Truck,8,Gasoline,221699.0,11/12/2025,Ontario,25000
2019,Chevrolet,Equinox,LT,4,Gasoline,88651.0,11/12/2025,Ontario,8500
2022,Chevrolet,Equinox,LS,4,Gasoline,126154.0,11/12/2025,British Columbia,14000
2022,Chevrolet,Equinox,LT,4,Gasoline,95956.0,11/12/2025,Manitoba,16100
2022,Chevrolet,Equinox,LT,4,Gasoline,150389.0,11/12/2025,Quebec,11500
2022,Chevrolet,Equinox,LT,4,Gasoline,112609.0,11/12/2025,Ontario,15500
2022,Chevrolet,Equinox,LT,4,Gasoline,106825.0,11/12/2025,Ontario,14500
2016,Chevrolet,Trax,LS,4,Gasoline,150011.0,11/12/2025,Ontario,3300
2017,Chevrolet,Cruze,LT,4,Gasoline,141374.0,11/12/2025,Ontario,5000
2023,Chevrolet,Equinox,LT,4,Gasoline,114550.0,11/12/2025,Quebec,15200
2023,Chevrolet,Equinox,LT,4,Gasoline,118011.0,11/12/2025,Ontario,16000
2022,Chevrolet,Silverado 1500,LT Trail Boss,6,Diesel,62430.0,11/12/2025,British Columbia,47250
2015,Chevrolet,Silverado 1500,LT,8,Gasoline,180616.0,11/12/2025,British Columbia,6500
2015,Chevrolet,Silverado 1500,LT,8,Gasoline,213448.0,11/12/2025,Manitoba,9000
2019,Chevrolet,Trax,LT,4,Gasoline,110715.0,11/12/2025,British Columbia,10000
2021,Chevrolet,Blazer,LT,6,Gasoline,100100.0,11/12/2025,Manitoba,16800
2023,Chevrolet,Silverado 1500,High Country,8,Gasoline,53621.0,10/12/2025,Alberta,54700
2017,Chevrolet,Cruze,LT,4,Gasoline,111461.0,10/12/2025,Quebec,5600
2021,Chevrolet,Camaro,1LT,6,Gasoline,46257.0,10/12/2025,Ontario,21750
2023,Chevrolet,Bolt EUV,LT,E,Electric,59731.0,10/12/2025,Quebec,20600
2015,Chevrolet,Cruze,1LT,4,Gasoline,99231.0,10/12/2025,Quebec,1800
2021,Chevrolet,Colorado,4WD Work Truck,6,Gasoline,35654.0,10/12/2025,Ontario,30000
2020,Chevrolet,Colorado,2WD Work Truck,4,Gasoline,156426.0,10/12/2025,Ontario,9500
2020,Chevrolet,Colorado,2WD Work Truck,4,Gasoline,123332.0,10/12/2025,Ontario,14250
2019,Chevrolet,Colorado,2WD Work Truck,4,Gasoline,170990.0,10/12/2025,Ontario,8500
2021,Chevrolet,Colorado,2WD Work Truck,4,Gasoline,176278.0,10/12/2025,Ontario,11000
2021,Chevrolet,Colorado,2WD Work Truck,4,Gasoline,170564.0,10/12/2025,Ontario,8500
2021,Chevrolet,Colorado,2WD Work Truck,4,Gasoline,128896.0,10/12/2025,Ontario,11500
2023,Chevrolet,Silverado 1500,Custom,4,Gasoline,94831.0,10/12/2025,Quebec,32200
2023,Chevrolet,Silverado 1500,Custom,4,Gasoline,59066.0,10/12/2025,Ontario,32750
2023,Chevrolet,Silverado 1500,Custom,4,Gasoline,72731.0,10/12/2025,Quebec,33000
2022,Chevrolet,Malibu,LT,4,Gasoline,85858.0,10/12/2025,Ontario,13500
2021,Chevrolet,Silverado 2500HD,Custom,8,Gasoline,257971.0,10/12/2025,Ontario,24100
2023,Chevrolet,Silverado 2500HD,High Country,8,Diesel,28292.0,10/12/2025,Ontario,82000
2023,Chevrolet,Silverado 2500HD,High Country,8,Diesel,125984.0,10/12/2025,Quebec,69000
2020,Chevrolet,Malibu,LS,4,Gasoline,90689.0,10/12/2025,Ontario,13500
2022,Chevrolet,Malibu,LS,4,Gasoline,65752.0,10/12/2025,Ontario,16000
2020,Chevrolet,Malibu,LS,4,Gasoline,70734.0,10/12/2025,Ontario,14000
2022,Chevrolet,Malibu,LS,4,Gasoline,32092.0,10/12/2025,Ontario,15250
2020,Chevrolet,Malibu,LT,4,Gasoline,88455.0,10/12/2025,Ontario,13250
2021,Chevrolet,Malibu,LT,4,Gasoline,71263.0,10/12/2025,Ontario,14500
2021,Chevrolet,Malibu,LT,4,Gasoline,132308.0,10/12/2025,Ontario,13250
2023,Chevrolet,Malibu,1LT,4,Gasoline,93715.0,10/12/2025,Ontario,16750
2021,Chevrolet,Malibu,LT,4,Gasoline,88438.0,10/12/2025,Ontario,14500
2023,Chevrolet,Malibu,1LT,4,Gasoline,81840.0,10/12/2025,Ontario,13000
2023,Chevrolet,Malibu,1LT,4,Gasoline,106403.0,10/12/2025,Ontario,15500
2021,Chevrolet,Malibu,LT,4,Gasoline,103965.0,10/12/2025,Alberta,14700
2020,Chevrolet,Malibu,LT,4,Gasoline,65111.0,10/12/2025,Ontario,15250
2021,Chevrolet,Malibu,LT,4,Gasoline,89049.0,10/12/2025,Ontario,13500
2021,Chevrolet,Traverse,LT Cloth,6,Gasoline,67760.0,10/12/2025,Ontario,25250
2018,Chevrolet,Silverado 1500,Work Truck,8,Gasoline,156297.0,10/12/2025,Ontario,16900
2016,Chevrolet,Silverado 1500,Work Truck,6,Flex,115470.0,10/12/2025,Ontario,15000
2022,Chevrolet,Express Cargo Van,"RWD 2500 135""",8,Gasoline,113583.0,10/12/2025,Alberta,21000
2023,Chevrolet,Silverado 1500,RST,8,Gasoline,81836.0,10/12/2025,Quebec,46500
2022,Chevrolet,Silverado 1500,LTZ,8,Gasoline,73173.0,10/12/2025,Alberta,48000
2023,Chevrolet,Silverado 1500,High Country,8,Gasoline,64587.0,10/12/2025,Quebec,56000
2019,Chevrolet,Silverado 1500,Work Truck,8,Gasoline,139776.0,10/12/2025,Ontario,21000
2019,Chevrolet,Silverado 1500,LT,8,Gasoline,152547.0,10/12/2025,Quebec,23800
2019,Chevrolet,Traverse,LT Cloth,6,Gasoline,141201.0,10/12/2025,Ontario,15500
2021,Chevrolet,Traverse,RS,6,Gasoline,31333.0,10/12/2025,Ontario,38250
2023,Chevrolet,Traverse,Premier,6,Gasoline,104480.0,10/12/2025,Alberta,35500
2019,Chevrolet,Tahoe,LS,8,Gasoline,197161.0,10/12/2025,Ontario,18700
2022,Chevrolet,Tahoe,LT,8,Gasoline,83173.0,10/12/2025,Quebec,56000
2019,Chevrolet,Express Cargo Van,"RWD 2500 135""",6,Gasoline,212971.0,10/12/2025,Ontario,9250
2015,Chevrolet,Express Cargo Van,"RWD 2500 135""",8,Gasoline,414581.0,10/12/2025,Ontario,2100
2018,Chevrolet,Express Cargo Van,"RWD 3500 135""",6,Gasoline,109201.0,10/12/2025,Quebec,18000
2023,Chevrolet,Silverado 1500,Custom,4,Gasoline,112361.0,10/12/2025,Alberta,29400
2023,Chevrolet,Silverado 1500,Custom,4,Gasoline,14781.0,10/12/2025,Alberta,40600
2023,Chevrolet,Silverado 1500,LT,4,Gasoline,37574.0,10/12/2025,Alberta,40000
2023,Chevrolet,Colorado,4WD Work Truck,4,Gasoline,29380.0,10/12/2025,Ontario,33500
2023,Chevrolet,Colorado,4WD LT,4,Gasoline,13775.0,10/12/2025,Ontario,40000
2022,Chevrolet,Silverado 1500 LTD,Custom,4,Gasoline,47324.0,10/12/2025,Quebec,35750
2021,Chevrolet,Silverado 1500,Custom Trail Boss,8,Gasoline,81661.0,10/12/2025,Quebec,36200
2021,Chevrolet,Silverado 1500,Custom Trail Boss,8,Gasoline,81485.0,10/12/2025,Quebec,36750
2020,Chevrolet,Silverado 1500,Custom Trail Boss,6,Gasoline,138721.0,10/12/2025,Ontario,22100
2020,Chevrolet,Silverado 1500,LT Trail Boss,8,Gasoline,154272.0,10/12/2025,Quebec,28000
2013,Chevrolet,Silverado 1500,LTZ,8,Flex,148278.0,10/12/2025,Ontario,7900
2019,Chevrolet,Silverado 1500,Custom Trail Boss,8,Gasoline,67687.0,10/12/2025,Quebec,31750
2022,Chevrolet,Silverado 1500,Work Truck,8,Gasoline,36089.0,10/12/2025,Alberta,30250
2019,Chevrolet,Express Commercial Cutaway,"VAN 177""",8,Gasoline,104818.0,10/12/2025,Quebec,17000
2021,Chevrolet,Silverado 2500HD,Custom,8,Gasoline,257971.0,10/12/2025,Ontario,24100
2023,Chevrolet,Silverado 2500HD,High Country,8,Diesel,28292.0,10/12/2025,Ontario,82000
2023,Chevrolet,Silverado 2500HD,High Country,8,Diesel,125984.0,10/12/2025,Quebec,69000
2023,Chevrolet,Trailblazer,LS,3,Gasoline,18576.0,10/12/2025,Ontario,18750
2023,Chevrolet,Trailblazer,LT,3,Gasoline,28188.0,10/12/2025,Quebec,20000
2023,Chevrolet,Trailblazer,RS,3,Gasoline,28570.0,10/12/2025,Quebec,24400
2023,Chevrolet,Trailblazer,RS,3,Gasoline,48107.0,10/12/2025,Quebec,21400
2022,Chevrolet,Trailblazer,RS,3,Gasoline,146514.0,10/12/2025,Ontario,14500
2023,Chevrolet,Trailblazer,RS,3,Gasoline,32868.0,10/12/2025,Ontario,21500
2023,Chevrolet,Silverado 2500HD,LT,8,Gasoline,66573.0,10/12/2025,Alberta,39250
2023,Chevrolet,Silverado 1500,Work Truck,8,Gasoline,53403.0,10/12/2025,Quebec,36000
2023,Chevrolet,Silverado 1500,Work Truck,8,Gasoline,46343.0,10/12/2025,Ontario,35250
2023,Chevrolet,Silverado 1500,Work Truck,8,Gasoline,62709.0,10/12/2025,Ontario,32000
2023,Chevrolet,Silverado 1500,RST,8,Gasoline,43529.0,10/12/2025,Ontario,45000
2023,Chevrolet,Silverado 1500,High Country,8,Gasoline,59555.0,10/12/2025,Ontario,49000
2021,Chevrolet,Equinox,LT,4,Gasoline,52963.0,10/12/2025,Ontario,15000
2020,Chevrolet,Equinox,LT,4,Gasoline,109695.0,10/12/2025,Ontario,12700
2021,Chevrolet,Equinox,LT,4,Gasoline,50685.0,10/12/2025,Quebec,13200
2022,Chevrolet,Equinox,LT,4,Gasoline,16762.0,10/12/2025,Quebec,20700
2022,Chevrolet,Equinox,RS,4,Gasoline,56803.0,10/12/2025,Quebec,21600
2022,Chevrolet,Equinox,LT,4,Gasoline,26923.0,10/12/2025,Ontario,19100
2022,Chevrolet,Equinox,LT,4,Gasoline,57134.0,10/12/2025,Alberta,16700
2023,Chevrolet,Equinox,LT,4,Gasoline,119517.0,10/12/2025,Quebec,15800
2022,Chevrolet,Equinox,LT,4,Gasoline,98408.0,10/12/2025,Quebec,16000
2019,Chevrolet,Cruze,LT,4,Gasoline,43709.0,10/12/2025,Quebec,11000
2017,Chevrolet,Cruze,Premier,4,Gasoline,59472.0,10/12/2025,Alberta,10500
2023,Chevrolet,Silverado 1500,Custom,4,Gasoline,50473.0,10/12/2025,Ontario,33000
2023,Chevrolet,Silverado 1500,Custom,4,Gasoline,58271.0,10/12/2025,Ontario,34000
2022,Chevrolet,Silverado 1500,Custom,4,Gasoline,49004.0,10/12/2025,Alberta,29000
2022,Chevrolet,Silverado 1500,Custom Trail Boss,4,Gasoline,76819.0,10/12/2025,Quebec,29000
2023,Chevrolet,Silverado 1500,Custom Trail Boss,4,Gasoline,31996.0,10/12/2025,Ontario,37750
2023,Chevrolet,Silverado 1500,LT,4,Gasoline,44129.0,10/12/2025,Quebec,37000
2023,Chevrolet,Silverado 1500,LT,4,Gasoline,53475.0,10/12/2025,Quebec,35500
2022,Chevrolet,Silverado 1500 LTD,LT Trail Boss,8,Gasoline,55443.0,10/12/2025,Ontario,41000
2023,Chevrolet,Silverado 1500,Work Truck,8,Gasoline,31970.0,10/12/2025,Quebec,34250
2015,Chevrolet,Silverado 1500,WORK TRUCK CREW CAB SHORT BED,8,Gasoline,98843.0,10/12/2025,Saskatchewan,16000
2017,Chevrolet,Silverado 1500,LTZ,8,Gasoline,162608.0,10/12/2025,Ontario,20200
2018,Chevrolet,Silverado 1500,LTZ,8,Gasoline,180253.0,10/12/2025,Alberta,20800
2019,Chevrolet,Trax,LT,4,Gasoline,136401.0,10/12/2025,Ontario,9600
2021,Chevrolet,Blazer,RS,6,Gasoline,82130.0,10/12/2025,Ontario,21500
2021,Chevrolet,Blazer,RS,6,Gasoline,79555.0,10/12/2025,Ontario,23000
2023,Chevrolet,Trailblazer,LS,3,Gasoline,18576.0,10/12/2025,Ontario,18750
2023,Chevrolet,Trailblazer,LT,3,Gasoline,28188.0,10/12/2025,Quebec,20000
2023,Chevrolet,Trailblazer,RS,3,Gasoline,28570.0,10/12/2025,Quebec,24400
2023,Chevrolet,Trailblazer,RS,3,Gasoline,48107.0,10/12/2025,Quebec,21400
2022,Chevrolet,Trailblazer,RS,3,Gasoline,146514.0,10/12/2025,Ontario,14500
2023,Chevrolet,Trailblazer,RS,3,Gasoline,32868.0,10/12/2025,Ontario,21500
2016,Chevrolet,Cruze,Premier,4,Gasoline,186442.0,09/12/2025,Nova Scotia,2300
2023,Chevrolet,Malibu,1LT,4,Gasoline,74842.0,09/12/2025,Nova Scotia,15800
2023,Chevrolet,Malibu,1LT,4,Gasoline,76495.0,09/12/2025,Nova Scotia,13500
2021,Chevrolet,Malibu,LT,4,Gasoline,92073.0,09/12/2025,Alberta,12750
2016,Chevrolet,Malibu,LT,4,Gasoline,141683.0,09/12/2025,Newfoundland and Labrador,4200
2018,Chevrolet,Silverado 1500,LT,8,Gasoline,159771.0,09/12/2025,New Brunswick,18200
2019,Chevrolet,Silverado 1500,RST,8,Gasoline,175438.0,09/12/2025,Alberta,23400
2021,Chevrolet,Silverado 1500,RST,6,Diesel,80329.0,09/12/2025,Alberta,35250
2019,Chevrolet,Traverse,LT True North,6,Gasoline,118019.0,09/12/2025,Alberta,20800
2023,Chevrolet,Tahoe,LT,8,Gasoline,108399.0,09/12/2025,Nova Scotia,49000
2023,Chevrolet,Tahoe,LT,8,Gasoline,109331.0,09/12/2025,Nova Scotia,48900
2016,Chevrolet,Colorado,2WD WT,4,Gasoline,92522.0,09/12/2025,Nova Scotia,6400
2022,Chevrolet,Silverado 1500 LTD,LT Trail Boss,8,Gasoline,124902.0,09/12/2025,Alberta,33750
2020,Chevrolet,Silverado 1500,LT Trail Boss,8,Gasoline,93313.0,09/12/2025,Nova Scotia,37600
2019,Chevrolet,Silverado 1500,LT,8,Gasoline,107309.0,09/12/2025,Nova Scotia,26800
2021,Chevrolet,Silverado 2500HD,LT,8,Gasoline,150187.0,09/12/2025,Alberta,31250
2022,Chevrolet,Silverado 3500HD,Work Truck,8,Diesel,80953.0,09/12/2025,Alberta,50100
2022,Chevrolet,Silverado 2500HD,LT,8,Gasoline,179256.0,09/12/2025,Alberta,24000
2016,Chevrolet,Cruze,LT,4,Gasoline,104567.0,09/12/2025,Nova Scotia,5500
2023,Chevrolet,Blazer,RS,6,Gasoline,24113.0,09/12/2025,Alberta,32500
2022,Chevrolet,Silverado 1500,RST,8,Gasoline,91714.0,08/12/2025,Saskatchewan,44500
2019,Chevrolet,Trax,LT,4,Gasoline,82511.0,08/12/2025,Ontario,12000
2023,Chevrolet,Trailblazer,RS,3,Gasoline,35065.0,05/12/2025,Ontario,22600
2023,Chevrolet,Trailblazer,ACTIV,3,Gasoline,30560.0,05/12/2025,Nova Scotia,22100
2021,Chevrolet,Blazer,LT,6,Gasoline,80104.0,05/12/2025,Quebec,22200
2017,Chevrolet,Cruze,LT,4,Gasoline,143188.0,05/12/2025,Saskatchewan,6600
2018,Chevrolet,Camaro,1LS,6,Gasoline,128102.0,05/12/2025,Saskatchewan,8300
2021,Chevrolet,Camaro,2LT,6,Gasoline,55062.0,05/12/2025,British Columbia,29000
2014,Chevrolet,Silverado 2500HD,LTZ,8,Diesel,253212.0,05/12/2025,Alberta,17200
2021,Chevrolet,Malibu,LT,4,Gasoline,84959.0,05/12/2025,Saskatchewan,13100
2018,Chevrolet,Tahoe,Premier,8,Flex,107571.0,05/12/2025,Newfoundland and Labrador,31200
2018,Chevrolet,Express Cargo Van,"RWD 3500 135""",8,Flex,188943.0,05/12/2025,Saskatchewan,13700
2022,Chevrolet,Silverado 1500,LT,8,Gasoline,112917.0,05/12/2025,Saskatchewan,27500
2022,Chevrolet,Silverado 1500,Work Truck,8,Gasoline,81649.0,05/12/2025,Alberta,25750
2018,Chevrolet,Cruze,LT,4,Gasoline,65040.0,05/12/2025,Newfoundland and Labrador,5500
2020,Chevrolet,Equinox,LS,4,Gasoline,109155.0,05/12/2025,Saskatchewan,11200
2022,Chevrolet,Equinox,RS,4,Gasoline,94800.0,05/12/2025,Newfoundland and Labrador,17800
2022,Chevrolet,Equinox,RS,4,Gasoline,94800.0,05/12/2025,Newfoundland and Labrador,17800
2016,Chevrolet,Equinox,LS,4,Gasoline,115736.0,05/12/2025,Newfoundland and Labrador,1100
2018,Chevrolet,Trax,LS,4,Gasoline,42404.0,05/12/2025,Manitoba,6600
2023,Chevrolet,Equinox,LT,4,Gasoline,160355.0,05/12/2025,Saskatchewan,13800
2018,Chevrolet,Cruze,LT,4,Gasoline,65040.0,05/12/2025,Newfoundland and Labrador,5500
2014,Chevrolet,Cruze,1LT,4,Gasoline,96492.0,04/12/2025,Manitoba,3900
2014,Chevrolet,Cruze,1LT,4,Gasoline,127744.0,04/12/2025,Manitoba,2600
2021,Chevrolet,Malibu,LT,4,Gasoline,100867.0,04/12/2025,British Columbia,12250
2021,Chevrolet,Malibu,LT,4,Gasoline,40469.0,04/12/2025,British Columbia,16300
2021,Chevrolet,Malibu,LT,4,Gasoline,64049.0,04/12/2025,Manitoba,15250
2021,Chevrolet,Malibu,LT,4,Gasoline,73701.0,04/12/2025,Manitoba,15100
2021,Chevrolet,Malibu,LT,4,Gasoline,95701.0,04/12/2025,Ontario,13100
2015,Chevrolet,Silverado 1500,LT,8,Gasoline,92650.0,04/12/2025,Ontario,18600
2022,Chevrolet,Silverado 1500,RST,8,Gasoline,88502.0,04/12/2025,Ontario,46750
2023,Chevrolet,Silverado 1500,RST,8,Gasoline,63166.0,04/12/2025,Ontario,51500
2022,Chevrolet,Silverado 1500,RST,6,Diesel,85972.0,04/12/2025,Ontario,44250
2019,Chevrolet,Silverado 1500,Work Truck,8,Gasoline,110319.0,04/12/2025,Manitoba,25300
2019,Chevrolet,Silverado 1500,Custom,8,Gasoline,147934.0,04/12/2025,British Columbia,26500
2015,Chevrolet,Silverado 1500,LT,8,Gasoline,92650.0,04/12/2025,Ontario,18600
2022,Chevrolet,Silverado 1500,RST,8,Gasoline,88502.0,04/12/2025,Ontario,46750
2023,Chevrolet,Silverado 1500,RST,8,Gasoline,63166.0,04/12/2025,Ontario,51500
2022,Chevrolet,Silverado 1500,RST,6,Diesel,85972.0,04/12/2025,Ontario,44250
2019,Chevrolet,Silverado 1500,Work Truck,8,Gasoline,110319.0,04/12/2025,Manitoba,25300
2019,Chevrolet,Silverado 1500,Custom,8,Gasoline,147934.0,04/12/2025,British Columbia,26500
2021,Chevrolet,Silverado 1500,Custom,8,Gasoline,93892.0,04/12/2025,Ontario,29250
2019,Chevrolet,Traverse,LT Cloth,6,Gasoline,151569.0,04/12/2025,Manitoba,15200
2022,Chevrolet,Express Cargo Van,"RWD 2500 135""",6,Gasoline,75056.0,04/12/2025,Ontario,20400
2017,Chevrolet,Express Cargo Van,Other,8,Gasoline,69886.0,04/12/2025,Ontario,21250
2022,Chevrolet,Silverado 1500,Custom,4,Gasoline,54797.0,04/12/2025,Ontario,35250
2022,Chevrolet,Silverado 1500,Custom,4,Gasoline,44655.0,04/12/2025,Ontario,35750
2023,Chevrolet,Colorado,4WD Z71,4,Gasoline,65013.0,04/12/2025,British Columbia,41100
2021,Chevrolet,Silverado 1500,LT Trail Boss,8,Gasoline,80502.0,04/12/2025,Ontario,45500
2021,Chevrolet,Silverado 1500,Work Truck,4,Gasoline,140775.0,04/12/2025,Manitoba,22100
2023,Chevrolet,Silverado 1500,RST,6,Diesel,79618.0,04/12/2025,Quebec,49000
2023,Chevrolet,Silverado 1500,RST,8,Gasoline,49189.0,04/12/2025,Quebec,49000
2017,Chevrolet,Cruze,LT,4,Gasoline,68965.0,04/12/2025,Quebec,9000
2023,Chevrolet,Silverado 1500,Work Truck,8,Gasoline,32838.0,04/12/2025,Ontario,27500
2022,Chevrolet,Silverado 1500,Custom Trail Boss,4,Gasoline,129896.0,04/12/2025,Ontario,27000
2023,Chevrolet,Silverado 1500,RST,6,Diesel,99268.0,04/12/2025,Ontario,37500
2022,Chevrolet,Silverado 2500HD,Work Truck,8,Gasoline,131459.0,04/12/2025,Ontario,37000
2022,Chevrolet,Silverado 2500HD,Custom,8,Gasoline,94291.0,04/12/2025,Ontario,40500
2023,Chevrolet,Silverado 2500HD,Custom,8,Gasoline,198015.0,04/12/2025,Ontario,32000
2023,Chevrolet,Silverado 2500HD,LT,8,Gasoline,110530.0,04/12/2025,Alberta,39500
2019,Chevrolet,Silverado 1500 LD,LT,8,Flex,261536.0,04/12/2025,Ontario,8800
2022,Chevrolet,Silverado 1500,RST,8,Gasoline,32505.0,04/12/2025,Ontario,44500
2019,Chevrolet,Silverado 1500 LD,LT,8,Flex,91422.0,04/12/2025,Quebec,25000
2020,Chevrolet,Equinox,LS,4,Gasoline,57463.0,04/12/2025,Manitoba,15800
2019,Chevrolet,Equinox,LT,4,Gasoline,141322.0,04/12/2025,Quebec,6100
2018,Chevrolet,Equinox,Premier,4,Gasoline,105352.0,04/12/2025,Ontario,8400
2012,Chevrolet,Equinox,LS,4,Gasoline,169852.0,04/12/2025,Quebec,500
2017,Chevrolet,Equinox,LS,4,Gasoline,239434.0,04/12/2025,Ontario,1100
2023,Chevrolet,Equinox,LT,4,Gasoline,112174.0,04/12/2025,Ontario,15250
2023,Chevrolet,Equinox,LT,4,Gasoline,69036.0,04/12/2025,Ontario,20500
2021,Chevrolet,Trailblazer,LS,3,Gasoline,46111.0,04/12/2025,New Brunswick,15900
2017,Chevrolet,Bolt EV,LT,6,Electric,147026.0,03/12/2025,Quebec,8000
2019,Chevrolet,Bolt EV,LT,E,Electric,104168.0,03/12/2025,Quebec,13000
2020,Chevrolet,Bolt EV,LT,E,Electric,108947.0,03/12/2025,Quebec,13000
2023,Chevrolet,Bolt EUV,LT,6,Electric,63649.0,03/12/2025,Quebec,22400
2020,Chevrolet,Bolt EV,LT,E,Electric,111918.0,03/12/2025,Quebec,14100
2017,Chevrolet,Sonic,LT,4,Gasoline,83354.0,03/12/2025,Quebec,8700
2016,Chevrolet,Cruze Limited,LT,4,Gasoline,180315.0,03/12/2025,Ontario,1900
2022,Chevrolet,Colorado,2WD Work Truck,4,Gasoline,140966.0,03/12/2025,Ontario,15400
2022,Chevrolet,Colorado,2WD Work Truck,6,Gasoline,145942.0,03/12/2025,Ontario,18000
2023,Chevrolet,Colorado,4WD Work Truck,4,Gasoline,47023.0,03/12/2025,Quebec,31600
2019,Chevrolet,Colorado,2WD Work Truck,4,Gasoline,87464.0,03/12/2025,Ontario,13800
2019,Chevrolet,Colorado,2WD Work Truck,4,Gasoline,195988.0,03/12/2025,Ontario,7500
2022,Chevrolet,Colorado,2WD Work Truck,4,Gasoline,114952.0,03/12/2025,Ontario,16000
2023,Chevrolet,Silverado 1500,Custom,4,Gasoline,42021.0,03/12/2025,Quebec,36800
2023,Chevrolet,Silverado 1500,Custom,4,Gasoline,39011.0,03/12/2025,Quebec,39600
2023,Chevrolet,Silverado 1500,Custom,4,Gasoline,34923.0,03/12/2025,Quebec,40000
2023,Chevrolet,Silverado 1500,Custom,4,Gasoline,42044.0,03/12/2025,Quebec,38600
2020,Chevrolet,Silverado 2500HD,Custom,8,Gasoline,202128.0,03/12/2025,Quebec,20200
2021,Chevrolet,Silverado 2500HD,LT,8,Gasoline,147214.0,03/12/2025,Ontario,30500
2020,Chevrolet,Silverado 2500HD,LT,8,Diesel,151289.0,03/12/2025,Ontario,48000
2022,Chevrolet,Malibu,LS,4,Gasoline,30052.0,03/12/2025,Ontario,15000
2020,Chevrolet,Malibu,LT,4,Gasoline,130007.0,03/12/2025,Quebec,11100
2023,Chevrolet,Malibu,1LT,4,Gasoline,62512.0,03/12/2025,Ontario,17000
2022,Chevrolet,Malibu,LT,4,Gasoline,75600.0,03/12/2025,Ontario,14000
2022,Chevrolet,Malibu,LT,4,Gasoline,135495.0,03/12/2025,Ontario,11200
2023,Chevrolet,Malibu,1LT,4,Gasoline,74410.0,03/12/2025,Ontario,16000
2023,Chevrolet,Tahoe,RST,6,Diesel,40401.0,03/12/2025,Quebec,77600
2022,Chevrolet,Colorado,2WD Work Truck,4,Gasoline,140966.0,03/12/2025,Ontario,15400
2022,Chevrolet,Colorado,2WD Work Truck,6,Gasoline,145942.0,03/12/2025,Ontario,18000
2023,Chevrolet,Colorado,4WD Work Truck,4,Gasoline,47023.0,03/12/2025,Quebec,31600
2019,Chevrolet,Colorado,2WD Work Truck,4,Gasoline,87464.0,03/12/2025,Ontario,13800
2019,Chevrolet,Colorado,2WD Work Truck,4,Gasoline,195988.0,03/12/2025,Ontario,7500
2022,Chevrolet,Colorado,2WD Work Truck,4,Gasoline,114952.0,03/12/2025,Ontario,16000
2023,Chevrolet,Silverado 1500,Custom,4,Gasoline,42021.0,03/12/2025,Quebec,36800
2023,Chevrolet,Silverado 1500,Custom,4,Gasoline,39011.0,03/12/2025,Quebec,39600
2023,Chevrolet,Silverado 1500,Custom,4,Gasoline,34923.0,03/12/2025,Quebec,40000
2023,Chevrolet,Silverado 1500,Custom,4,Gasoline,42044.0,03/12/2025,Quebec,38600
2023,Chevrolet,Colorado,4WD LT,4,Gasoline,39126.0,03/12/2025,Quebec,41200
2020,Chevrolet,Silverado 1500,Custom,6,Flex,244458.0,03/12/2025,Ontario,14200
2022,Chevrolet,Silverado 1500 LTD,Custom Trail Boss,4,Gasoline,78547.0,03/12/2025,Quebec,34900
2022,Chevrolet,Silverado 1500 LTD,Custom Trail Boss,4,Gasoline,57851.0,03/12/2025,Ontario,38750
2019,Chevrolet,Silverado 1500,LT Trail Boss,8,Gasoline,92885.0,03/12/2025,Quebec,35000
2021,Chevrolet,Silverado 1500,LT Trail Boss,8,Gasoline,105971.0,03/12/2025,Quebec,38000
2016,Chevrolet,Silverado 1500,LT,6,Flex,302897.0,03/12/2025,Ontario,2900
2022,Chevrolet,Silverado 1500 LTD,Custom Trail Boss,4,Gasoline,57851.0,03/12/2025,Ontario,38750
2019,Chevrolet,Silverado 1500,LT Trail Boss,8,Gasoline,92885.0,03/12/2025,Quebec,35000
2021,Chevrolet,Silverado 1500,LT Trail Boss,8,Gasoline,105971.0,03/12/2025,Quebec,38000
2016,Chevrolet,Silverado 1500,LT,6,Flex,302897.0,03/12/2025,Ontario,2900
2022,Chevrolet,Silverado 1500,Work Truck,8,Gasoline,59751.0,03/12/2025,Quebec,31750
2022,Chevrolet,Silverado 1500 LTD,Work Truck,4,Gasoline,186203.0,03/12/2025,Ontario,16250
2023,Chevrolet,Silverado 1500,Work Truck,8,Gasoline,41579.0,03/12/2025,Alberta,27300
2023,Chevrolet,Silverado 1500,Work Truck,8,Gasoline,77357.0,03/12/2025,Alberta,23300
2017,Cadillac,Escalade,Premium Luxury,8,Gasoline,161769.0,02/01/2026,Saskatchewan,24900
2015,Cadillac,Escalade,Platinum,8,Flex,118227.0,02/01/2026,Saskatchewan,24300
2024,Cadillac,XT5,AWD Sport,6,Gasoline,39892.0,30/12/2025,Quebec,45000
2024,Cadillac,XT4,AWD Sport,4,Gasoline,25872.0,30/12/2025,Ontario,42250
2024,Cadillac,XT4,AWD Sport,4,Gasoline,21748.0,30/12/2025,Quebec,45000
2024,Cadillac,XT5,AWD Premium Luxury,4,Gasoline,30077.0,30/12/2025,Quebec,43500
2024,Cadillac,XT6,AWD Sport,6,Gasoline,45570.0,30/12/2025,Quebec,50600
2024,Cadillac,LYRIQ,Tech,E,Electric,58831.0,30/12/2025,Ontario,32750
2024,Cadillac,LYRIQ,Tech,E,Electric,28142.0,30/12/2025,Ontario,36000
2024,Cadillac,LYRIQ,Sport,E,Electric,29513.0,30/12/2025,Ontario,45750
2022,Cadillac,Escalade,Sport Platinum,8,Gasoline,60303.0,30/12/2025,Alberta,85750
2024,Cadillac,XT6,AWD Premium Luxury,6,Gasoline,29947.0,23/12/2025,Alberta,51900
2023,Cadillac,CT5,Premium Luxury,6,Gasoline,58626.0,23/12/2025,Alberta,33000
2024,Cadillac,CT5,Sport,4,Gasoline,94159.0,23/12/2025,Ontario,34250
2024,Cadillac,XT5,AWD Sport,6,Gasoline,24115.0,23/12/2025,Quebec,47500
2024,Cadillac,XT5,AWD Sport,6,Gasoline,19402.0,23/12/2025,Ontario,48000
2023,Cadillac,XT6,AWD Premium Luxury,6,Gasoline,24483.0,23/12/2025,Quebec,47500
2024,Cadillac,XT4,AWD Premium Luxury,4,Gasoline,20750.0,23/12/2025,Ontario,41500
2024,Cadillac,XT4,AWD Premium Luxury,4,Gasoline,5914.0,23/12/2025,Ontario,43000
2023,Cadillac,XT4,AWD Sport,4,Gasoline,33725.0,23/12/2025,Quebec,35100
2024,Cadillac,XT4,AWD Sport,4,Gasoline,71920.0,23/12/2025,Ontario,37000
2023,Cadillac,XT5,AWD Luxury,4,Gasoline,45112.0,23/12/2025,Quebec,34000
2024,Cadillac,XT5,AWD Premium Luxury,6,Gasoline,43804.0,23/12/2025,Ontario,43250
2023,Cadillac,XT6,AWD Premium Luxury,6,Gasoline,38836.0,23/12/2025,Ontario,44500
2024,Cadillac,XT6,AWD Sport,6,Gasoline,59980.0,23/12/2025,Ontario,48750
2024,Cadillac,XT6,AWD Sport,6,Gasoline,36632.0,23/12/2025,Ontario,49250
2024,Cadillac,XT6,AWD Sport,6,Gasoline,55616.0,23/12/2025,Ontario,49000
2024,Cadillac,XT6,AWD Sport,6,Gasoline,17895.0,23/12/2025,Ontario,57500
2024,Cadillac,XT6,AWD Sport,6,Gasoline,40240.0,23/12/2025,Ontario,52000
2024,Cadillac,XT6,AWD Sport,6,Gasoline,48683.0,23/12/2025,Ontario,50500
2024,Cadillac,XT6,AWD Sport,6,Gasoline,70182.0,23/12/2025,Ontario,47000
2024,Cadillac,LYRIQ,Tech,E,Electric,57535.0,23/12/2025,Ontario,32200
2024,Cadillac,LYRIQ,Tech,E,Electric,34121.0,23/12/2025,Ontario,35000
2024,Cadillac,LYRIQ,Tech,E,Electric,37940.0,23/12/2025,Quebec,35200
2024,Cadillac,LYRIQ,Tech,E,Electric,23695.0,23/12/2025,Ontario,35750
2024,Cadillac,LYRIQ,Tech,E,Electric,12319.0,23/12/2025,Ontario,37500
2021,Cadillac,Escalade,Premium Luxury,8,Gasoline,103296.0,23/12/2025,Quebec,65900
2021,Cadillac,Escalade ESV,Sport,8,Gasoline,59637.0,23/12/2025,Ontario,71500
2023,Cadillac,XT6,AWD Sport,6,Gasoline,47574.0,19/12/2025,Ontario,47000
2024,Cadillac,CT4,Sport,4,Gasoline,1952.0,18/12/2025,Ontario,40500
2022,Cadillac,CT5V,Other,6,Gasoline,71766.0,18/12/2025,Quebec,47500
2020,Cadillac,XT5,Premium Luxury AWD,4,Gasoline,123091.0,18/12/2025,Quebec,19400
2021,Cadillac,XT5,AWD Premium Luxury,6,Gasoline,28619.0,18/12/2025,Manitoba,36900
2019,Cadillac,Escalade,Premium Luxury,8,Gasoline,162931.0,18/12/2025,Ontario,30500
2020,Cadillac,Escalade,Platinum,8,Gasoline,87273.0,18/12/2025,Ontario,52000
2015,Cadillac,ATS Sedan,Standard AWD,4,Gasoline,202477.0,17/12/2025,Quebec,4000
2024,Cadillac,CT4,Sport,4,Gasoline,22655.0,17/12/2025,Ontario,42000
2022,Cadillac,CT5,Sport,4,Gasoline,54182.0,17/12/2025,Alberta,38500
2020,Cadillac,XT4,FWD Luxury,4,Gasoline,66404.0,17/12/2025,Ontario,20500
2023,Cadillac,XT4,AWD Sport,4,Gasoline,45161.0,17/12/2025,Ontario,34000
2024,Cadillac,XT4,AWD Sport,4,Gasoline,29731.0,17/12/2025,Quebec,45200
2019,Cadillac,XT4,AWD Sport,4,Gasoline,117502.0,17/12/2025,Quebec,19400
2023,Cadillac,XT4,AWD Sport,4,Gasoline,58337.0,17/12/2025,Quebec,31600
2022,Cadillac,XT5,AWD Premium Luxury,4,Gasoline,42881.0,17/12/2025,Quebec,33750
2024,Cadillac,XT5,AWD Premium Luxury,4,Gasoline,37082.0,17/12/2025,Quebec,39700
2022,Cadillac,XT5,AWD Premium Luxury,4,Gasoline,133584.0,17/12/2025,Ontario,24250
2017,Cadillac,XT5,Luxury AWD,6,Gasoline,87105.0,17/12/2025,Quebec,20600
2024,Cadillac,XT5,AWD Premium Luxury,6,Gasoline,46912.0,17/12/2025,Quebec,41750
2017,Cadillac,XT5,Luxury AWD,6,Gasoline,128158.0,17/12/2025,Ontario,13500
2024,Cadillac,XT6,AWD Sport,6,Gasoline,66146.0,17/12/2025,Ontario,45000
2024,Cadillac,LYRIQ,Tech,E,Electric,24489.0,17/12/2025,Ontario,36250
2024,Cadillac,LYRIQ,Tech,E,Electric,15796.0,17/12/2025,Ontario,36500
2024,Cadillac,LYRIQ,Tech,E,Electric,48592.0,17/12/2025,Ontario,33000
2024,Cadillac,LYRIQ,Tech,E,Electric,45014.0,17/12/2025,Ontario,32750
2024,Cadillac,LYRIQ,Tech,E,Electric,66123.0,17/12/2025,Ontario,31750
2024,Cadillac,LYRIQ,Sport,E,Electric,34882.0,17/12/2025,Quebec,45600
2020,Cadillac,Escalade ESV,Luxury,8,Gasoline,99433.0,17/12/2025,Ontario,31100
2026,Cadillac,Escalade,4WD Platinum Sport,8,Gasoline,36.0,17/12/2025,Ontario,166500
2025,Cadillac,Escalade IQ,Sport 2,E,Electric,348.0,17/12/2025,Quebec,156500
2024,Cadillac,XT5,AWD Sport,6,Gasoline,44382.0,16/12/2025,Nova Scotia,40500
2019,Cadillac,XT5,Luxury AWD,6,Gasoline,81027.0,16/12/2025,Nova Scotia,20000
2016,Cadillac,Escalade ESV,Premium Collection,8,Flex,129057.0,16/12/2025,Nova Scotia,23000
2018,Cadillac,ATS Sedan,AWD,4,Gasoline,82951.0,11/12/2025,Ontario,14800
2011,Cadillac,CTS Sedan,Leather,6,Gasoline,117410.0,11/12/2025,British Columbia,6000
2024,Cadillac,XT5,AWD Premium Luxury,4,Gasoline,22590.0,11/12/2025,Ontario,44750
2017,Cadillac,Escalade,Premium Luxury,8,Gasoline,158467.0,11/12/2025,Ontario,24250
2024,Cadillac,Escalade,4WD Sport Platinum,8,Gasoline,43470.0,11/12/2025,Ontario,103500
2019,Cadillac,Escalade ESV,Premium Luxury,8,Gasoline,136343.0,11/12/2025,Ontario,35400
2017,Cadillac,CTS Sedan,Premium Luxury AWD,6,Gasoline,50070.0,10/12/2025,Ontario,22000
2021,Cadillac,CT5,VSeries,6,Gasoline,36675.0,10/12/2025,Ontario,45000
2023,Cadillac,CT5,Luxury,4,Gasoline,51626.0,10/12/2025,Quebec,35000
2021,Cadillac,XT5,AWD Sport,6,Gasoline,64386.0,10/12/2025,Ontario,33250
2024,Cadillac,XT5,AWD Sport,6,Gasoline,15792.0,10/12/2025,Quebec,48250
2026,Cadillac,VISTIQ,Sport,E,Electric,6267.0,10/12/2025,Ontario,69500
2024,Cadillac,XT5,AWD Luxury,4,Gasoline,40202.0,10/12/2025,Alberta,37400
2022,Cadillac,XT5,AWD Premium Luxury,6,Gasoline,55518.0,10/12/2025,Quebec,35200
2024,Cadillac,XT6,AWD Premium Luxury,6,Gasoline,41779.0,10/12/2025,Ontario,47250
2024,Cadillac,LYRIQ,Tech,E,Electric,29184.0,10/12/2025,Ontario,32750
2024,Cadillac,LYRIQ,Tech,E,Electric,36159.0,10/12/2025,Ontario,31250
2024,Cadillac,LYRIQ,Tech,E,Electric,15740.0,10/12/2025,Ontario,35250
2024,Cadillac,LYRIQ,Tech,E,Electric,35807.0,10/12/2025,Quebec,35400
2024,Cadillac,LYRIQ,Tech,E,Electric,26969.0,10/12/2025,Ontario,33000
2024,Cadillac,LYRIQ,Tech,E,Electric,14290.0,10/12/2025,Ontario,35500
2024,Cadillac,LYRIQ,Tech,E,Electric,20154.0,10/12/2025,Ontario,35250
2024,Cadillac,LYRIQ,Tech,E,Electric,22448.0,10/12/2025,Ontario,34250
2024,Cadillac,LYRIQ,Tech,E,Electric,32441.0,10/12/2025,Alberta,36750
2024,Cadillac,LYRIQ,Tech,E,Electric,24499.0,10/12/2025,Ontario,33750
2024,Cadillac,LYRIQ,Tech,E,Electric,27048.0,10/12/2025,Quebec,36800
2024,Cadillac,LYRIQ,Tech,E,Electric,35322.0,10/12/2025,Ontario,31000
2024,Cadillac,LYRIQ,Tech,E,Electric,39734.0,10/12/2025,Ontario,40250
2024,Cadillac,LYRIQ,Tech,E,Electric,25423.0,10/12/2025,Ontario,40000
2024,Cadillac,LYRIQ,Sport,E,Electric,19969.0,10/12/2025,Ontario,38000
2023,Cadillac,Escalade,4WD Premium Luxury,6,Diesel,90112.0,10/12/2025,Ontario,72000
2024,Cadillac,Escalade,4WD Sport Platinum,8,Gasoline,27450.0,10/12/2025,Ontario,109000
2015,Cadillac,Escalade,Premium,8,Flex,26705.0,10/12/2025,Ontario,32250
2025,Cadillac,Escalade ESV,4WD Premium Luxury,8,Gasoline,279.0,10/12/2025,Quebec,124000
2025,Cadillac,Escalade IQ,Luxury 2,E,Electric,16173.0,10/12/2025,Ontario,140250
2025,Cadillac,OPTIQ,Sport,E,Electric,7920.0,10/12/2025,Ontario,48250
2025,Cadillac,OPTIQ,Sport,8,Electric,5288.0,10/12/2025,Ontario,49000
2025,Cadillac,OPTIQ,Sport,8,Electric,6483.0,10/12/2025,Ontario,50250
2025,Cadillac,OPTIQ,Sport,8,Electric,7115.0,10/12/2025,Ontario,48250
2025,Cadillac,OPTIQ,Luxury,8,Electric,5871.0,10/12/2025,Ontario,46750
2025,Cadillac,OPTIQ,Luxury,8,Electric,7399.0,10/12/2025,Ontario,48750
2025,Cadillac,OPTIQ,Sport,8,Electric,4642.0,10/12/2025,Ontario,45500
2024,Cadillac,XT6,AWD Sport,6,Gasoline,6194.0,04/12/2025,Nova Scotia,59200
2024,Cadillac,XT5,AWD Sport,6,Gasoline,34814.0,04/12/2025,British Columbia,49750
2024,Cadillac,XT4,AWD Premium Luxury,4,Gasoline,47245.0,04/12/2025,British Columbia,38000
2024,Cadillac,XT4,AWD Sport,4,Gasoline,21425.0,04/12/2025,Ontario,45750
2022,Cadillac,XT4,AWD Sport,4,Gasoline,64281.0,04/12/2025,Ontario,30500
2023,Cadillac,XT4,AWD Sport,4,Gasoline,47391.0,04/12/2025,British Columbia,36500
2016,Cadillac,XTS,Platinum,6,Gasoline,121368.0,04/12/2025,Ontario,9000
2023,Cadillac,LYRIQ,RWD Luxury,E,Electric,22812.0,04/12/2025,New Brunswick,35000
2022,Cadillac,Escalade ESV,Luxury,8,Gasoline,78599.0,04/12/2025,Ontario,70000
2025,Cadillac,Escalade,4WD Sport Platinum,8,Gasoline,24839.0,04/12/2025,Ontario,147000
2017,Cadillac,CTS Sedan,Luxury AWD,6,Flex,128702.0,03/12/2025,Ontario,13250
2020,Cadillac,CT4,Premium Luxury,4,Gasoline,17295.0,03/12/2025,Quebec,29600
2011,Cadillac,CTS Sedan,4DR SDN 3.0L AWD,6,Gasoline,80444.0,03/12/2025,Ontario,6900
2019,Cadillac,XT5,Platinum AWD,6,Gasoline,75562.0,03/12/2025,Ontario,29000
2024,Cadillac,XT5,AWD Sport,6,Gasoline,42263.0,03/12/2025,Ontario,44750
2021,Cadillac,XT5,AWD Sport,6,Gasoline,131435.0,03/12/2025,Ontario,26000
2019,Cadillac,XT4,AWD Premium Luxury,4,Gasoline,50895.0,03/12/2025,Ontario,21500
2017,Cadillac,XT5,Luxury AWD,6,Gasoline,113817.0,03/12/2025,Quebec,12800
2021,Cadillac,XT5,AWD Premium Luxury,6,Gasoline,23915.0,03/12/2025,Ontario,32750
2024,Cadillac,XT6,AWD Premium Luxury,6,Gasoline,41776.0,03/12/2025,Quebec,49500
2023,Cadillac,XT6,AWD Premium Luxury,6,Gasoline,22964.0,03/12/2025,Quebec,46000
2023,Cadillac,XT6,AWD Sport,6,Gasoline,30270.0,03/12/2025,Ontario,48000
2023,Cadillac,XT6,AWD Sport,6,Gasoline,43800.0,03/12/2025,Ontario,47500
2024,Cadillac,LYRIQ,Tech,E,Electric,29480.0,03/12/2025,Ontario,34500
2024,Cadillac,LYRIQ,Tech,E,Electric,29337.0,03/12/2025,Ontario,34250
2024,Cadillac,LYRIQ,Tech,E,Electric,14568.0,03/12/2025,Ontario,37500
2024,Cadillac,LYRIQ,Tech,E,Electric,22698.0,03/12/2025,Ontario,35000
2024,Cadillac,LYRIQ,Tech,E,Electric,36905.0,03/12/2025,Ontario,33750
2024,Cadillac,LYRIQ,Tech,E,Electric,44788.0,03/12/2025,Ontario,33000
2024,Cadillac,LYRIQ,Tech,E,Electric,29136.0,03/12/2025,Ontario,35250
2024,Cadillac,LYRIQ,Tech,E,Electric,31126.0,03/12/2025,Ontario,34000
2024,Cadillac,LYRIQ,Tech,E,Electric,38781.0,03/12/2025,Quebec,35000
2024,Cadillac,LYRIQ,Tech,E,Electric,22134.0,03/12/2025,Ontario,34750
2024,Cadillac,LYRIQ,Tech,E,Electric,32828.0,03/12/2025,Ontario,34500
2024,Cadillac,LYRIQ,Tech,E,Electric,51617.0,03/12/2025,Ontario,33250
2024,Cadillac,LYRIQ,Tech,E,Electric,44492.0,03/12/2025,Ontario,31500
2024,Cadillac,LYRIQ,Tech,E,Electric,24986.0,03/12/2025,Ontario,35000
2023,Cadillac,LYRIQ,RWD Luxury,E,Electric,48794.0,03/12/2025,Ontario,32000
2024,Cadillac,LYRIQ,Tech,E,Electric,24838.0,03/12/2025,Ontario,35000
2024,Cadillac,LYRIQ,Tech,0,Electric,30597.0,03/12/2025,Ontario,34750
2024,Cadillac,LYRIQ,Tech,E,Electric,39287.0,03/12/2025,Ontario,33750
2024,Cadillac,LYRIQ,Tech,E,Electric,34502.0,03/12/2025,Quebec,43000
2024,Cadillac,LYRIQ,Luxury,E,Electric,27524.0,03/12/2025,Ontario,35250
2024,Cadillac,LYRIQ,Sport,E,Electric,83016.0,03/12/2025,Quebec,41000
2025,Cadillac,Escalade,AWD VSeries,8,Gasoline,162.0,03/12/2025,Quebec,222500
2021,Dodge,Durango,SXT,6,Gasoline,176613.0,02/01/2026,Saskatchewan,14600
2018,Dodge,Durango,GT,6,Gasoline,146178.0,02/01/2026,Saskatchewan,12100
2023,Dodge,Durango,R/T,8,Gasoline,111487.0,02/01/2026,Saskatchewan,32500
2020,Dodge,Durango,GT,6,Gasoline,175464.0,31/12/2025,Manitoba,12200
2025,Dodge,Durango,GT Plus,6,Gasoline,6944.0,30/12/2025,Alberta,44100
2018,Dodge,Durango,GT,6,Gasoline,104131.0,30/12/2025,Alberta,17800
2024,Dodge,Durango,R/T Plus,8,Gasoline,41932.0,30/12/2025,British Columbia,40000
2023,Dodge,Challenger,R/T,8,Gasoline,21695.0,30/12/2025,New Brunswick,40800
2017,Dodge,Grand Caravan,Crew Plus,6,Flex,150355.0,30/12/2025,British Columbia,10000
2019,Dodge,Journey,SXT,6,Gasoline,95456.0,30/12/2025,Alberta,6000
2024,Dodge,Hornet,R/T Plus,4,Hybrid,38780.0,30/12/2025,Quebec,21000
2025,Dodge,Durango,GT Plus,6,Gasoline,25839.0,24/12/2025,Saskatchewan,37500
2018,Dodge,Grand Caravan,Crew,6,Flex,124878.0,24/12/2025,Alberta,6500
2018,Dodge,Durango,GT,6,Gasoline,156473.0,23/12/2025,Quebec,13400
2016,Dodge,Journey,Crossroad,6,Gasoline,94138.0,23/12/2025,Manitoba,4400
2023,Dodge,Challenger,Scat Pack 392 Widebody,8,Gasoline,1355.0,23/12/2025,Ontario,60100
2017,Dodge,Grand Caravan,Canada Value Package,6,Flex,155418.0,23/12/2025,British Columbia,4100
2024,Dodge,Hornet,GT,4,Gasoline,32765.0,23/12/2025,Alberta,22000
2022,Dodge,Durango,SXT,6,Gasoline,99942.0,22/12/2025,Saskatchewan,20000
2021,Dodge,Durango,Enforcer,6,Gasoline,6531.0,22/12/2025,Ontario,31000
2019,Dodge,Grand Caravan,Crew Plus,6,Flex,129577.0,19/12/2025,Saskatchewan,15500
2017,Dodge,Grand Caravan,SXT,6,Flex,121636.0,19/12/2025,Ontario,6200
2022,Dodge,Durango,R/T,8,Gasoline,38671.0,18/12/2025,British Columbia,44500
2021,Dodge,Durango,R/T,8,Gasoline,103051.0,18/12/2025,Ontario,33250
2017,Dodge,Journey,Canada Value Pkg,4,Gasoline,162126.0,18/12/2025,British Columbia,4400
2017,Dodge,Journey,GT,6,Gasoline,195168.0,18/12/2025,Ontario,3500
2017,Dodge,Journey,Crossroad,6,Gasoline,152875.0,18/12/2025,Ontario,5600
2023,Dodge,Challenger,GT,6,Gasoline,15833.0,18/12/2025,Ontario,40000
2011,Dodge,Grand Caravan,SE,6,Gasoline,87387.0,18/12/2025,Manitoba,800
2023,Dodge,Hornet,GT,4,Gasoline,50114.0,18/12/2025,Ontario,20700
2026,Dodge,Durango,GT Plus,6,Gasoline,17.0,17/12/2025,Ontario,49000
2024,Dodge,Durango,Citadel,6,Gasoline,27784.0,17/12/2025,Ontario,45500
2024,Dodge,Durango,Citadel,6,Gasoline,29592.0,17/12/2025,Ontario,45000
2024,Dodge,Durango,Citadel,6,Gasoline,24198.0,17/12/2025,Ontario,44500
2024,Dodge,Durango,R/T,8,Gasoline,57382.0,17/12/2025,Ontario,46500
2024,Dodge,Durango,R/T,8,Gasoline,29282.0,17/12/2025,Ontario,46000
2024,Dodge,Durango,Citadel,8,Gasoline,17167.0,17/12/2025,Ontario,47250
2023,Dodge,Durango,SRT 392 Premium,8,Gasoline,34116.0,17/12/2025,Quebec,68000
2025,Dodge,Durango,SRT Hellcat Hammerhead,8,Gasoline,4124.0,17/12/2025,Quebec,100500
2025,Dodge,Durango,R/T 20th Anniversary Plus,8,Gasoline,15378.0,17/12/2025,Ontario,58500
2024,Dodge,Durango,R/T Plus,8,Gasoline,63042.0,17/12/2025,Quebec,45000
2024,Dodge,Durango,R/T,8,Gasoline,17319.0,17/12/2025,Ontario,49000
2023,Dodge,Charger,SXT,6,Gasoline,88302.0,17/12/2025,Quebec,26000
2022,Dodge,Challenger,Scat Pack 392 Widebody,8,Gasoline,17926.0,17/12/2025,British Columbia,65750
2016,Dodge,Grand Caravan,Crew Plus,6,Flex,145359.0,17/12/2025,Ontario,7800
2017,Dodge,Grand Caravan,GT,6,Flex,139589.0,17/12/2025,Ontario,7200
2016,Dodge,Grand Caravan,Canada Value Package,6,Flex,111082.0,17/12/2025,Ontario,6900
2018,Dodge,Grand Caravan,Canada Value Package,6,Flex,164714.0,17/12/2025,Alberta,4400
2018,Dodge,Charger,R/T 392,8,Gasoline,60051.0,17/12/2025,Quebec,28000
2016,Dodge,Journey,SXT,6,Flex,70717.0,17/12/2025,Alberta,9200
2025,Dodge,Durango,R/T,8,Gasoline,85.0,16/12/2025,Alberta,56000
2023,Dodge,Charger,GT,6,Gasoline,40098.0,16/12/2025,Nova Scotia,26900
2017,Dodge,Challenger,Scat Pack Shaker,8,Gasoline,69908.0,16/12/2025,Alberta,30000
2017,Dodge,Grand Caravan,Canada Value Package,6,Flex,155851.0,16/12/2025,Saskatchewan,7500
2019,Dodge,Grand Caravan,Canada Value Package,6,Flex,221135.0,16/12/2025,Alberta,4500
2019,Dodge,Grand Caravan,GT,6,Flex,231898.0,13/12/2025,Manitoba,4200
2017,Dodge,Grand Caravan,SXT,6,Flex,139240.0,12/12/2025,Newfoundland and Labrador,5400
2018,Dodge,Grand Caravan,Canada Value Package,6,Flex,154713.0,12/12/2025,Ontario,6300
2017,Dodge,Grand Caravan,Canada Value Package,6,Flex,120590.0,12/12/2025,Saskatchewan,7400
2019,Dodge,Grand Caravan,SXT Premium Plus,6,Flex,94435.0,12/12/2025,Newfoundland and Labrador,13200
2023,Dodge,Durango,SXT,6,Gasoline,34777.0,11/12/2025,Ontario,34000
2025,Dodge,Durango,R/T,8,Gasoline,40376.0,11/12/2025,British Columbia,43600
2013,Dodge,Journey,R/T Rallye,6,Gasoline,173619.0,11/12/2025,Manitoba,3600
2022,Dodge,Charger,SXT,6,Gasoline,11787.0,11/12/2025,British Columbia,25300
2022,Dodge,Charger,SRT Hellcat Widebody,8,Gasoline,63134.0,11/12/2025,Ontario,59000
2023,Dodge,Charger,GT,6,Gasoline,47932.0,11/12/2025,British Columbia,31700
2016,Dodge,Grand Caravan,SXT,6,Flex,235878.0,11/12/2025,Ontario,3900
2017,Dodge,Grand Caravan,Canada Value Package,6,Flex,55674.0,11/12/2025,British Columbia,12300
2020,Dodge,Grand Caravan,SE,6,Gasoline,215138.0,11/12/2025,Manitoba,8300
2019,Dodge,Grand Caravan,Canada Value Package,6,Flex,242693.0,11/12/2025,Ontario,3800
2020,Dodge,Grand Caravan,Premium Plus,6,Gasoline,117782.0,11/12/2025,Manitoba,16100
2013,Dodge,Journey,R/T Rallye,6,Gasoline,173619.0,11/12/2025,Manitoba,3600
2023,Dodge,Hornet,GT,4,Gasoline,53469.0,11/12/2025,British Columbia,18200
2023,Dodge,Durango,SXT Launch Edition,6,Gasoline,36418.0,10/12/2025,Ontario,30500
2022,Dodge,Durango,SXT,6,Gasoline,93072.0,10/12/2025,Ontario,23500
2024,Dodge,Durango,Citadel,6,Gasoline,29040.0,10/12/2025,Ontario,43500
2024,Dodge,Durango,R/T Plus,8,Gasoline,40700.0,10/12/2025,Ontario,47000
2024,Dodge,Durango,SRT 392 AlcHEMI,8,Gasoline,3567.0,10/12/2025,Ontario,79000
2023,Dodge,Durango,SRT 392 Premium,8,Gasoline,45372.0,10/12/2025,Quebec,67000
2017,Dodge,Journey,Crossroad,6,Gasoline,159312.0,10/12/2025,Ontario,5400
2023,Dodge,Charger,GT,6,Gasoline,73205.0,10/12/2025,Alberta,30100
2023,Dodge,Challenger,GT,6,Gasoline,27729.0,10/12/2025,Ontario,32500
2023,Dodge,Challenger,GT,6,Gasoline,36497.0,10/12/2025,Ontario,38000
2017,Dodge,Grand Caravan,Crew,6,Flex,86816.0,10/12/2025,Ontario,8100
2020,Dodge,Grand Caravan,Crew,6,Gasoline,152809.0,10/12/2025,Ontario,11000
2019,Dodge,Grand Caravan,SXT Premium Plus,6,Flex,297572.0,10/12/2025,Ontario,3300
2020,Dodge,Grand Caravan,Premium Plus,6,Gasoline,55446.0,10/12/2025,Ontario,24800
2020,Dodge,Grand Caravan,Premium Plus,6,Gasoline,295446.0,10/12/2025,Ontario,4100
2020,Dodge,Grand Caravan,Premium Plus,6,Gasoline,196532.0,10/12/2025,Ontario,13100
2017,Dodge,Journey,Crossroad,6,Gasoline,159312.0,10/12/2025,Ontario,5400
2020,Dodge,Durango,GT,6,Gasoline,142267.0,09/12/2025,Alberta,17500
2022,Dodge,Durango,Citadel,6,Gasoline,51129.0,09/12/2025,Alberta,31500
2023,Dodge,Durango,R/T,8,Gasoline,12489.0,09/12/2025,Alberta,44750
2022,Dodge,Durango,R/T,8,Gasoline,71928.0,09/12/2025,Nova Scotia,39200
2023,Dodge,Charger,GT,6,Gasoline,45947.0,09/12/2025,Alberta,30800
2023,Dodge,Charger,GT,6,Gasoline,52300.0,09/12/2025,Alberta,32000
2018,Dodge,Challenger,T/A,8,Gasoline,120989.0,09/12/2025,British Columbia,20500
2017,Dodge,Grand Caravan,SXT Premium Plus,6,Flex,120766.0,09/12/2025,Nova Scotia,9700
2018,Dodge,Grand Caravan,SXT,6,Flex,133616.0,09/12/2025,Nova Scotia,10000
2017,Dodge,Charger,SXT,6,Gasoline,132833.0,09/12/2025,Nova Scotia,5800
2017,Dodge,Journey,GT,6,Gasoline,161676.0,09/12/2025,Alberta,4300
2018,Dodge,Journey,Crossroad,6,Gasoline,144576.0,09/12/2025,Alberta,6250
2019,Dodge,Journey,Crossroad,6,Gasoline,118440.0,09/12/2025,Alberta,12600
2024,Dodge,Charger Daytona,R/T,E,Electric,92.0,06/12/2025,British Columbia,45250
2021,Dodge,Durango,GT,6,Gasoline,163489.0,05/12/2025,Manitoba,18800
2020,Dodge,Durango,GT,6,Gasoline,138690.0,05/12/2025,Saskatchewan,13900
2025,Dodge,Durango,R/T,8,Gasoline,18991.0,05/12/2025,Saskatchewan,47700
2020,Dodge,Durango,R/T,8,Gasoline,130614.0,05/12/2025,Newfoundland and Labrador,23600
2019,Dodge,Charger,SXT,6,Gasoline,212783.0,05/12/2025,Manitoba,7000
2023,Dodge,Durango,GT,6,Gasoline,31940.0,04/12/2025,Ontario,42000
2018,Dodge,Durango,GT,6,Gasoline,201387.0,04/12/2025,Ontario,10750
2024,Dodge,Durango,R/T Plus,8,Gasoline,29862.0,04/12/2025,New Brunswick,48200
2014,Dodge,Journey,R/T,6,Gasoline,220639.0,04/12/2025,Ontario,2700
2021,Dodge,Charger,GT,6,Gasoline,25613.0,04/12/2025,British Columbia,17500
2019,Dodge,Grand Caravan,GT,6,Flex,131674.0,04/12/2025,Alberta,13600
2020,Dodge,Grand Caravan,GT,6,Gasoline,82031.0,04/12/2025,British Columbia,22200
2017,Dodge,Grand Caravan,SXT,6,Flex,181562.0,04/12/2025,Ontario,4900
2014,Dodge,Grand Caravan,SXT,6,Flex,119857.0,04/12/2025,New Brunswick,2000
2019,Dodge,Grand Caravan,Canada Value Package,6,Flex,41277.0,04/12/2025,British Columbia,19500
2016,Dodge,Grand Caravan,Canada Value Package,6,Flex,97793.0,04/12/2025,Quebec,9400
2019,Dodge,Grand Caravan,Canada Value Package,6,Flex,41277.0,04/12/2025,British Columbia,19500
2016,Dodge,Grand Caravan,Canada Value Package,6,Flex,97793.0,04/12/2025,Quebec,9400
2021,Dodge,Durango,SXT,6,Gasoline,73777.0,03/12/2025,Alberta,22400
2022,Dodge,Durango,SXT,6,Gasoline,158387.0,03/12/2025,Alberta,16750
2025,Dodge,Durango,GT Plus,6,Gasoline,14.0,03/12/2025,Ontario,52750
2024,Dodge,Durango,GT Plus,6,Gasoline,23795.0,03/12/2025,Alberta,43800
2025,Dodge,Durango,GT Plus,6,Gasoline,13.0,03/12/2025,Ontario,52000
2024,Dodge,Durango,GT Plus,6,Gasoline,69277.0,03/12/2025,Ontario,37250
2023,Dodge,Durango,GT,6,Gasoline,92520.0,03/12/2025,Ontario,32000
2024,Dodge,Durango,Citadel,6,Gasoline,26059.0,03/12/2025,Ontario,45000
2023,Dodge,Durango,R/T Plus,8,Gasoline,35066.0,03/12/2025,Quebec,38000
2021,Dodge,Durango,R/T,8,Gasoline,92031.0,03/12/2025,Quebec,31600
2025,Dodge,Durango,R/T,8,Gasoline,53.0,03/12/2025,Ontario,53000
2024,Dodge,Durango,Citadel,8,Gasoline,27031.0,03/12/2025,Ontario,48500
2025,Dodge,Durango,SRT Hellcat Silver Bullet,8,Gasoline,60.0,03/12/2025,Ontario,98500
2025,Dodge,Durango,SRT Hellcat Hammerhead,8,Gasoline,6201.0,03/12/2025,Alberta,98250
2025,Dodge,Durango,SRT Hellcat Silver Bullet,8,Gasoline,18.0,03/12/2025,Ontario,96500
2019,Dodge,Durango,R/T,8,Gasoline,148941.0,03/12/2025,Quebec,19600
2024,Dodge,Durango,R/T,8,Gasoline,26621.0,03/12/2025,Quebec,46800
2011,Dodge,Journey,Canada Value Pkg,4,Gasoline,161571.0,03/12/2025,Quebec,750
2016,Dodge,Challenger,SXT Plus,6,Gasoline,68289.0,03/12/2025,Ontario,8800
2021,Dodge,Challenger,SXT,6,Gasoline,118686.0,03/12/2025,Alberta,23600
2014,Dodge,Grand Caravan,SXT,6,Flex,135595.0,03/12/2025,Quebec,1600
2015,Dodge,Grand Caravan,SXT,6,Flex,151889.0,03/12/2025,Ontario,5300
2017,Dodge,Grand Caravan,SXT Premium Plus,6,Flex,205924.0,03/12/2025,Ontario,6500
2018,Dodge,Grand Caravan,Canada Value Package,6,Flex,82410.0,03/12/2025,Quebec,15000
2018,Dodge,Grand Caravan,Canada Value Package,6,Flex,131080.0,03/12/2025,Quebec,8600
2024,Dodge,Hornet,GT Plus,4,Gasoline,34697.0,03/12/2025,Ontario,24000
2023,Dodge,Hornet,GT Plus,4,Gasoline,5584.0,03/12/2025,Quebec,24800
2023,Dodge,Hornet,GT Plus,4,Gasoline,26.0,03/12/2025,Quebec,25600
2024,Dodge,Durango,GT Plus,6,Gasoline,27592.0,02/12/2025,Alberta,42200
2023,Dodge,Charger,SXT,6,Gasoline,25061.0,02/12/2025,Alberta,27600
2023,Dodge,Charger,GT,6,Gasoline,68746.0,02/12/2025,Alberta,27800
2023,Dodge,Charger,GT,6,Gasoline,68746.0,02/12/2025,Alberta,27800
2023,Dodge,Charger,GT,6,Gasoline,60894.0,02/12/2025,Alberta,28500
2023,Dodge,Charger,GT,6,Gasoline,62385.0,02/12/2025,Alberta,29300
2019,Dodge,Grand Caravan,GT,6,Flex,130280.0,02/12/2025,Nova Scotia,14600
2017,Dodge,Grand Caravan,SXT,6,Flex,183375.0,02/12/2025,Nova Scotia,4800
2023,GMC,Sierra 1500,Denali,8,Gasoline,68122.0,31/12/2025,Ontario,51500
2022,GMC,Terrain,SLE,4,Gasoline,87390.0,30/12/2025,Quebec,18400
2024,GMC,Sierra 1500,Elevation,8,Gasoline,41848.0,30/12/2025,Alberta,53300
2021,GMC,Sierra 2500HD,SLE,8,Gasoline,140477.0,30/12/2025,Alberta,32500
2024,GMC,Sierra 2500HD,SLE,8,Gasoline,45635.0,30/12/2025,Nova Scotia,58600
2020,GMC,Sierra 2500HD,Denali,8,Diesel,93881.0,30/12/2025,Ontario,64000
2024,GMC,Sierra 3500HD,SLE,8,Gasoline,25007.0,30/12/2025,Alberta,59300
2021,GMC,Acadia,SLT,6,Gasoline,86894.0,30/12/2025,Ontario,27250
2016,GMC,Acadia,Denali,6,Gasoline,198645.0,30/12/2025,British Columbia,7700
2019,GMC,Yukon,Denali,8,Flex,92756.0,30/12/2025,British Columbia,27800
2023,GMC,Yukon,Denali,8,Gasoline,49403.0,30/12/2025,Quebec,79500
2023,GMC,Savana Cargo Van,"RWD 2500 135""",6,Gasoline,17901.0,30/12/2025,British Columbia,30200
2021,GMC,Canyon,4WD Elevation,6,Gasoline,40734.0,30/12/2025,Quebec,33600
2023,GMC,Sierra 1500,Pro,4,Gasoline,40447.0,30/12/2025,Quebec,37750
2023,GMC,Sierra 1500,Pro,4,Gasoline,33499.0,30/12/2025,Quebec,38500
2023,GMC,Sierra 1500,Pro,4,Gasoline,50800.0,30/12/2025,Quebec,37500
2024,GMC,Sierra 1500,Pro,4,Gasoline,52629.0,30/12/2025,Ontario,38500
2024,GMC,Sierra 1500,Pro,4,Gasoline,56038.0,30/12/2025,Quebec,37800
2023,GMC,Sierra 1500,Pro,4,Gasoline,46265.0,30/12/2025,Quebec,36500
2023,GMC,Sierra 1500,Pro,4,Gasoline,43126.0,30/12/2025,Quebec,38000
2023,GMC,Sierra 1500,Pro,4,Gasoline,45178.0,30/12/2025,Quebec,36800
2024,GMC,Sierra 1500,Pro,4,Gasoline,43770.0,30/12/2025,Quebec,38100
2023,GMC,Sierra 1500,Pro,4,Gasoline,41663.0,30/12/2025,Quebec,38250
2023,GMC,Sierra 1500,Pro,4,Gasoline,32676.0,30/12/2025,Quebec,39750
2022,GMC,Sierra 1500 Limited,SLE,8,Gasoline,133554.0,30/12/2025,Alberta,27250
2021,GMC,Sierra 1500,SLE,8,Gasoline,129806.0,30/12/2025,Alberta,29000
2022,GMC,Sierra 1500 Limited,SLE,8,Gasoline,137887.0,30/12/2025,Alberta,27250
2019,GMC,Sierra 1500,Elevation,8,Gasoline,140708.0,30/12/2025,British Columbia,17700
2023,GMC,Sierra 1500,Pro,8,Gasoline,36930.0,30/12/2025,Quebec,39500
2023,GMC,Sierra 1500,Pro,8,Gasoline,42237.0,30/12/2025,Quebec,39600
2023,GMC,Sierra 1500,Pro,8,Gasoline,12699.0,30/12/2025,Quebec,44000
2023,GMC,Sierra 1500,Pro,8,Gasoline,32463.0,30/12/2025,Quebec,40500
2023,GMC,Sierra 1500,Pro,8,Gasoline,45591.0,30/12/2025,Quebec,40000
2023,GMC,Sierra 1500,Pro,8,Gasoline,42237.0,30/12/2025,Quebec,39600
2023,GMC,Sierra 1500,Pro,8,Gasoline,12699.0,30/12/2025,Quebec,44000
2023,GMC,Sierra 1500,Pro,8,Gasoline,32463.0,30/12/2025,Quebec,40500
2023,GMC,Sierra 1500,Pro,8,Gasoline,45591.0,30/12/2025,Quebec,40000
2024,GMC,Sierra 1500,Pro,8,Gasoline,43642.0,30/12/2025,Quebec,43000
2023,GMC,Sierra 1500,Pro,8,Gasoline,26685.0,30/12/2025,Quebec,39500
2023,GMC,Sierra 1500,Pro,8,Gasoline,32025.0,30/12/2025,Quebec,38250
2024,GMC,Sierra 1500,Pro,8,Gasoline,33523.0,30/12/2025,Quebec,41000
2024,GMC,Sierra 1500,Pro,8,Gasoline,35298.0,30/12/2025,Quebec,43500
2024,GMC,Sierra 1500,Elevation,6,Diesel,70330.0,30/12/2025,Quebec,51500
2020,GMC,Sierra 2500HD,Denali,8,Diesel,93881.0,30/12/2025,Ontario,64000
2024,GMC,Sierra 3500HD,SLE,8,Gasoline,25007.0,30/12/2025,Alberta,59300
2024,GMC,Sierra 1500,Denali,6,Diesel,82340.0,30/12/2025,Ontario,55000
2023,GMC,Sierra 1500,Denali,8,Gasoline,127525.0,30/12/2025,Alberta,39900
2024,GMC,Terrain,AT4,4,Gasoline,30245.0,30/12/2025,Quebec,24500
2024,GMC,Sierra 1500,Elevation,4,Gasoline,22185.0,30/12/2025,Quebec,45000
2010,GMC,Sierra 1500,SLE,8,Flex,194484.0,30/12/2025,Manitoba,3500
2024,GMC,Terrain,AT4,4,Gasoline,30245.0,30/12/2025,Quebec,24500
2024,GMC,Sierra 1500,Elevation,4,Gasoline,22185.0,30/12/2025,Quebec,45000
2010,GMC,Sierra 1500,SLE,8,Flex,194484.0,30/12/2025,Manitoba,3500
2021,GMC,Sierra 1500,Elevation,8,Gasoline,95299.0,30/12/2025,Ontario,32000
2021,GMC,Sierra 1500,Elevation,8,Gasoline,138360.0,30/12/2025,Quebec,20400
2023,GMC,Sierra 1500,SLE,8,Gasoline,89400.0,30/12/2025,Alberta,31000
2024,GMC,Sierra 1500,Elevation,6,Diesel,36922.0,30/12/2025,Quebec,54000
2024,GMC,Sierra 1500,Elevation,8,Gasoline,42199.0,30/12/2025,Quebec,49500
2022,GMC,Sierra 1500,Denali,8,Gasoline,99747.0,30/12/2025,Quebec,44000
2020,GMC,Sierra 1500,SLT,8,Gasoline,177794.0,29/12/2025,Alberta,26500
2024,GMC,Sierra 1500,Pro,8,Gasoline,52597.0,24/12/2025,Ontario,42100
2024,GMC,Sierra 3500HD,SLE,8,Gasoline,18769.0,24/12/2025,Alberta,60000
2024,GMC,Sierra 1500,Pro,4,Gasoline,46731.0,23/12/2025,Nova Scotia,35300
2023,GMC,Yukon XL,Denali,8,Gasoline,74375.0,23/12/2025,Ontario,74750
2025,GMC,Yukon XL,Denali,8,Gasoline,15620.0,23/12/2025,Ontario,96750
2025,GMC,Acadia,Denali,4,Gasoline,26834.0,23/12/2025,Quebec,63000
2023,GMC,Acadia,SLT,6,Gasoline,48051.0,23/12/2025,Quebec,37500
2021,GMC,Acadia,Denali,6,Gasoline,77254.0,23/12/2025,Alberta,33000
2024,GMC,Yukon,SLE,8,Gasoline,86376.0,23/12/2025,Nova Scotia,55000
2023,GMC,Yukon,Denali,8,Gasoline,82859.0,23/12/2025,Ontario,62250
2024,GMC,Yukon XL,SLE,8,Gasoline,63735.0,23/12/2025,Alberta,48800
2019,GMC,Savana Cargo Van,Other,8,Flex,151952.0,23/12/2025,Ontario,8450
2023,GMC,Canyon,Elevation,4,Gasoline,23001.0,23/12/2025,Alberta,40250
2021,GMC,Sierra 1500,AT4,8,Gasoline,102157.0,23/12/2025,Ontario,35250
2023,GMC,Sierra 1500,Pro,4,Gasoline,46003.0,23/12/2025,Ontario,37750
2024,GMC,Sierra 1500,Pro,4,Gasoline,18334.0,23/12/2025,Alberta,39250
2024,GMC,Sierra 1500,Pro,4,Gasoline,22598.0,23/12/2025,Quebec,41200
2023,GMC,Sierra 1500,Pro,4,Gasoline,32868.0,23/12/2025,Ontario,37250
2024,GMC,Sierra 1500,Pro,4,Gasoline,44995.0,23/12/2025,Quebec,39200
2023,GMC,Sierra 1500,Pro,4,Gasoline,49470.0,23/12/2025,Ontario,35000
2024,GMC,Sierra 1500,Pro,4,Gasoline,33605.0,23/12/2025,Quebec,40300
2024,GMC,Sierra 1500,Pro,4,Gasoline,41013.0,23/12/2025,Quebec,39000
2023,GMC,Sierra 1500,Pro,4,Gasoline,33901.0,23/12/2025,Ontario,39500
2024,GMC,Sierra 1500,Pro,4,Gasoline,39715.0,23/12/2025,Quebec,38250
2024,GMC,Sierra 1500,Pro,4,Gasoline,48225.0,23/12/2025,Quebec,40200
2023,GMC,Sierra 1500,Pro,4,Gasoline,41515.0,23/12/2025,Ontario,38250
2024,GMC,Sierra 1500,Pro,4,Gasoline,44566.0,23/12/2025,Ontario,40500
2023,GMC,Sierra 1500,SLE,4,Gasoline,114791.0,23/12/2025,Alberta,30800
2023,GMC,Sierra 1500,SLE,4,Gasoline,81320.0,23/12/2025,Alberta,35100
2023,GMC,Sierra 1500,SLE,4,Gasoline,76049.0,23/12/2025,Alberta,35100
2023,GMC,Sierra 1500,SLE,4,Gasoline,71832.0,23/12/2025,Alberta,33100
2022,GMC,Sierra 1500 Limited,SLE,8,Gasoline,105758.0,23/12/2025,Alberta,26900
2023,GMC,Sierra 1500,SLE,8,Gasoline,115850.0,23/12/2025,Alberta,27500
2021,GMC,Sierra 1500,Elevation,8,Gasoline,48821.0,23/12/2025,Ontario,43700
2022,GMC,Sierra 1500 Limited,SLT,8,Gasoline,87067.0,23/12/2025,Alberta,38500
2023,GMC,Sierra 1500,SLE,4,Gasoline,71832.0,23/12/2025,Alberta,33100
2022,GMC,Sierra 1500 Limited,SLE,8,Gasoline,105758.0,23/12/2025,Alberta,26900
2023,GMC,Sierra 1500,SLE,8,Gasoline,115850.0,23/12/2025,Alberta,27500
2021,GMC,Sierra 1500,Elevation,8,Gasoline,48821.0,23/12/2025,Ontario,43700
2022,GMC,Sierra 1500 Limited,SLT,8,Gasoline,87067.0,23/12/2025,Alberta,38500
2021,GMC,Sierra 1500,Denali,8,Gasoline,169317.0,23/12/2025,Quebec,36300
2023,GMC,Sierra 1500,Pro,8,Gasoline,30269.0,23/12/2025,Ontario,43500
2024,GMC,Sierra 1500,Pro,8,Gasoline,43294.0,23/12/2025,Quebec,44000
2023,GMC,Sierra 1500,Pro,8,Gasoline,35348.0,23/12/2025,Alberta,36750
2023,GMC,Sierra 1500,Pro,8,Gasoline,21606.0,23/12/2025,Quebec,43250
2025,GMC,Sierra 1500,Elevation,6,Diesel,14801.0,23/12/2025,Ontario,60750
2024,GMC,Sierra 1500,Elevation,8,Gasoline,37790.0,23/12/2025,Quebec,55000
2023,GMC,Sierra 1500,Elevation,8,Gasoline,50015.0,23/12/2025,Ontario,51500
2022,GMC,Sierra 2500HD,SLE,8,Diesel,94764.0,23/12/2025,Ontario,46000
2024,GMC,Sierra 2500HD,SLE,8,Gasoline,120787.0,23/12/2025,Alberta,36000
2023,GMC,Sierra 2500HD,Denali,8,Diesel,77269.0,23/12/2025,Ontario,74000
2024,GMC,Sierra 2500HD,Denali,8,Diesel,66086.0,23/12/2025,Ontario,82250
2024,GMC,Sierra 2500HD,Denali,8,Diesel,35740.0,23/12/2025,Ontario,86500
2025,GMC,Sierra 3500HD,SLE,8,Diesel,11143.0,23/12/2025,Alberta,76000
2019,GMC,Sierra 1500 Limited,SLE,8,Gasoline,143575.0,23/12/2025,Alberta,12400
2024,GMC,Sierra 1500,Elevation,8,Gasoline,37692.0,23/12/2025,Alberta,56500
2024,GMC,Sierra 1500,Elevation,8,Gasoline,33169.0,23/12/2025,Ontario,56750
2024,GMC,Sierra 1500,Elevation,8,Gasoline,73973.0,23/12/2025,Ontario,50500
2024,GMC,Sierra 1500,Denali,6,Diesel,15410.0,23/12/2025,Ontario,71000
2024,GMC,Sierra 1500,Denali,8,Gasoline,49019.0,23/12/2025,Ontario,65750
2023,GMC,Savana Cargo Van,Other,6,Gasoline,17327.0,23/12/2025,British Columbia,30250
2023,GMC,Savana Cargo Van,Other,6,Gasoline,20974.0,23/12/2025,Nova Scotia,30000
2023,GMC,Savana Cargo Van,Other,6,Gasoline,35509.0,23/12/2025,Ontario,30100
2023,GMC,Savana Cargo Van,Other,6,Gasoline,14012.0,23/12/2025,British Columbia,30500
2017,GMC,Terrain,SLE,4,Gasoline,70490.0,23/12/2025,Quebec,5100
2014,GMC,Terrain,SLE,6,Gasoline,139234.0,23/12/2025,Ontario,1100
2024,GMC,Terrain,Denali,4,Gasoline,43608.0,23/12/2025,Quebec,28400
2024,GMC,Terrain,SLE,4,Gasoline,71102.0,23/12/2025,Ontario,19000
2023,GMC,Terrain,SLE,4,Gasoline,63190.0,23/12/2025,Manitoba,20900
2024,GMC,Terrain,SLE,4,Gasoline,59953.0,23/12/2025,Quebec,21600
2024,GMC,Terrain,SLE,4,Gasoline,108352.0,23/12/2025,Ontario,15500
2024,GMC,Terrain,SLE,4,Gasoline,21223.0,23/12/2025,Alberta,23600
2022,GMC,Terrain,SLE,4,Gasoline,139721.0,23/12/2025,Manitoba,13300
2020,GMC,Terrain,SLE,4,Gasoline,157343.0,23/12/2025,Alberta,7500
2022,GMC,Terrain,SLE,4,Gasoline,72082.0,23/12/2025,Ontario,18500
2022,GMC,Terrain,SLE,4,Gasoline,88107.0,23/12/2025,Quebec,18000
2013,GMC,Sierra 1500,SL Nevada Edition,8,Flex,106637.0,23/12/2025,Ontario,12200
2023,GMC,Sierra 1500,Elevation,4,Gasoline,50157.0,23/12/2025,Quebec,41000
2024,GMC,Sierra 1500,Elevation,4,Gasoline,32943.0,23/12/2025,Quebec,44000
2018,GMC,Sierra 1500,SLE,8,Gasoline,145314.0,23/12/2025,Quebec,17800
2023,GMC,Sierra 1500,SLE,8,Gasoline,105927.0,23/12/2025,Alberta,30800
2023,GMC,Sierra 1500,SLE,8,Gasoline,153282.0,23/12/2025,Alberta,22750
2024,GMC,Sierra 1500,Elevation,4,Gasoline,32943.0,23/12/2025,Quebec,44000
2018,GMC,Sierra 1500,SLE,8,Gasoline,145314.0,23/12/2025,Quebec,17800
2023,GMC,Sierra 1500,SLE,8,Gasoline,105927.0,23/12/2025,Alberta,30800
2023,GMC,Sierra 1500,SLE,8,Gasoline,153282.0,23/12/2025,Alberta,22750
2024,GMC,Sierra 1500,SLE,8,Gasoline,146606.0,23/12/2025,Alberta,25500
2024,GMC,Sierra 1500,Elevation,6,Diesel,38734.0,23/12/2025,Quebec,52200
2023,GMC,Sierra 1500,Elevation,8,Gasoline,56920.0,23/12/2025,Quebec,42250
2024,GMC,Sierra 1500,Elevation,8,Gasoline,31849.0,23/12/2025,Ontario,48750
2024,GMC,Sierra 1500,Elevation,8,Gasoline,24607.0,23/12/2025,Quebec,48500
2023,GMC,Sierra 1500,Elevation,8,Gasoline,69128.0,23/12/2025,Ontario,42750
2025,GMC,Sierra 1500,Elevation,8,Gasoline,4662.0,23/12/2025,Ontario,53250
2024,GMC,Terrain,Denali,4,Gasoline,19867.0,19/12/2025,Ontario,31400
2023,GMC,Sierra 1500,Denali,8,Gasoline,21062.0,19/12/2025,Ontario,68300
2024,GMC,Sierra 1500,Elevation,6,Diesel,40101.0,19/12/2025,Quebec,51200
2017,GMC,Canyon,4WD SLE,6,Gasoline,112149.0,19/12/2025,Saskatchewan,20000
2024,GMC,Sierra 3500HD,SLE,8,Gasoline,44442.0,19/12/2025,British Columbia,56000
2024,GMC,Sierra 3500HD,SLE,8,Diesel,65823.0,19/12/2025,British Columbia,65000
2017,GMC,Canyon,4WD SLE,6,Gasoline,112149.0,19/12/2025,Saskatchewan,20000
2023,GMC,Sierra 1500,SLE,4,Gasoline,143299.0,19/12/2025,Saskatchewan,22100
2024,GMC,Sierra 1500,Pro,8,Gasoline,22246.0,19/12/2025,New Brunswick,42500
2023,GMC,Savana Cargo Van,"RWD 2500 135""",6,Gasoline,30342.0,19/12/2025,Newfoundland and Labrador,30500
2023,GMC,Sierra 1500,AT4X,8,Gasoline,118898.0,19/12/2025,Saskatchewan,37000
2020,GMC,Terrain,SLE,4,Gasoline,64380.0,19/12/2025,Newfoundland and Labrador,15200
2018,GMC,Terrain,SLE,4,Gasoline,140944.0,19/12/2025,Newfoundland and Labrador,8000
2023,GMC,Sierra 1500,Elevation,8,Gasoline,117794.0,19/12/2025,Manitoba,35000
2023,GMC,Terrain,Denali,4,Gasoline,66646.0,18/12/2025,Ontario,25300
2023,GMC,Sierra 1500,Denali,8,Gasoline,60044.0,18/12/2025,Alberta,59700
2025,GMC,Yukon XL,Denali Ultimate,8,Gasoline,19015.0,18/12/2025,Ontario,123000
2022,GMC,Yukon,SLE,8,Gasoline,98807.0,18/12/2025,Quebec,44100
2020,GMC,Yukon,Denali,8,Gasoline,25839.0,18/12/2025,Quebec,55000
2025,GMC,Yukon,Denali Ultimate,8,Gasoline,22119.0,18/12/2025,Ontario,122800
2023,GMC,Yukon XL,SLT,8,Gasoline,118549.0,18/12/2025,Ontario,54500
2023,GMC,Savana Cargo Van,"RWD 2500 135""",6,Gasoline,32880.0,18/12/2025,Manitoba,32000
2025,GMC,Sierra 2500HD,AT4X,8,Diesel,12724.0,18/12/2025,Ontario,103750
2022,GMC,Canyon,4WD Elevation,6,Gasoline,37048.0,18/12/2025,British Columbia,38800
2016,GMC,Sierra 1500,REGULAR CAB LONG BED,6,Flex,27460.0,18/12/2025,Ontario,11500
2021,GMC,Sierra 1500,AT4,8,Gasoline,93446.0,18/12/2025,Saskatchewan,43000
2023,GMC,Sierra 1500,Pro,8,Gasoline,48014.0,18/12/2025,Ontario,33400
2023,GMC,Sierra 1500,Pro,8,Gasoline,49808.0,18/12/2025,Ontario,35800
2020,GMC,Sierra 1500,Elevation,8,Gasoline,160357.0,18/12/2025,Ontario,28500
2021,GMC,Sierra 1500,Elevation,6,Diesel,178074.0,18/12/2025,Ontario,28000
2024,GMC,Sierra 1500,Pro,8,Gasoline,24375.0,18/12/2025,New Brunswick,43600
2024,GMC,Sierra 1500,Pro,8,Gasoline,46521.0,18/12/2025,New Brunswick,42400
2024,GMC,Sierra 1500,SLE,8,Gasoline,46670.0,18/12/2025,New Brunswick,45200
2017,GMC,Sierra 2500HD,Denali,8,Diesel,117334.0,18/12/2025,Ontario,51250
2020,GMC,Sierra 1500,Elevation,8,Gasoline,160357.0,18/12/2025,Ontario,28500
2021,GMC,Sierra 1500,Elevation,6,Diesel,178074.0,18/12/2025,Ontario,28000
2024,GMC,Sierra 1500,Pro,8,Gasoline,24375.0,18/12/2025,New Brunswick,43600
2024,GMC,Sierra 1500,Pro,8,Gasoline,46521.0,18/12/2025,New Brunswick,42400
2024,GMC,Sierra 1500,SLE,8,Gasoline,46670.0,18/12/2025,New Brunswick,45200
2024,GMC,Sierra 1500,Elevation,8,Gasoline,89107.0,18/12/2025,Ontario,44750
2023,GMC,Sierra 1500,AT4,8,Gasoline,32074.0,18/12/2025,Ontario,63500
2021,GMC,Sierra 1500,Elevation,8,Gasoline,58734.0,18/12/2025,British Columbia,38500
2023,GMC,Savana Cargo Van,"RWD 2500 135""",6,Gasoline,38624.0,18/12/2025,Manitoba,33200
2023,GMC,Savana Cargo Van,"RWD 2500 135""",6,Gasoline,19710.0,18/12/2025,British Columbia,30800
2023,GMC,Savana Cargo Van,Other,6,Gasoline,36339.0,18/12/2025,Manitoba,32000
2023,GMC,Savana Cargo Van,"RWD 2500 135""",6,Gasoline,36873.0,18/12/2025,Manitoba,32400
2024,GMC,Sierra 1500,Denali,8,Gasoline,11847.0,18/12/2025,British Columbia,63000
2023,GMC,Terrain,Denali,4,Gasoline,34472.0,18/12/2025,Quebec,26000
2023,GMC,Terrain,SLE,4,Gasoline,62054.0,18/12/2025,Ontario,21500
2018,GMC,Sierra 1500,SLT,8,Hybrid,130799.0,18/12/2025,Ontario,21500
2024,GMC,Sierra 1500,SLE,8,Gasoline,7857.0,18/12/2025,Quebec,49500
2024,GMC,Sierra 1500,Denali,8,Gasoline,11847.0,18/12/2025,British Columbia,63000
2022,GMC,Terrain,Denali,4,Gasoline,94519.0,17/12/2025,Quebec,21400
2023,GMC,Sierra 1500,Elevation,8,Gasoline,40481.0,17/12/2025,Quebec,46700
2023,GMC,Yukon,Denali,8,Gasoline,50547.0,17/12/2025,Ontario,76250
2024,GMC,Sierra 2500HD,AT4,8,Diesel,88640.0,17/12/2025,Quebec,74750
2024,GMC,Sierra 2500HD,AT4,8,Diesel,65962.0,17/12/2025,Quebec,84250
2023,GMC,Sierra 2500HD,AT4,8,Diesel,88999.0,17/12/2025,Quebec,69000
2024,GMC,Sierra 2500HD,Denali,8,Diesel,39036.0,17/12/2025,Quebec,86200
2024,GMC,Sierra 2500HD,SLE,8,Gasoline,82339.0,17/12/2025,Alberta,35250
2022,GMC,Sierra 2500HD,SLE,8,Gasoline,127905.0,17/12/2025,Alberta,36900
2024,GMC,Sierra 2500HD,SLE,8,Gasoline,32700.0,17/12/2025,Ontario,53000
2023,GMC,Sierra 2500HD,SLE,8,Diesel,81054.0,17/12/2025,Ontario,53250
2020,GMC,Sierra 2500HD,Denali,8,Diesel,199504.0,17/12/2025,Ontario,49000
2021,GMC,Sierra 2500HD,Denali,8,Diesel,100559.0,17/12/2025,Ontario,65250
2021,GMC,Sierra 1500,AT4,8,Gasoline,102421.0,17/12/2025,Ontario,44000
2022,GMC,Sierra 1500 Limited,AT4,8,Gasoline,175369.0,17/12/2025,Quebec,27000
2023,GMC,Sierra 1500,Pro,4,Gasoline,36995.0,17/12/2025,Quebec,39000
2023,GMC,Sierra 1500,Pro,4,Gasoline,107326.0,17/12/2025,Ontario,33200
2023,GMC,Sierra 1500,SLE,4,Gasoline,66929.0,17/12/2025,Ontario,29500
2023,GMC,Sierra 1500,SLE,4,Gasoline,141741.0,17/12/2025,Alberta,25600
2022,GMC,Sierra 1500 Limited,SLE,8,Gasoline,135663.0,17/12/2025,Alberta,21800
2020,GMC,Sierra 1500,SLE,8,Gasoline,133046.0,17/12/2025,Alberta,18200
2019,GMC,Sierra 1500,Elevation,8,Gasoline,125192.0,17/12/2025,Ontario,30000
2023,GMC,Sierra 1500,SLE,8,Gasoline,136608.0,17/12/2025,Alberta,24900
2023,GMC,Sierra 1500,SLE,8,Gasoline,157708.0,17/12/2025,Alberta,23000
2023,GMC,Sierra 1500,SLE,8,Gasoline,126476.0,17/12/2025,Alberta,22000
2021,GMC,Sierra 1500,Elevation,8,Gasoline,122958.0,17/12/2025,Quebec,30800
2023,GMC,Sierra 1500,SLE,8,Gasoline,148219.0,17/12/2025,Alberta,25800
2023,GMC,Sierra 1500,Elevation,6,Diesel,77700.0,17/12/2025,Quebec,48500
2022,GMC,Sierra 1500,Elevation,8,Gasoline,150731.0,17/12/2025,Quebec,30000
2024,GMC,Sierra 2500HD,AT4,8,Diesel,88640.0,17/12/2025,Quebec,74750
2024,GMC,Sierra 2500HD,AT4,8,Diesel,65962.0,17/12/2025,Quebec,84250
2023,GMC,Sierra 2500HD,AT4,8,Diesel,88999.0,17/12/2025,Quebec,69000
2024,GMC,Sierra 2500HD,Denali,8,Diesel,39036.0,17/12/2025,Quebec,86200
2024,GMC,Sierra 2500HD,SLE,8,Gasoline,82339.0,17/12/2025,Alberta,35250
2022,GMC,Sierra 2500HD,SLE,8,Gasoline,127905.0,17/12/2025,Alberta,36900
2024,GMC,Sierra 2500HD,SLE,8,Gasoline,32700.0,17/12/2025,Ontario,53000
2023,GMC,Sierra 2500HD,SLE,8,Diesel,81054.0,17/12/2025,Ontario,53250
2020,GMC,Sierra 2500HD,Denali,8,Diesel,199504.0,17/12/2025,Ontario,49000
2021,GMC,Sierra 2500HD,Denali,8,Diesel,100559.0,17/12/2025,Ontario,65250
2020,GMC,Sierra 2500HD,Denali,8,Diesel,35828.0,17/12/2025,Quebec,77400
2024,GMC,Sierra 3500HD,Denali Ultimate,8,Diesel,34051.0,17/12/2025,Ontario,94250
2024,GMC,Sierra 1500,AT4,6,Diesel,88778.0,17/12/2025,Quebec,58250
2024,GMC,Sierra 1500,AT4,6,Diesel,45951.0,17/12/2025,Quebec,63500
2023,GMC,Sierra 1500,AT4,8,Gasoline,57938.0,17/12/2025,Quebec,60400
2024,GMC,Sierra 1500,Denali,6,Diesel,50370.0,17/12/2025,Ontario,54000
2023,GMC,Sierra 1500,Denali,8,Gasoline,42007.0,17/12/2025,Quebec,60200
2024,GMC,Sierra 1500,Denali,8,Gasoline,49915.0,17/12/2025,Quebec,66750
2024,GMC,Sierra 1500,Denali,8,Gasoline,20703.0,17/12/2025,Quebec,74000
2023,GMC,Sierra 1500,Denali Ultimate,8,Gasoline,63060.0,17/12/2025,Ontario,70500
2023,GMC,Savana Cargo Van,"RWD 2500 135""",6,Gasoline,24238.0,17/12/2025,Quebec,30500
2023,GMC,Savana Cargo Van,Other,6,Gasoline,25159.0,17/12/2025,Alberta,30200
2023,GMC,Terrain,Denali,4,Gasoline,83810.0,17/12/2025,Ontario,23250
2024,GMC,Terrain,SLE,4,Gasoline,62676.0,17/12/2025,Alberta,24900
2024,GMC,Terrain,SLE,4,Gasoline,23192.0,17/12/2025,Quebec,24800
2024,GMC,Terrain,SLE,4,Gasoline,36652.0,17/12/2025,Ontario,23500
2022,GMC,Terrain,SLE,4,Gasoline,82740.0,17/12/2025,Quebec,16000
2022,GMC,Terrain,SLE,4,Gasoline,77132.0,17/12/2025,Ontario,20000
2021,GMC,Terrain,SLE,4,Gasoline,133550.0,17/12/2025,Quebec,10800
2022,GMC,Terrain,SLE,4,Gasoline,53604.0,17/12/2025,Ontario,21100
2023,GMC,Sierra 1500,SLT,8,Gasoline,30576.0,17/12/2025,Ontario,49750
2023,GMC,Sierra 1500,SLT,8,Gasoline,25373.0,17/12/2025,Quebec,50000
2024,GMC,Sierra 1500,AT4,6,Diesel,38616.0,17/12/2025,Ontario,62250
2024,GMC,Sierra 1500,AT4,6,Diesel,15181.0,17/12/2025,Ontario,63000
2022,GMC,Sierra 1500,AT4,6,Diesel,59651.0,17/12/2025,Quebec,51750
2024,GMC,Sierra 1500,Denali,6,Diesel,40838.0,17/12/2025,Ontario,62000
2024,GMC,Sierra 1500,Denali,6,Diesel,52979.0,17/12/2025,Ontario,62250
2022,GMC,Sierra 1500,Denali,8,Gasoline,59096.0,17/12/2025,Ontario,47750
2023,GMC,Sierra 1500,Denali,8,Gasoline,52049.0,17/12/2025,Quebec,52500
2023,GMC,Sierra 1500,Denali,8,Gasoline,60114.0,17/12/2025,Ontario,50750
2021,GMC,Sierra 1500,Elevation,6,Diesel,61713.0,17/12/2025,Ontario,34250
2023,GMC,Sierra 1500,Pro,8,Gasoline,95921.0,17/12/2025,Quebec,31600
2023,GMC,Sierra 1500,Pro,8,Gasoline,30969.0,17/12/2025,Quebec,36000
2023,GMC,Sierra 1500,Pro,8,Gasoline,32533.0,17/12/2025,Quebec,32200
2024,GMC,Sierra 1500,SLE,6,Diesel,38847.0,17/12/2025,Quebec,48250
2024,GMC,Sierra 1500,Elevation,6,Diesel,23048.0,17/12/2025,Ontario,50250
2024,GMC,Sierra 1500,Elevation,6,Diesel,47474.0,17/12/2025,Quebec,50500
2024,GMC,Sierra 1500,Elevation,6,Diesel,42615.0,17/12/2025,Ontario,48750
2024,GMC,Sierra 1500,Elevation,6,Diesel,53662.0,17/12/2025,Ontario,49250
2024,GMC,Sierra 1500,Elevation,6,Diesel,45238.0,17/12/2025,Quebec,52000
2022,GMC,Terrain,SLE,4,Gasoline,82740.0,17/12/2025,Quebec,16000
2022,GMC,Terrain,SLE,4,Gasoline,77132.0,17/12/2025,Ontario,20000
2021,GMC,Terrain,SLE,4,Gasoline,133550.0,17/12/2025,Quebec,10800
2022,GMC,Terrain,SLE,4,Gasoline,53604.0,17/12/2025,Ontario,21100
2022,GMC,Terrain,SLT,4,Gasoline,87061.0,17/12/2025,Ontario,19500
2023,GMC,Sierra 1500,Pro,4,Gasoline,28910.0,17/12/2025,Ontario,32750
2022,GMC,Sierra 1500,Pro,4,Gasoline,51157.0,17/12/2025,Ontario,31500
2024,GMC,Sierra 1500,Elevation,4,Gasoline,37072.0,17/12/2025,Quebec,43000
2024,GMC,Sierra 1500,Elevation,4,Gasoline,62780.0,17/12/2025,Ontario,40250
2024,GMC,Sierra 1500,Elevation,4,Gasoline,53745.0,17/12/2025,Quebec,42750
2022,GMC,Sierra 1500,Elevation,4,Gasoline,61964.0,17/12/2025,Quebec,36100
2016,GMC,Sierra 1500,Denali,8,Gasoline,150470.0,17/12/2025,Ontario,16750
2015,GMC,Sierra 1500,CREW CAB SHORT BED,6,Flex,95730.0,17/12/2025,Ontario,15800
2021,GMC,Sierra 1500,Elevation,6,Diesel,61713.0,17/12/2025,Ontario,34250
2023,GMC,Sierra 1500,Pro,8,Gasoline,95921.0,17/12/2025,Quebec,31600
2023,GMC,Sierra 1500,Pro,8,Gasoline,30969.0,17/12/2025,Quebec,36000
2023,GMC,Sierra 1500,Pro,8,Gasoline,32533.0,17/12/2025,Quebec,32200
2024,GMC,Sierra 1500,SLE,6,Diesel,38847.0,17/12/2025,Quebec,48250
2024,GMC,Sierra 1500,Elevation,6,Diesel,23048.0,17/12/2025,Ontario,50250
2022,GMC,Sierra 1500,AT4,6,Diesel,59651.0,17/12/2025,Quebec,51750
2024,GMC,Sierra 1500,Denali,6,Diesel,40838.0,17/12/2025,Ontario,62000
2024,GMC,Sierra 1500,Denali,6,Diesel,52979.0,17/12/2025,Ontario,62250
2022,GMC,Sierra 1500,Denali,8,Gasoline,59096.0,17/12/2025,Ontario,47750
2023,GMC,Sierra 1500,Denali,8,Gasoline,52049.0,17/12/2025,Quebec,52500
2023,GMC,Sierra 1500,Denali,8,Gasoline,60114.0,17/12/2025,Ontario,50750
2023,GMC,Sierra 1500,Denali,8,Gasoline,42350.0,17/12/2025,Ontario,56000
2023,GMC,Sierra 1500,Denali,8,Gasoline,76868.0,17/12/2025,Quebec,47500
2023,GMC,Sierra 1500,Denali,8,Gasoline,28475.0,17/12/2025,Ontario,54500
2023,GMC,Sierra 1500,Denali,8,Gasoline,49913.0,17/12/2025,Ontario,52500
2023,GMC,Sierra 1500,Denali,8,Gasoline,43623.0,17/12/2025,Quebec,53250
2023,GMC,Sierra 1500,Denali,8,Gasoline,31115.0,17/12/2025,Quebec,55750
2024,GMC,Terrain,Denali,4,Gasoline,33765.0,16/12/2025,Ontario,30600
2024,GMC,Terrain,Denali,4,Gasoline,41124.0,16/12/2025,Ontario,29300
2021,GMC,Yukon,AT4,8,Gasoline,150698.0,16/12/2025,Nova Scotia,46400
2023,GMC,Sierra 2500HD,SLE,8,Gasoline,113110.0,16/12/2025,Alberta,34200
2023,GMC,Sierra 2500HD,SLE,8,Gasoline,89289.0,16/12/2025,Alberta,34750
2023,GMC,Sierra 2500HD,SLE,8,Gasoline,101792.0,16/12/2025,Alberta,36750
2024,GMC,Sierra 2500HD,SLE,8,Gasoline,89577.0,16/12/2025,Alberta,38750
2024,GMC,Sierra 2500HD,SLE,8,Gasoline,87498.0,16/12/2025,Alberta,38750
2024,GMC,Sierra 2500HD,SLE,8,Gasoline,91991.0,16/12/2025,Alberta,41750
2024,GMC,Sierra 3500HD,Pro,8,Gasoline,26190.0,16/12/2025,Nova Scotia,54400
2024,GMC,Sierra 2500HD,SLE,8,Gasoline,41492.0,16/12/2025,Alberta,56000
2023,GMC,Sierra 2500HD,SLE,8,Gasoline,67148.0,16/12/2025,Alberta,49000
2024,GMC,Sierra 3500HD,SLE,8,Gasoline,69602.0,16/12/2025,Alberta,53600
2021,GMC,Yukon,AT4,8,Gasoline,150698.0,16/12/2025,Nova Scotia,46400
2023,GMC,Sierra 2500HD,SLE,8,Gasoline,113110.0,16/12/2025,Alberta,34200
2023,GMC,Sierra 2500HD,SLE,8,Gasoline,89289.0,16/12/2025,Alberta,34750
2023,GMC,Sierra 1500,SLE,8,Gasoline,114106.0,16/12/2025,Alberta,27300
2020,GMC,Sierra 1500,Elevation,6,Diesel,147289.0,16/12/2025,Nova Scotia,30400
2024,GMC,Sierra 1500,Pro,8,Gasoline,56488.0,16/12/2025,Nova Scotia,37200
2023,GMC,Sierra 1500,SLE,8,Gasoline,146238.0,16/12/2025,Alberta,28250
2024,GMC,Sierra 1500,SLE,8,Gasoline,26524.0,16/12/2025,Alberta,46500
2023,GMC,Sierra 1500,SLE,8,Gasoline,134214.0,16/12/2025,Alberta,32250
2024,GMC,Sierra 1500,SLE,8,Gasoline,139147.0,16/12/2025,Alberta,31000
2021,GMC,Sierra 2500HD,SLE,8,Gasoline,111533.0,16/12/2025,Alberta,34000
2022,GMC,Sierra 2500HD,SLE,8,Gasoline,96986.0,16/12/2025,Alberta,37500
2022,GMC,Sierra 2500HD,SLE,8,Gasoline,98340.0,16/12/2025,Alberta,29500
2024,GMC,Sierra 2500HD,SLE,8,Gasoline,74227.0,16/12/2025,Alberta,39000
2024,GMC,Sierra 2500HD,SLE,8,Gasoline,89577.0,16/12/2025,Alberta,38750
2024,GMC,Sierra 2500HD,SLE,8,Gasoline,87498.0,16/12/2025,Alberta,38750
2024,GMC,Sierra 2500HD,SLE,8,Gasoline,91991.0,16/12/2025,Alberta,41750
2024,GMC,Sierra 3500HD,Pro,8,Gasoline,26190.0,16/12/2025,Nova Scotia,54400
2024,GMC,Sierra 2500HD,SLE,8,Gasoline,41492.0,16/12/2025,Alberta,56000
2023,GMC,Sierra 2500HD,SLE,8,Gasoline,67148.0,16/12/2025,Alberta,49000
2024,GMC,Sierra 3500HD,SLE,8,Gasoline,69602.0,16/12/2025,Alberta,53600
2022,GMC,Sierra 1500,AT4,6,Diesel,57479.0,16/12/2025,Nova Scotia,50800
2022,GMC,Sierra 1500,Denali,8,Gasoline,73573.0,16/12/2025,Saskatchewan,39500
2024,GMC,Terrain,Denali,4,Gasoline,17704.0,16/12/2025,Alberta,31250
2018,GMC,Sierra 1500,SLE,8,Gasoline,155456.0,16/12/2025,Nova Scotia,12000
2022,GMC,Sierra 1500 Limited,Denali,8,Gasoline,101217.0,16/12/2025,Saskatchewan,28100
2023,GMC,Sierra 1500,SLE,8,Gasoline,128800.0,16/12/2025,Alberta,28600
2025,GMC,Sierra 1500,Elevation,6,Diesel,8373.0,16/12/2025,Alberta,60500
2024,GMC,Sierra 1500,Elevation,8,Gasoline,44033.0,16/12/2025,Nova Scotia,49200
2023,GMC,Sierra 1500,SLE,8,Gasoline,132238.0,15/12/2025,Alberta,25250
2022,GMC,Terrain,SLE,4,Gasoline,53594.0,12/12/2025,Quebec,22100
2022,GMC,Yukon,SLT,8,Gasoline,47767.0,12/12/2025,Ontario,54200
2020,GMC,Yukon,Denali,8,Gasoline,134239.0,12/12/2025,Saskatchewan,38500
2023,GMC,Canyon,AT4,4,Gasoline,56843.0,12/12/2025,Saskatchewan,45000
2015,GMC,Sierra 2500HD,SLE,8,Flex,173522.0,12/12/2025,Saskatchewan,16750
2024,GMC,Sierra 3500HD,Denali,8,Diesel,38001.0,12/12/2025,Saskatchewan,86250
2020,GMC,Savana Cargo Van,"RWD 2500 135""",8,Flex,109051.0,12/12/2025,Newfoundland and Labrador,16400
2017,GMC,Terrain,SLE,6,Gasoline,138095.0,12/12/2025,Newfoundland and Labrador,4000
2017,GMC,Terrain,SLE,4,Gasoline,136575.0,12/12/2025,Newfoundland and Labrador,2800
2022,GMC,Terrain,SLT,4,Gasoline,67140.0,12/12/2025,Newfoundland and Labrador,17500
2023,GMC,Terrain,SLE,4,Gasoline,104586.0,12/12/2025,Newfoundland and Labrador,16200
2022,GMC,Terrain,SLT,4,Gasoline,107827.0,12/12/2025,Newfoundland and Labrador,13400
2017,GMC,Sierra 1500,SLE,8,Gasoline,129177.0,12/12/2025,Newfoundland and Labrador,16200
2024,GMC,Terrain,Denali,4,Gasoline,24470.0,11/12/2025,Ontario,31900
2024,GMC,Acadia,Denali,4,Gasoline,17297.0,11/12/2025,Ontario,62750
2023,GMC,Acadia,SLE,4,Gasoline,73588.0,11/12/2025,Quebec,29500
2023,GMC,Acadia,SLT,4,Gasoline,44011.0,11/12/2025,British Columbia,29700
2023,GMC,Yukon,SLT,8,Gasoline,35840.0,11/12/2025,British Columbia,63800
2026,GMC,Yukon XL,Elevation,6,Diesel,339.0,11/12/2025,Ontario,97000
2023,GMC,Yukon XL,SLT,8,Gasoline,52380.0,11/12/2025,British Columbia,71200
2024,GMC,Yukon XL,SLT,6,Diesel,53740.0,11/12/2025,British Columbia,77500
2023,GMC,Savana Cargo Van,Other,6,Gasoline,28307.0,11/12/2025,Ontario,30200
2016,GMC,Canyon,4WD SLE,6,Gasoline,121344.0,11/12/2025,Quebec,15000
2021,GMC,Canyon,4WD Elevation,6,Gasoline,125613.0,11/12/2025,New Brunswick,25500
2022,GMC,Canyon,4WD Elevation,6,Gasoline,77111.0,11/12/2025,British Columbia,34000
2023,GMC,Canyon,AT4,4,Gasoline,5491.0,11/12/2025,Ontario,48800
2019,GMC,Sierra 1500,CREW CAB SHORT BED,6,Gasoline,151180.0,11/12/2025,Ontario,16700
2019,GMC,Sierra 1500,AT4,8,Gasoline,91361.0,11/12/2025,Ontario,39200
2020,GMC,Sierra 1500,AT4,8,Gasoline,110240.0,11/12/2025,Ontario,40600
2022,GMC,Canyon,4WD Elevation,6,Gasoline,77111.0,11/12/2025,British Columbia,34000
2023,GMC,Canyon,AT4,4,Gasoline,5491.0,11/12/2025,Ontario,48800
2019,GMC,Sierra 1500,CREW CAB SHORT BED,6,Gasoline,151180.0,11/12/2025,Ontario,16700
2019,GMC,Sierra 1500,AT4,8,Gasoline,91361.0,11/12/2025,Ontario,39200
2020,GMC,Sierra 1500,AT4,8,Gasoline,110240.0,11/12/2025,Ontario,40600
2021,GMC,Sierra 1500,AT4,8,Gasoline,64624.0,11/12/2025,Ontario,46900
2022,GMC,Sierra 1500,Pro,4,Gasoline,69369.0,11/12/2025,British Columbia,31300
2023,GMC,Sierra 1500,Pro,4,Gasoline,32890.0,11/12/2025,Manitoba,40400
2022,GMC,Sierra 1500,AT4,8,Gasoline,125048.0,11/12/2025,Manitoba,45800
2021,GMC,Sierra 1500,Elevation,4,Gasoline,137881.0,11/12/2025,Ontario,27400
2023,GMC,Sierra 1500,Pro,8,Gasoline,20203.0,11/12/2025,New Brunswick,40500
2022,GMC,Sierra 1500 Limited,Elevation,8,Gasoline,71330.0,11/12/2025,Ontario,43500
2022,GMC,Sierra 1500 Limited,Elevation,8,Gasoline,93935.0,11/12/2025,Ontario,41750
2021,GMC,Sierra 1500,AT4,6,Diesel,94046.0,11/12/2025,Ontario,43700
2024,GMC,Sierra 1500,SLE,8,Gasoline,33625.0,11/12/2025,New Brunswick,46500
2023,GMC,Sierra 1500,AT4,6,Diesel,47787.0,11/12/2025,British Columbia,61300
2024,GMC,Sierra 1500,Denali,8,Gasoline,42823.0,11/12/2025,Ontario,67500
2022,GMC,Sierra 1500,Denali,6,Diesel,127533.0,11/12/2025,Ontario,49500
2016,GMC,Sierra 1500,"4WD DOUBLE CAB 143.5""",8,Gasoline,189287.0,11/12/2025,Quebec,13200
2014,GMC,Sierra 1500,SLE,6,Flex,186040.0,11/12/2025,Ontario,6700
2023,GMC,Savana Cargo Van,Other,6,Gasoline,25306.0,11/12/2025,Ontario,30300
2023,GMC,Savana Cargo Van,Other,6,Gasoline,21229.0,11/12/2025,Ontario,30800
2023,GMC,Savana Cargo Van,"RWD 2500 135""",6,Gasoline,21987.0,11/12/2025,British Columbia,30500
2023,GMC,Savana Cargo Van,"RWD 2500 135""",6,Gasoline,16667.0,11/12/2025,British Columbia,30800
2023,GMC,Savana Cargo Van,Other,6,Gasoline,28703.0,11/12/2025,British Columbia,29100
2024,GMC,Terrain,Denali,4,Gasoline,42502.0,11/12/2025,British Columbia,31900
2024,GMC,Terrain,AT4,4,Gasoline,36107.0,11/12/2025,Ontario,28200
2018,GMC,Terrain,SLE,4,Gasoline,97462.0,11/12/2025,New Brunswick,11200
2024,GMC,Terrain,SLE,4,Gasoline,33907.0,11/12/2025,Ontario,23500
2018,GMC,Sierra 1500,SLE,8,Gasoline,162766.0,11/12/2025,Manitoba,11600
2018,GMC,Sierra 1500,Denali,8,Gasoline,171554.0,11/12/2025,British Columbia,17000
2024,GMC,Sierra 1500,Elevation,6,Diesel,35238.0,11/12/2025,New Brunswick,49000
2023,GMC,Sierra 1500,Denali,6,Diesel,76795.0,10/12/2025,Ontario,53300
2024,GMC,HUMMER EV SUV,3X,E,Electric,48029.0,10/12/2025,Quebec,89000
2024,GMC,Acadia,Elevation,4,Gasoline,137897.0,10/12/2025,Quebec,32900
2023,GMC,Acadia,SLE,4,Gasoline,68760.0,10/12/2025,Ontario,29500
2020,GMC,Acadia,SLE,6,Gasoline,58093.0,10/12/2025,Ontario,26500
2023,GMC,Acadia,SLE,6,Gasoline,46914.0,10/12/2025,Quebec,34000
2023,GMC,Yukon,SLT,8,Gasoline,41031.0,10/12/2025,Quebec,73750
2024,GMC,Yukon,SLT,8,Gasoline,60259.0,10/12/2025,Quebec,72000
2020,GMC,Yukon,Denali,8,Gasoline,110324.0,10/12/2025,Quebec,42500
2022,GMC,Yukon,Denali,8,Gasoline,77443.0,10/12/2025,Quebec,65000
2023,GMC,Yukon,Denali,8,Gasoline,68091.0,10/12/2025,Quebec,74000
2024,GMC,Yukon,Denali Ultimate,6,Diesel,95054.0,10/12/2025,Ontario,89500
2022,GMC,Canyon,4WD Elevation,6,Gasoline,44599.0,10/12/2025,Ontario,37000
2021,GMC,Canyon,4WD Denali,6,Gasoline,71551.0,10/12/2025,Quebec,35750
2022,GMC,Canyon,4WD AT4 w/Cloth,6,Gasoline,83713.0,10/12/2025,Ontario,33500
2023,GMC,Canyon,Elevation,4,Gasoline,21471.0,10/12/2025,Quebec,45750
2023,GMC,Canyon,AT4,4,Gasoline,30312.0,10/12/2025,Ontario,47000
2023,GMC,Canyon,Denali,4,Gasoline,57951.0,10/12/2025,Alberta,46500
2020,GMC,Sierra 1500,AT4,8,Gasoline,177694.0,10/12/2025,Ontario,31750
2024,GMC,Sierra 1500,Pro,4,Gasoline,43757.0,10/12/2025,Quebec,37000
2024,GMC,Sierra 1500,Pro,4,Gasoline,38143.0,10/12/2025,Quebec,34000
2024,GMC,Sierra 1500,Pro,4,Gasoline,29960.0,10/12/2025,Quebec,38400
2022,GMC,Sierra 1500,Pro,4,Gasoline,88950.0,10/12/2025,Quebec,32000
2023,GMC,Sierra 1500,Pro,4,Gasoline,46495.0,10/12/2025,Alberta,33500
2023,GMC,Sierra 1500,Elevation,4,Gasoline,66669.0,10/12/2025,Quebec,44200
2023,GMC,Sierra 1500,Elevation,4,Gasoline,59540.0,10/12/2025,Quebec,44800
2019,GMC,Sierra 1500,"4WD DOUBLE CAB 147""",8,Gasoline,114826.0,10/12/2025,Quebec,25000
2022,GMC,Sierra 1500 Limited,Elevation,4,Gasoline,184288.0,10/12/2025,Quebec,17200
2019,GMC,Sierra 1500,Elevation,8,Gasoline,200491.0,10/12/2025,Ontario,20500
2019,GMC,Sierra 1500,SLT,8,Gasoline,128274.0,10/12/2025,Quebec,31500
2024,GMC,Sierra 1500,Elevation,6,Diesel,68420.0,10/12/2025,Quebec,54800
2024,GMC,Sierra 1500,Elevation,8,Gasoline,42733.0,10/12/2025,Alberta,57000
2019,GMC,Sierra 2500HD,CREW CAB STD BED,8,Flex,130117.0,10/12/2025,Quebec,27200
2016,GMC,Sierra 2500HD,SLT,8,Diesel,195500.0,10/12/2025,Ontario,34250
2016,GMC,Sierra 2500HD,Denali,8,Diesel,63785.0,10/12/2025,Ontario,56000
2024,GMC,Sierra 2500HD,SLE,8,Diesel,72091.0,10/12/2025,Ontario,62500
2021,GMC,Canyon,4WD Denali,6,Gasoline,71551.0,10/12/2025,Quebec,35750
2022,GMC,Canyon,4WD AT4 w/Cloth,6,Gasoline,83713.0,10/12/2025,Ontario,33500
2023,GMC,Canyon,Elevation,4,Gasoline,21471.0,10/12/2025,Quebec,45750
2023,GMC,Canyon,AT4,4,Gasoline,30312.0,10/12/2025,Ontario,47000
2023,GMC,Canyon,Denali,4,Gasoline,57951.0,10/12/2025,Alberta,46500
2020,GMC,Sierra 1500,AT4,8,Gasoline,177694.0,10/12/2025,Ontario,31750
2024,GMC,Sierra 1500,Pro,4,Gasoline,43757.0,10/12/2025,Quebec,37000
2024,GMC,Sierra 1500,Pro,4,Gasoline,38143.0,10/12/2025,Quebec,34000
2024,GMC,Sierra 1500,Pro,4,Gasoline,29960.0,10/12/2025,Quebec,38400
2022,GMC,Sierra 1500,Pro,4,Gasoline,88950.0,10/12/2025,Quebec,32000
2023,GMC,Sierra 1500,Pro,4,Gasoline,46495.0,10/12/2025,Alberta,33500
2023,GMC,Sierra 1500,Elevation,4,Gasoline,66669.0,10/12/2025,Quebec,44200
2023,GMC,Sierra 1500,Elevation,4,Gasoline,59540.0,10/12/2025,Quebec,44800
2019,GMC,Sierra 1500,"4WD DOUBLE CAB 147""",8,Gasoline,114826.0,10/12/2025,Quebec,25000
2022,GMC,Sierra 1500 Limited,Elevation,4,Gasoline,184288.0,10/12/2025,Quebec,17200
2019,GMC,Sierra 1500,Elevation,8,Gasoline,200491.0,10/12/2025,Ontario,20500
2019,GMC,Sierra 1500,SLT,8,Gasoline,128274.0,10/12/2025,Quebec,31500
2024,GMC,Sierra 1500,Elevation,6,Diesel,68420.0,10/12/2025,Quebec,54800
2024,GMC,Sierra 1500,Elevation,8,Gasoline,42733.0,10/12/2025,Alberta,57000
2024,GMC,Sierra 1500,Elevation,8,Gasoline,66813.0,10/12/2025,Ontario,51750
2023,GMC,Sierra 1500,Elevation,8,Gasoline,94394.0,10/12/2025,Ontario,47500
2023,GMC,Sierra 1500,AT4,6,Diesel,97081.0,10/12/2025,Quebec,48500
2023,GMC,Sierra 1500,AT4,8,Gasoline,76381.0,10/12/2025,Quebec,57200
2024,GMC,Sierra 1500,AT4,8,Gasoline,32848.0,10/12/2025,Quebec,65000
2022,GMC,Sierra 1500,AT4,6,Diesel,58032.0,10/12/2025,Ontario,56750
2023,GMC,Sierra 1500,Denali,8,Gasoline,75331.0,10/12/2025,Alberta,58900
2024,GMC,Sierra 1500,Denali,8,Gasoline,36084.0,10/12/2025,Ontario,67750
2023,GMC,Sierra 1500,Denali,8,Gasoline,66455.0,10/12/2025,Alberta,57500
2017,GMC,Sierra 1500,SLT,8,Gasoline,140605.0,10/12/2025,Ontario,25250
2023,GMC,Savana Cargo Van,"RWD 2500 135""",6,Gasoline,39171.0,10/12/2025,Quebec,30500
2018,GMC,Savana Cargo Van,"RWD 2500 135""",6,Gasoline,136621.0,10/12/2025,Quebec,16200
2022,GMC,Terrain,SLT,4,Gasoline,88078.0,10/12/2025,Ontario,22000
2023,GMC,Terrain,Denali,4,Gasoline,43525.0,10/12/2025,Quebec,27100
2022,GMC,Terrain,AT4,4,Gasoline,45680.0,10/12/2025,Quebec,24200
2022,GMC,Terrain,SLE,4,Gasoline,47065.0,10/12/2025,Quebec,18600
2022,GMC,Terrain,SLE,4,Gasoline,38186.0,10/12/2025,Ontario,23250
2022,GMC,Terrain,SLE,4,Gasoline,71700.0,10/12/2025,Quebec,19100
2015,Honda,CRV,EX,4,Gasoline,145418.0,02/01/2026,Saskatchewan,13300
2023,Honda,Accord Sedan,EX,4,Gasoline,54544.0,31/12/2025,Quebec,28000
2022,Honda,Civic Hatchback,Sport,4,Gasoline,48001.0,30/12/2025,Quebec,23700
2022,Honda,Civic Hatchback,Sport,4,Gasoline,67431.0,30/12/2025,Quebec,22000
2016,Honda,Accord Sedan,EXL,4,Gasoline,122482.0,30/12/2025,British Columbia,14700
2018,Honda,Accord Sedan,Touring,4,Gasoline,76013.0,30/12/2025,Quebec,19700
2023,Honda,Accord Sedan,EX,4,Gasoline,74977.0,30/12/2025,Alberta,28100
2024,Honda,CRV Hybrid,EXL,4,Hybrid,13542.0,30/12/2025,Quebec,33100
2018,Honda,Civic Sedan,EXT,4,Gasoline,168267.0,30/12/2025,Quebec,11200
2016,Honda,Civic Sedan,LX,4,Gasoline,154447.0,30/12/2025,British Columbia,7100
2016,Honda,Civic Sedan,LX,4,Gasoline,141617.0,30/12/2025,Nova Scotia,7600
2021,Honda,Civic Sedan,EX,4,Gasoline,154753.0,30/12/2025,Quebec,14000
2025,Honda,Civic Sedan Hybrid,Sport,4,Hybrid,30572.0,30/12/2025,Quebec,31800
2023,Honda,CRV,SPORTB,4,Gasoline,35462.0,30/12/2025,Ontario,31700
2017,Honda,HRV,EXL,4,Gasoline,95944.0,30/12/2025,British Columbia,14250
2016,Honda,Accord Sedan,EXL,4,Gasoline,122482.0,30/12/2025,British Columbia,14700
2018,Honda,Accord Sedan,Touring,4,Gasoline,76013.0,30/12/2025,Quebec,19700
2023,Honda,Accord Sedan,EX,4,Gasoline,74977.0,30/12/2025,Alberta,28100
2015,Honda,Fit,LX,4,Gasoline,149847.0,30/12/2025,Quebec,5000
2020,Honda,Pilot,EXL Navi,6,Gasoline,63693.0,30/12/2025,British Columbia,35750
2019,Honda,Ridgeline,Sport,6,Gasoline,191079.0,30/12/2025,British Columbia,20600
2023,Honda,Ridgeline,Black Edition,6,Gasoline,26505.0,30/12/2025,British Columbia,37250
2017,Honda,Civic Hatchback,LX,4,Gasoline,134422.0,29/12/2025,Manitoba,12000
2015,Honda,Civic Sedan,EX,4,Gasoline,135104.0,24/12/2025,Quebec,5000
2019,Honda,Civic Coupe,Sport,4,Gasoline,123757.0,24/12/2025,Alberta,11000
2023,Honda,CRV,SPORTB,4,Gasoline,81674.0,23/12/2025,Ontario,28250
2023,Honda,CRV,EXL,4,Gasoline,110592.0,23/12/2025,Quebec,27500
2023,Honda,CRV Hybrid,Touring,4,Hybrid,112590.0,23/12/2025,Ontario,29000
2020,Honda,Civic Sedan,Touring,4,Gasoline,158692.0,23/12/2025,Nova Scotia,14200
2017,Honda,Civic Sedan,Touring,4,Gasoline,131716.0,23/12/2025,British Columbia,13600
2016,Honda,Civic Sedan,Touring,4,Gasoline,177815.0,23/12/2025,Ontario,10750
2022,Honda,CRV,LX,4,Gasoline,37270.0,23/12/2025,Quebec,25000
2021,Honda,CRV,Sport,4,Gasoline,67846.0,23/12/2025,Quebec,27200
2022,Honda,CRV,Sport,4,Gasoline,106649.0,23/12/2025,Ontario,24250
2018,Honda,CRV,EX,4,Gasoline,125589.0,23/12/2025,Quebec,18800
2018,Honda,CRV,EX,4,Gasoline,92529.0,23/12/2025,British Columbia,21000
2020,Honda,CRV,EXL,4,Gasoline,95864.0,23/12/2025,Ontario,22900
2019,Honda,CRV,EXL,4,Gasoline,89488.0,23/12/2025,Ontario,22000
2019,Honda,Civic Sedan,LX,4,Gasoline,146401.0,23/12/2025,Ontario,12500
2023,Honda,Civic Sedan,Touring,4,Gasoline,99536.0,23/12/2025,Ontario,22000
2024,Honda,Civic Sedan,Touring,4,Gasoline,49667.0,23/12/2025,Quebec,25000
2022,Honda,Civic Sedan,EX,4,Gasoline,74813.0,23/12/2025,Quebec,18200
2022,Honda,Civic Sedan,EX,4,Gasoline,82091.0,23/12/2025,Quebec,19400
2025,Honda,Civic Sedan,Sport,4,Gasoline,34267.0,23/12/2025,Ontario,27500
2023,Honda,Civic Sedan,Sport,4,Gasoline,93226.0,23/12/2025,Nova Scotia,20200
2025,Honda,Civic Sedan,Sport,4,Gasoline,15696.0,23/12/2025,Nova Scotia,27000
2010,Honda,Civic Cpe,LX,4,Gasoline,145110.0,23/12/2025,British Columbia,3900
2019,Honda,CRV,EXL,4,Gasoline,89488.0,23/12/2025,Ontario,22000
2022,Honda,CRV,LX,4,Gasoline,37270.0,23/12/2025,Quebec,25000
2021,Honda,CRV,Sport,4,Gasoline,67846.0,23/12/2025,Quebec,27200
2022,Honda,CRV,Sport,4,Gasoline,106649.0,23/12/2025,Ontario,24250
2018,Honda,CRV,EX,4,Gasoline,125589.0,23/12/2025,Quebec,18800
2018,Honda,CRV,EX,4,Gasoline,92529.0,23/12/2025,British Columbia,21000
2020,Honda,CRV,EXL,4,Gasoline,95864.0,23/12/2025,Ontario,22900
2016,Honda,Odyssey,EXL,6,Gasoline,252338.0,23/12/2025,Ontario,7900
2021,Honda,HRV,Sport,4,Gasoline,66451.0,23/12/2025,Quebec,22000
2022,Honda,HRV,Sport,4,Gasoline,29387.0,23/12/2025,Quebec,24100
2016,Honda,Odyssey,EXL,6,Gasoline,252338.0,23/12/2025,Ontario,7900
2020,Honda,Odyssey,EXL,6,Gasoline,124969.0,23/12/2025,Alberta,25800
2022,Honda,Odyssey,EXL,6,Gasoline,104625.0,23/12/2025,Manitoba,32100
2021,Honda,Pilot,Black Edition,6,Gasoline,77981.0,23/12/2025,Quebec,35200
2022,Honda,Pilot,EXL Navi,6,Gasoline,84328.0,23/12/2025,Quebec,29000
2022,Honda,Pilot,Touring 8Passenger,6,Gasoline,78417.0,23/12/2025,Quebec,38000
2016,Honda,Pilot,Touring,6,Gasoline,137748.0,23/12/2025,Quebec,16000
2022,Honda,Passport,Touring,6,Gasoline,98331.0,23/12/2025,Ontario,33250
2025,Honda,Pilot,Touring,6,Gasoline,17445.0,23/12/2025,Ontario,57000
2025,Honda,Pilot,Black Edition,6,Gasoline,96379.0,23/12/2025,British Columbia,47500
2016,Honda,Accord Sedan,Sport w/Honda Sensing,4,Gasoline,193591.0,19/12/2025,Ontario,8500
2018,Honda,Accord Sedan,LX,4,Gasoline,113869.0,19/12/2025,Newfoundland and Labrador,4000
2019,Honda,CRV,LX,4,Gasoline,218975.0,19/12/2025,Saskatchewan,12500
2021,Honda,CRV,LX,4,Gasoline,86899.0,19/12/2025,Newfoundland and Labrador,19800
2018,Honda,CRV,LX,4,Gasoline,133330.0,19/12/2025,Newfoundland and Labrador,13300
2020,Honda,Civic Sedan,LX,4,Gasoline,111921.0,19/12/2025,Newfoundland and Labrador,14400
2022,Honda,Civic Sedan,LX,4,Gasoline,15743.0,19/12/2025,Newfoundland and Labrador,19600
2016,Honda,CRV,SE,4,Gasoline,155886.0,19/12/2025,Newfoundland and Labrador,9700
2024,Honda,CRV,LXB,4,Gasoline,32736.0,19/12/2025,British Columbia,25700
2020,Honda,HRV,LX,4,Gasoline,103571.0,19/12/2025,Newfoundland and Labrador,13600
2016,Honda,Accord Sedan,Sport w/Honda Sensing,4,Gasoline,193591.0,19/12/2025,Ontario,8500
2018,Honda,Accord Sedan,LX,4,Gasoline,113869.0,19/12/2025,Newfoundland and Labrador,4000
2018,Honda,Ridgeline,Sport,6,Gasoline,129680.0,19/12/2025,Newfoundland and Labrador,14600
2017,Honda,Civic Hatchback,Sport,4,Gasoline,126120.0,19/12/2025,Newfoundland and Labrador,12600
2023,Honda,CRV,SPORTS 4D UTILITY AWD,4,Gasoline,35817.0,18/12/2025,British Columbia,31200
2025,Honda,CRV Hybrid,Touring,4,Hybrid,29612.0,18/12/2025,Quebec,44000
2024,Honda,CRV Hybrid,Touring,4,Hybrid,41877.0,18/12/2025,British Columbia,43250
2020,Honda,Civic Sedan,Touring,4,Gasoline,129412.0,18/12/2025,British Columbia,17500
2016,Honda,Civic Sedan,LX,4,Gasoline,146758.0,18/12/2025,Quebec,6200
2016,Honda,Civic Sedan,LX,4,Gasoline,146758.0,18/12/2025,Quebec,6200
2015,Honda,Civic Sedan,EX,4,Gasoline,153748.0,18/12/2025,Quebec,7900
2019,Honda,Civic Si Sedan,MANUAL,4,Gasoline,128294.0,18/12/2025,Ontario,16600
2017,Honda,Civic Sedan,LX,4,Gasoline,140322.0,18/12/2025,Ontario,11600
2023,Honda,Civic Sedan,LX,4,Gasoline,26758.0,18/12/2025,New Brunswick,23200
2024,Honda,Civic Sedan,Sport,4,Gasoline,54825.0,18/12/2025,Ontario,26300
2025,Honda,Civic Sedan,Sport,4,Gasoline,11970.0,18/12/2025,British Columbia,31300
2025,Honda,Civic Sedan Hybrid,Sport,4,Hybrid,1352.0,18/12/2025,Manitoba,34100
2025,Honda,Civic Sedan,Sport,4,Gasoline,11970.0,18/12/2025,British Columbia,31300
2025,Honda,Civic Sedan Hybrid,Sport,4,Hybrid,1352.0,18/12/2025,Manitoba,34100
2016,Honda,CRV,LX,4,Gasoline,108088.0,18/12/2025,British Columbia,14900
2015,Honda,CRV,EX,4,Gasoline,213848.0,18/12/2025,Manitoba,9500
2016,Honda,HRV,LX,4,Gasoline,117355.0,18/12/2025,Ontario,11300
2017,Honda,HRV,EX,4,Gasoline,76717.0,18/12/2025,Ontario,14600
2019,Honda,HRV,Touring,4,Gasoline,39193.0,18/12/2025,British Columbia,26300
2024,Honda,HRV,LXB,4,Gasoline,30763.0,18/12/2025,British Columbia,28000
2020,Honda,Pilot,Black Edition,6,Gasoline,76588.0,18/12/2025,Ontario,33250
2016,Honda,Pilot,EXL,6,Gasoline,154198.0,18/12/2025,Ontario,10700
2019,Honda,Passport,Sport,6,Gasoline,137992.0,18/12/2025,Quebec,21400
2021,Honda,Civic Hatchback,Sport Touring,4,Gasoline,108421.0,18/12/2025,Alberta,18000
2022,Honda,Civic Hatchback,Sport Touring,4,Gasoline,39872.0,17/12/2025,Ontario,22750
2023,Honda,CRV,EXL,4,Gasoline,12565.0,17/12/2025,Quebec,33250
2025,Honda,CRV Hybrid,Touring,4,Hybrid,1027.0,17/12/2025,Quebec,45200
2015,Honda,Civic Sedan,LX,4,Gasoline,99679.0,17/12/2025,Ontario,10000
2015,Honda,Civic Sedan,EX,4,Gasoline,139511.0,17/12/2025,Quebec,8000
2024,Honda,CRV Hybrid,Touring,4,Hybrid,155877.0,17/12/2025,Ontario,24200
2022,Honda,CRV,LX,4,Gasoline,39141.0,17/12/2025,Ontario,29250
2018,Honda,CRV,EXL,4,Gasoline,119563.0,17/12/2025,Quebec,15750
2019,Honda,CRV,EXL,4,Gasoline,187373.0,17/12/2025,Ontario,11000
2019,Honda,CRV,Touring,4,Gasoline,63335.0,17/12/2025,Ontario,21000
2021,Honda,CRV,TOURING,4,Gasoline,152621.0,17/12/2025,Ontario,22200
2022,Honda,CRV,Touring,4,Gasoline,60828.0,17/12/2025,Quebec,31800
2016,Honda,Civic Sedan,LX,4,Gasoline,137420.0,17/12/2025,Ontario,11100
2019,Honda,Civic Sedan,LX,4,Gasoline,166006.0,17/12/2025,Ontario,11500
2020,Honda,Civic Sedan,EX,4,Gasoline,93579.0,17/12/2025,Quebec,16900
2020,Honda,Civic Sedan,EX,4,Gasoline,95767.0,17/12/2025,Alberta,16000
2020,Honda,Civic Coupe,Touring,4,Gasoline,53746.0,17/12/2025,Quebec,16100
2023,Honda,Civic Sedan,LXB,4,Gasoline,46371.0,17/12/2025,Ontario,17250
2023,Honda,Civic Sedan,EX,4,Gasoline,145781.0,17/12/2025,Ontario,18000
2025,Honda,Civic Sedan Hybrid,Sport,4,Hybrid,11475.0,17/12/2025,Ontario,31400
2024,Honda,CRV,Sport,4,Gasoline,38695.0,17/12/2025,Ontario,33000
2023,Honda,HRV,LX,4,Gasoline,56749.0,17/12/2025,Quebec,23500
2019,Honda,Accord Sedan,Sport,4,Gasoline,138550.0,17/12/2025,Ontario,16200
2019,Honda,Accord Sedan,Touring 2.0,4,Gasoline,197630.0,17/12/2025,Ontario,12000
2023,Honda,Accord Sedan,EX,4,Gasoline,7773.0,17/12/2025,Ontario,29500
2023,Honda,Accord Hybrid,Sport,4,Hybrid,126872.0,17/12/2025,Ontario,25200
2023,Honda,HRV,LX,4,Gasoline,56749.0,17/12/2025,Quebec,23500
2019,Honda,Odyssey,EX,6,Gasoline,190310.0,17/12/2025,Ontario,14000
2021,Honda,Pilot,Touring 7Passenger,6,Gasoline,127880.0,17/12/2025,Ontario,23750
2017,Honda,Pilot,EXL,6,Gasoline,161148.0,17/12/2025,Nova Scotia,14500
2024,Honda,Pilot,Black Edition,6,Gasoline,64256.0,17/12/2025,Ontario,51800
2025,Honda,Pilot,Black Edition,6,Gasoline,18335.0,17/12/2025,Ontario,57000
2023,Honda,Ridgeline,Black Edition,6,Gasoline,53760.0,17/12/2025,Ontario,43000
2023,Honda,Ridgeline,Black Edition,6,Gasoline,50391.0,17/12/2025,Ontario,39500
2019,Honda,Civic Hatchback,Sport,4,Gasoline,105885.0,17/12/2025,Ontario,14300
2023,Honda,CRV,Sport,4,Gasoline,92147.0,16/12/2025,Nova Scotia,29000
2020,Honda,Civic Sedan,LX,4,Gasoline,86447.0,16/12/2025,Nova Scotia,17000
2015,Honda,Civic Sedan,EX,4,Gasoline,146946.0,16/12/2025,Nova Scotia,6600
2019,Honda,Civic Sedan,EX,4,Gasoline,75684.0,16/12/2025,Alberta,10500
2020,Honda,CRV,Other,4,Gasoline,66273.0,16/12/2025,Nova Scotia,27500
2019,Honda,Civic Sedan,EX,4,Gasoline,75684.0,16/12/2025,Alberta,10500
2024,Honda,Civic Sedan,LXB,4,Gasoline,35952.0,16/12/2025,Alberta,26250
2023,Honda,Civic Sedan,SPORT,4,Gasoline,73335.0,16/12/2025,Nova Scotia,20400
2025,Honda,Civic Sedan Hybrid,Sport,4,Hybrid,14311.0,16/12/2025,Alberta,33750
2025,Honda,Civic Sedan Hybrid,Sport,4,Hybrid,1762.0,16/12/2025,Nova Scotia,32500
2016,Honda,Fit,LX,4,Gasoline,155119.0,16/12/2025,Nova Scotia,6100
2017,Honda,Fit,SE,4,Gasoline,153544.0,16/12/2025,Nova Scotia,8800
2022,Honda,Odyssey,EXL,6,Gasoline,110160.0,16/12/2025,Nova Scotia,29400
2020,Honda,Pilot,EX,6,Gasoline,113368.0,16/12/2025,Nova Scotia,22500
2021,Honda,Pilot,Touring 7Passenger,6,Gasoline,89490.0,16/12/2025,Nova Scotia,31400
2024,Honda,Ridgeline,Sport,6,Gasoline,10450.0,16/12/2025,Nova Scotia,45000
2025,Honda,Ridgeline,Black Edition,6,Gasoline,12248.0,16/12/2025,Alberta,51000
2011,Honda,CRV,LX,4,Gasoline,143220.0,16/12/2025,Alberta,8500
2021,Honda,CRV,LX,4,Gasoline,146705.0,12/12/2025,Newfoundland and Labrador,16500
2017,Honda,CRV,LX,4,Gasoline,126273.0,12/12/2025,Newfoundland and Labrador,12400
2022,Honda,CRV,EXL,4,Gasoline,92750.0,12/12/2025,Newfoundland and Labrador,23800
2017,Honda,CRV,Touring,4,Gasoline,140815.0,12/12/2025,Ontario,12000
2016,Honda,CRV,LX,4,Gasoline,140823.0,12/12/2025,Newfoundland and Labrador,4700
2016,Honda,CRV,EX,4,Gasoline,124626.0,12/12/2025,Newfoundland and Labrador,9800
2024,Honda,Civic Hatchback,Sport,4,Gasoline,20318.0,11/12/2025,British Columbia,31500
2024,Honda,CRV,Sport,4,Gasoline,66559.0,11/12/2025,Ontario,31000
2025,Honda,CRV Hybrid,EXL,4,Hybrid,394.0,11/12/2025,Ontario,40750
2019,Honda,Civic Sedan,Touring,4,Gasoline,35576.0,11/12/2025,British Columbia,21000
2021,Honda,Civic Sedan,Touring,4,Gasoline,15419.0,11/12/2025,Ontario,22600
2017,Honda,Civic Sedan,LX,4,Gasoline,93579.0,11/12/2025,Ontario,12800
2016,Honda,Civic Sedan,EX,4,Gasoline,21533.0,11/12/2025,British Columbia,16400
2021,Honda,Civic Sedan,EX,4,Gasoline,42321.0,11/12/2025,Quebec,21000
2013,Honda,Civic Cpe,LX,4,Gasoline,117718.0,11/12/2025,British Columbia,5700
2018,Honda,CRV,Touring,4,Gasoline,162710.0,11/12/2025,British Columbia,16000
2022,Honda,CRV,BLACK EDITION,4,Gasoline,126860.0,11/12/2025,Ontario,24000
2022,Honda,CRV,TOURING,4,Gasoline,45116.0,11/12/2025,Ontario,31000
2019,Honda,CRV,Touring,4,Gasoline,133685.0,11/12/2025,British Columbia,22000
2016,Honda,Civic Sedan,EX,4,Gasoline,21533.0,11/12/2025,British Columbia,16400
2021,Honda,Civic Sedan,EX,4,Gasoline,42321.0,11/12/2025,Quebec,21000
2013,Honda,Civic Cpe,LX,4,Gasoline,117718.0,11/12/2025,British Columbia,5700
2021,Honda,HRV,LX,4,Gasoline,100563.0,11/12/2025,Ontario,16300
2020,Honda,HRV,LX,4,Gasoline,129929.0,11/12/2025,Quebec,14200
2017,Honda,HRV,LX,4,Gasoline,87186.0,11/12/2025,Quebec,10800
2020,Honda,HRV,LX,4,Gasoline,56226.0,11/12/2025,Quebec,20000
2023,Honda,HRV,LX,4,Gasoline,113316.0,11/12/2025,Quebec,19000
2020,Honda,HRV,LX,4,Gasoline,56226.0,11/12/2025,Quebec,20000
2023,Honda,HRV,LX,4,Gasoline,113316.0,11/12/2025,Quebec,19000
2020,Honda,Odyssey,Other,6,Gasoline,78429.0,11/12/2025,Manitoba,32300
2022,Honda,Passport,Touring,6,Gasoline,72978.0,11/12/2025,Ontario,36500
2020,Honda,Accord Sedan,Sport,4,Gasoline,75557.0,10/12/2025,Ontario,21750
2020,Honda,Accord Sedan,Touring 2.0,4,Gasoline,276568.0,10/12/2025,Ontario,12800
2025,Honda,Accord Hybrid,Touring,4,Hybrid,27928.0,10/12/2025,Ontario,39000
2023,Honda,CRV,SPORT,4,Gasoline,48762.0,10/12/2025,Ontario,30000
2023,Honda,CRV,EXL,4,Gasoline,120396.0,10/12/2025,Quebec,27300
2025,Honda,CRV Hybrid,EXL,4,Hybrid,44991.0,10/12/2025,Ontario,43400
2024,Honda,CRV Hybrid,Touring,4,Hybrid,38772.0,10/12/2025,Ontario,36750
2024,Honda,CRV Hybrid,Touring,4,Hybrid,30814.0,10/12/2025,Quebec,40250
2019,Honda,Civic Sedan,LX,4,Gasoline,117338.0,10/12/2025,Quebec,12000
2019,Honda,Civic Sedan,LX,4,Gasoline,124044.0,10/12/2025,Ontario,13000
2017,Honda,Civic Sedan,LX,4,Gasoline,67410.0,10/12/2025,Quebec,13600
2020,Honda,Civic Sedan,LX,4,Gasoline,93733.0,10/12/2025,Quebec,13000
2022,Honda,CRV,LX,4,Gasoline,132420.0,10/12/2025,Quebec,19300
2022,Honda,CRV,Sport,4,Gasoline,61581.0,10/12/2025,Quebec,30200
2017,Honda,CRV,EX,4,Gasoline,125565.0,10/12/2025,Quebec,16200
2017,Honda,CRV,EXL,4,Gasoline,124053.0,10/12/2025,Ontario,17300
2020,Honda,CRV,BLACK EDITION,4,Gasoline,94460.0,10/12/2025,Ontario,19000
2021,Honda,Civic Sedan,LX,4,Gasoline,107168.0,10/12/2025,Alberta,11800
2018,Honda,Civic Sedan,LX,4,Gasoline,64643.0,10/12/2025,Ontario,17500
2018,Honda,Civic Sedan,SE,4,Gasoline,141559.0,10/12/2025,Ontario,12500
2018,Honda,Civic Sedan,SE,4,Gasoline,179791.0,10/12/2025,Ontario,11000
2020,Honda,Civic Sedan,EX,4,Gasoline,132105.0,10/12/2025,Ontario,16200
2019,Honda,Civic Coupe,LX,4,Gasoline,54442.0,10/12/2025,Quebec,16800
2022,Honda,Civic Si Sedan,SI SEDAN 4D,4,Gasoline,55963.0,10/12/2025,Ontario,26250
2022,Honda,Civic Sedan,Touring,4,Gasoline,59517.0,10/12/2025,Quebec,25500
2022,Honda,Civic Sedan,LX,4,Gasoline,74819.0,10/12/2025,Ontario,19750
2023,Honda,Civic Sedan,LX,4,Gasoline,41560.0,10/12/2025,Quebec,23000
2024,Honda,Civic Sedan,LXB,4,Gasoline,41954.0,10/12/2025,Quebec,25000
2024,Honda,Civic Sedan,Sport,4,Gasoline,79864.0,10/12/2025,Ontario,25750
2023,Honda,Civic Sedan,SPORT,4,Gasoline,26519.0,10/12/2025,Quebec,26200
2012,Honda,CRV,LX,4,Gasoline,227532.0,10/12/2025,Ontario,5000
2014,Honda,CRV,LX,4,Gasoline,153431.0,10/12/2025,Ontario,8400
2016,Honda,CRV,EXL,4,Gasoline,141849.0,10/12/2025,Alberta,12900
2024,Honda,CRV,LXB,4,Gasoline,80618.0,10/12/2025,Alberta,29800
2020,Honda,CRV,BLACK EDITION,4,Gasoline,94460.0,10/12/2025,Ontario,19000
2018,Honda,CRV,LX,4,Gasoline,76660.0,10/12/2025,Quebec,17800
2020,Honda,CRV,LX,4,Gasoline,115544.0,10/12/2025,Ontario,18250
2019,Honda,CRV,LX,4,Gasoline,143141.0,10/12/2025,Ontario,13250
2022,Honda,CRV,LX,4,Gasoline,132420.0,10/12/2025,Quebec,19300
2022,Honda,CRV,Sport,4,Gasoline,61581.0,10/12/2025,Quebec,30200
2017,Honda,CRV,EX,4,Gasoline,125565.0,10/12/2025,Quebec,16200
2017,Honda,CRV,EXL,4,Gasoline,124053.0,10/12/2025,Ontario,17300
2024,Honda,Odyssey,Black Edition,6,Gasoline,38005.0,10/12/2025,Ontario,47400
2025,Honda,HRV,LX,4,Gasoline,43516.0,10/12/2025,Quebec,24500
2025,Honda,HRV,LX,4,Gasoline,4073.0,10/12/2025,Quebec,29100
2024,Honda,Prologue,EXL,E,Electric,17078.0,10/12/2025,Quebec,39000
2018,Honda,Odyssey,EXL Navi,6,Gasoline,136243.0,10/12/2025,Quebec,21800
2018,Honda,Odyssey,EXL Navi,6,Gasoline,118180.0,10/12/2025,Ontario,24200
2018,Honda,Odyssey,Touring,6,Gasoline,95310.0,10/12/2025,Quebec,20300
2020,Honda,Odyssey,Touring,6,Gasoline,85694.0,10/12/2025,Ontario,32000
2018,Honda,Odyssey,Touring,6,Gasoline,103653.0,10/12/2025,Ontario,26000
2021,Honda,Pilot,EXL Navi,6,Gasoline,70517.0,10/12/2025,Ontario,33750
2022,Honda,Pilot,EXL Navi,6,Gasoline,81577.0,10/12/2025,Ontario,35100
2018,Honda,Pilot,EXL RES,6,Gasoline,108919.0,10/12/2025,Ontario,23500
2021,Honda,Pilot,Touring 8Passenger,6,Gasoline,25165.0,10/12/2025,Ontario,40800
2023,Honda,Pilot,TrailSport,6,Gasoline,65600.0,10/12/2025,Quebec,45500
2025,Honda,Pilot,TrailSport,6,Gasoline,37649.0,10/12/2025,Ontario,53500
2017,Honda,Ridgeline,Sport,6,Gasoline,163622.0,10/12/2025,Quebec,16000
2012,Honda,CRV,EXL,4,Gasoline,263132.0,10/12/2025,Ontario,4900
2025,Honda,CRV,Sport,4,Gasoline,15991.0,09/12/2025,Alberta,40000
2016,Honda,Civic Sedan,LX,4,Gasoline,110366.0,09/12/2025,Nova Scotia,9400
2022,Honda,CRV,Sport,4,Gasoline,79532.0,09/12/2025,Alberta,30750
2019,Honda,CRV,EX,4,Gasoline,53651.0,09/12/2025,Alberta,25300
2022,Honda,CRV,EXL,4,Gasoline,66545.0,09/12/2025,Nova Scotia,29200
2017,Honda,Ridgeline,Sport,6,Gasoline,142098.0,09/12/2025,Nova Scotia,14750
2017,Honda,Civic Hatchback,Sport Touring,4,Gasoline,131091.0,09/12/2025,Alberta,14000
2019,Ram,1500 Classic,Express,8,Gasoline,181445.0,02/01/2026,Saskatchewan,13000
2019,Ram,1500 Classic,Express,8,Gasoline,128396.0,02/01/2026,Saskatchewan,16300
2018,Ram,1500,Limited,6,Diesel,152095.0,31/12/2025,British Columbia,23000
2023,Ram,3500,Laramie,6,Diesel,73669.0,31/12/2025,British Columbia,55000
2020,Ram,1500,Big Horn,8,Gasoline,127839.0,30/12/2025,Nova Scotia,27500
2019,Ram,1500,Laramie Longhorn,8,Gasoline,85042.0,30/12/2025,British Columbia,34000
2022,Ram,1500 Classic,Warlock,8,Gasoline,68315.0,30/12/2025,Quebec,35900
2022,Ram,1500 Classic,Warlock,8,Gasoline,125873.0,30/12/2025,British Columbia,25800
2022,Ram,1500 Classic,Warlock,8,Gasoline,68315.0,30/12/2025,Quebec,35900
2022,Ram,1500 Classic,Warlock,8,Gasoline,125873.0,30/12/2025,British Columbia,25800
2018,Ram,1500,Express,8,Gasoline,111208.0,30/12/2025,British Columbia,11900
2019,Ram,1500,Sport,8,Gasoline,94753.0,29/12/2025,Manitoba,31700
2019,Ram,1500 Classic,Express,8,Gasoline,117439.0,24/12/2025,Saskatchewan,17250
2017,Ram,1500,Express,8,Gasoline,146490.0,23/12/2025,Ontario,16000
2020,Ram,1500,Rebel,6,Diesel,119942.0,23/12/2025,British Columbia,38000
2019,Ram,1500 Classic,Warlock,8,Gasoline,95468.0,23/12/2025,Ontario,31000
2018,Ram,1500,SLT,8,Gasoline,75796.0,23/12/2025,Saskatchewan,14750
2019,Ram,1500 Classic,Tradesman,8,Gasoline,104632.0,23/12/2025,Ontario,22600
2018,Ram,1500,Night,8,Gasoline,149874.0,23/12/2025,Alberta,19500
2017,Ram,1500,Rebel,8,Gasoline,169577.0,23/12/2025,Ontario,23200
2019,Ram,1500,Sport,8,Gasoline,114036.0,23/12/2025,Nova Scotia,30500
2022,Ram,1500,Rebel,8,Gasoline,65466.0,23/12/2025,Ontario,42500
2023,Ram,1500,Sport,8,Gasoline,30533.0,23/12/2025,Nova Scotia,45200
2023,Ram,1500,Sport,8,Gasoline,44971.0,23/12/2025,Nova Scotia,43600
2022,Ram,1500,Sport,8,Gasoline,78105.0,23/12/2025,Ontario,40800
2022,Ram,1500,Sport,8,Gasoline,103947.0,23/12/2025,New Brunswick,31800
2023,Ram,1500,Sport,8,Hybrid,46097.0,23/12/2025,Saskatchewan,38500
2023,Ram,1500,Sport,8,Hybrid,62048.0,23/12/2025,Nova Scotia,41800
2017,Ram,1500,Rebel,8,Gasoline,169577.0,23/12/2025,Ontario,23200
2019,Ram,1500,Sport,8,Gasoline,114036.0,23/12/2025,Nova Scotia,30500
2022,Ram,1500,Rebel,8,Gasoline,65466.0,23/12/2025,Ontario,42500
2023,Ram,1500,Sport,8,Gasoline,30533.0,23/12/2025,Nova Scotia,45200
2023,Ram,1500,Sport,8,Gasoline,44971.0,23/12/2025,Nova Scotia,43600
2022,Ram,1500,Sport,8,Gasoline,78105.0,23/12/2025,Ontario,40800
2022,Ram,1500,Sport,8,Gasoline,103947.0,23/12/2025,New Brunswick,31800
2023,Ram,1500,Sport,8,Hybrid,46097.0,23/12/2025,Saskatchewan,38500
2023,Ram,1500,Sport,8,Hybrid,62048.0,23/12/2025,Nova Scotia,41800
2021,Ram,1500 Classic,Express,8,Gasoline,78012.0,23/12/2025,Ontario,25750
2021,Ram,1500 Classic,Express,8,Gasoline,82289.0,23/12/2025,Nova Scotia,24000
2023,Ram,1500 Classic,Express,6,Gasoline,63768.0,23/12/2025,Ontario,27500
2024,Ram,3500,Big Horn,6,Diesel,97831.0,23/12/2025,Nova Scotia,52000
2021,Ram,3500,Limited Longhorn,6,Diesel,101891.0,23/12/2025,Ontario,47900
2023,Ram,1500 Classic,SLT,8,Gasoline,90800.0,23/12/2025,Nova Scotia,28200
2023,Ram,1500 Classic,SLT,8,Gasoline,66614.0,23/12/2025,Nova Scotia,27200
2023,Ram,1500 Classic,SLT,8,Gasoline,49649.0,23/12/2025,Nova Scotia,29200
2022,Ram,2500,Big Horn,6,Diesel,90409.0,23/12/2025,Quebec,45200
2023,Ram,1500 Classic,SLT,8,Gasoline,49649.0,23/12/2025,Nova Scotia,29200
2022,Ram,2500,Big Horn,6,Diesel,90409.0,23/12/2025,Quebec,45200
2021,Ram,1500 Classic,Express,6,Gasoline,68007.0,19/12/2025,Saskatchewan,21850
2023,Ram,1500 Classic,SLT,6,Gasoline,71258.0,19/12/2025,Saskatchewan,24500
2021,Ram,1500 Classic,Warlock,8,Gasoline,41922.0,19/12/2025,Newfoundland and Labrador,32300
2019,Ram,1500 Classic,Warlock,8,Gasoline,128391.0,19/12/2025,Saskatchewan,22600
2017,Ram,1500,Sport,8,Gasoline,127178.0,19/12/2025,Saskatchewan,16000
2023,Ram,1500 Classic,SLT,6,Gasoline,71258.0,19/12/2025,Saskatchewan,24500
2023,Ram,1500 Classic,SLT,8,Gasoline,52477.0,19/12/2025,Newfoundland and Labrador,27800
2018,Ram,2500,Outdoorsman,6,Diesel,116999.0,19/12/2025,Ontario,32500
2016,Ram,2500,Laramie,6,Diesel,120553.0,19/12/2025,Newfoundland and Labrador,27000
2021,Ram,2500,Laramie,6,Diesel,128443.0,19/12/2025,Saskatchewan,42300
2021,Ram,1500 Classic,Express,6,Gasoline,196916.0,18/12/2025,British Columbia,12000
2021,Ram,1500 Classic,Tradesman,8,Gasoline,126618.0,18/12/2025,New Brunswick,22200
2016,Ram,1500,Outdoorsman,6,Flex,166599.0,18/12/2025,Quebec,12000
2019,Ram,1500 Classic,ST,6,Flex,114665.0,18/12/2025,British Columbia,14400
2015,Ram,1500,Tradesman,6,Diesel,161729.0,18/12/2025,British Columbia,8000
2023,Ram,1500 Classic,Express,8,Gasoline,78108.0,18/12/2025,British Columbia,28000
2022,Ram,1500 Classic,Warlock,6,Gasoline,59127.0,18/12/2025,Ontario,35100
2023,Ram,1500 Classic,Warlock,6,Gasoline,35446.0,18/12/2025,Quebec,40000
2019,Ram,1500,Big Horn,8,Gasoline,97788.0,18/12/2025,Ontario,25250
2019,Ram,1500,Big Horn,8,Gasoline,80482.0,18/12/2025,Ontario,28750
2019,Ram,1500,Big Horn,8,Gasoline,126971.0,18/12/2025,British Columbia,24500
2019,Ram,1500,Big Horn,8,Gasoline,123111.0,18/12/2025,Quebec,27800
2019,Ram,1500,Tradesman,8,Gasoline,161342.0,18/12/2025,Manitoba,17200
2022,Ram,1500,Limited,6,Diesel,179744.0,18/12/2025,Ontario,32500
2019,Ram,1500,Limited,8,Gasoline,82946.0,18/12/2025,Quebec,40000
2022,Ram,1500,Sport,8,Gasoline,97782.0,18/12/2025,Quebec,39600
2022,Ram,1500,Sport,8,Gasoline,96320.0,18/12/2025,Ontario,38000
2021,Ram,1500 Classic,Express,6,Gasoline,196916.0,18/12/2025,British Columbia,12000
2021,Ram,1500 Classic,Tradesman,8,Gasoline,126618.0,18/12/2025,New Brunswick,22200
2016,Ram,1500,Outdoorsman,6,Flex,166599.0,18/12/2025,Quebec,12000
2019,Ram,1500 Classic,ST,6,Flex,114665.0,18/12/2025,British Columbia,14400
2015,Ram,1500,Tradesman,6,Diesel,161729.0,18/12/2025,British Columbia,8000
2023,Ram,1500 Classic,Express,8,Gasoline,78108.0,18/12/2025,British Columbia,28000
2022,Ram,1500 Classic,Warlock,6,Gasoline,59127.0,18/12/2025,Ontario,35100
2023,Ram,1500 Classic,Warlock,6,Gasoline,35446.0,18/12/2025,Quebec,40000
2022,Ram,1500 Classic,Express,6,Gasoline,147390.0,18/12/2025,Ontario,22000
2022,Ram,1500 Classic,Express,8,Gasoline,124282.0,18/12/2025,British Columbia,22750
2023,Ram,1500 Classic,SLT,8,Gasoline,72297.0,18/12/2025,New Brunswick,28400
2019,Ram,1500 Classic,SLT,6,Flex,103650.0,17/12/2025,Ontario,21500
2018,Ram,1500,ST,8,Gasoline,110783.0,17/12/2025,Ontario,12000
2022,Ram,1500 Classic,Warlock,6,Gasoline,48759.0,17/12/2025,Quebec,32250
2016,Ram,1500,Big Horn,8,Gasoline,70846.0,17/12/2025,Ontario,23250
2019,Ram,1500 Classic,Express,8,Gasoline,44994.0,17/12/2025,Ontario,36750
2023,Ram,1500 Classic,Warlock,6,Gasoline,100762.0,17/12/2025,Ontario,31800
2022,Ram,1500,Big Horn,8,Gasoline,67013.0,17/12/2025,Ontario,35750
2020,Ram,1500,Limited,8,Hybrid,80426.0,17/12/2025,Ontario,43000
2020,Ram,1500,Longhorn,8,Gasoline,86241.0,17/12/2025,Quebec,42100
2017,Ram,1500,Outdoorsman,8,Gasoline,133709.0,17/12/2025,Ontario,18000
2020,Ram,1500 Classic,Warlock,8,Gasoline,107760.0,17/12/2025,Quebec,29800
2019,Ram,1500 Classic,SLT,8,Gasoline,79383.0,17/12/2025,Quebec,25000
2021,Ram,1500 Classic,Warlock,8,Gasoline,80964.0,17/12/2025,Quebec,30900
2021,Ram,1500 Classic,Warlock,8,Gasoline,40591.0,17/12/2025,Ontario,32000
2019,Ram,1500 Classic,Warlock,8,Gasoline,158866.0,17/12/2025,Ontario,25250
2023,Ram,1500 Classic,SLT,8,Gasoline,78333.0,17/12/2025,Quebec,30000
2019,Ram,1500,Rebel,8,Gasoline,158079.0,17/12/2025,Ontario,32600
2017,Ram,1500,Outdoorsman,8,Gasoline,133709.0,17/12/2025,Ontario,18000
2020,Ram,1500 Classic,Warlock,8,Gasoline,107760.0,17/12/2025,Quebec,29800
2019,Ram,1500 Classic,SLT,8,Gasoline,79383.0,17/12/2025,Quebec,25000
2021,Ram,1500 Classic,Warlock,8,Gasoline,80964.0,17/12/2025,Quebec,30900
2021,Ram,1500 Classic,Warlock,8,Gasoline,40591.0,17/12/2025,Ontario,32000
2019,Ram,1500 Classic,Warlock,8,Gasoline,158866.0,17/12/2025,Ontario,25250
2023,Ram,1500 Classic,SLT,8,Gasoline,78333.0,17/12/2025,Quebec,30000
2017,Ram,1500,Outdoorsman,8,Gasoline,107956.0,17/12/2025,Ontario,22750
2022,Ram,1500 Classic,Warlock,6,Gasoline,48759.0,17/12/2025,Quebec,32250
2016,Ram,1500,Big Horn,8,Gasoline,70846.0,17/12/2025,Ontario,23250
2019,Ram,1500 Classic,Express,8,Gasoline,44994.0,17/12/2025,Ontario,36750
2023,Ram,1500 Classic,Warlock,6,Gasoline,100762.0,17/12/2025,Ontario,31800
2023,Ram,1500 Classic,Express,8,Gasoline,35871.0,17/12/2025,Ontario,35750
2020,Ram,1500 Classic,Express,8,Gasoline,130276.0,17/12/2025,Quebec,21400
2025,Ram,3500,Big Horn,6,Diesel,30.0,17/12/2025,Alberta,73750
2024,Ram,3500,Big Horn,6,Diesel,21650.0,17/12/2025,Ontario,60000
2023,Ram,3500,Big Horn,8,Gasoline,30020.0,17/12/2025,Alberta,43500
2020,Ram,3500,Limited,6,Diesel,66667.0,17/12/2025,Ontario,60500
2022,Ram,ProMaster Cargo Van,"3500 HIGH ROOF EXT 159"" WB",6,Gasoline,38551.0,17/12/2025,Quebec,34000
2022,Ram,ProMaster Cargo Van,"3500 HIGH ROOF EXT 159"" WB",6,Gasoline,62.0,17/12/2025,Quebec,46400
2022,Ram,2500,Tradesman,8,Gasoline,100987.0,17/12/2025,Quebec,27400
2022,Ram,2500,Power Wagon,8,Gasoline,34565.0,17/12/2025,Quebec,55000
2023,Ram,2500,Big Horn,8,Gasoline,60512.0,17/12/2025,Alberta,38500
2019,Ram,2500,Big Horn,6,Diesel,135209.0,17/12/2025,Ontario,40250
2022,Ram,2500,Big Horn,6,Diesel,89220.0,17/12/2025,Quebec,48000
2022,Ram,2500,Laramie,8,Gasoline,72714.0,17/12/2025,Ontario,47000
2021,Ram,1500,Tradesman,8,Gasoline,123844.0,16/12/2025,Alberta,21700
2023,Ram,1500,Laramie,8,Gasoline,82824.0,16/12/2025,Nova Scotia,42600
2021,Ram,1500 Classic,Warlock,8,Gasoline,49358.0,16/12/2025,Alberta,27000
2022,Ram,1500,Rebel,8,Gasoline,106951.0,16/12/2025,Nova Scotia,41600
2022,Ram,1500,Sport,8,Gasoline,122527.0,16/12/2025,Alberta,33000
2022,Ram,1500,Sport,8,Gasoline,44823.0,16/12/2025,Alberta,46000
2018,Ram,1500,Big Horn,8,Gasoline,106337.0,16/12/2025,Alberta,16200
2023,Ram,2500,Big Horn,6,Diesel,67318.0,16/12/2025,Alberta,54500
2019,Ram,1500 Classic,Express,8,Gasoline,67735.0,15/12/2025,Alberta,28600
2022,Ram,3500,Laramie,6,Diesel,55390.0,15/12/2025,British Columbia,60000
2022,Ram,1500,Rebel,8,Gasoline,77327.0,12/12/2025,Newfoundland and Labrador,40800
2023,Ram,1500 Classic,Express,8,Gasoline,124146.0,12/12/2025,Saskatchewan,11300
2022,Ram,1500,Rebel,8,Gasoline,77327.0,12/12/2025,Newfoundland and Labrador,40800
2021,Ram,1500 Classic,Express,8,Gasoline,149838.0,12/12/2025,Newfoundland and Labrador,18200
2020,Ram,2500,Power Wagon,8,Gasoline,117261.0,12/12/2025,British Columbia,35000
2022,Ram,1500 Classic,Tradesman,6,Gasoline,94625.0,11/12/2025,Ontario,18000
2021,Ram,1500 Classic,Tradesman,6,Gasoline,65191.0,11/12/2025,Ontario,17750
2022,Ram,1500 Classic,Tradesman,6,Gasoline,112256.0,11/12/2025,Ontario,18900
2022,Ram,1500 Classic,Tradesman,6,Gasoline,98297.0,11/12/2025,Ontario,18500
2022,Ram,1500 Classic,Tradesman,6,Gasoline,49581.0,11/12/2025,Ontario,22000
2022,Ram,1500 Classic,Tradesman,6,Gasoline,109563.0,11/12/2025,Ontario,18000
2023,Ram,1500 Classic,Warlock,8,Gasoline,36022.0,11/12/2025,Ontario,43000
2018,Ram,1500,Outdoorsman,6,Diesel,142845.0,11/12/2025,British Columbia,14000
2020,Ram,1500,Big Horn,6,Hybrid,139198.0,11/12/2025,Quebec,20800
2022,Ram,1500,Tradesman,6,Hybrid,95444.0,11/12/2025,Manitoba,19100
2019,Ram,1500,Sport,8,Gasoline,114227.0,11/12/2025,Ontario,30800
2022,Ram,1500,Rebel,8,Gasoline,142082.0,11/12/2025,Saskatchewan,34300
2021,Ram,1500,Sport,8,Gasoline,75238.0,11/12/2025,Quebec,37500
2021,Ram,1500,Sport,8,Gasoline,86888.0,11/12/2025,Ontario,37000
2022,Ram,1500 Classic,Tradesman,6,Gasoline,94625.0,11/12/2025,Ontario,18000
2021,Ram,1500 Classic,Tradesman,6,Gasoline,65191.0,11/12/2025,Ontario,17750
2022,Ram,1500 Classic,Tradesman,6,Gasoline,112256.0,11/12/2025,Ontario,18900
2022,Ram,1500 Classic,Tradesman,6,Gasoline,98297.0,11/12/2025,Ontario,18500
2022,Ram,1500 Classic,Tradesman,6,Gasoline,49581.0,11/12/2025,Ontario,22000
2022,Ram,1500 Classic,Tradesman,6,Gasoline,109563.0,11/12/2025,Ontario,18000
2019,Ram,1500 Classic,Express,6,Flex,180779.0,11/12/2025,Ontario,15200
2019,Ram,1500 Classic,SLT,8,Gasoline,110300.0,11/12/2025,Ontario,21900
2020,Ram,1500 Classic,Express,8,Gasoline,185595.0,11/12/2025,Ontario,17600
2019,Ram,1500 Classic,Express,8,Gasoline,126819.0,11/12/2025,Manitoba,22600
2017,Ram,1500,Express,8,Gasoline,87962.0,11/12/2025,Ontario,21500
2023,Ram,1500 Classic,Warlock,6,Gasoline,50823.0,11/12/2025,Quebec,30500
2022,Ram,1500 Classic,Warlock,6,Gasoline,75540.0,11/12/2025,Ontario,33000
2022,Ram,1500 Classic,Express,6,Gasoline,72005.0,11/12/2025,Manitoba,26300
2019,Ram,1500 Classic,Express,8,Gasoline,113907.0,11/12/2025,British Columbia,17900
2020,Ram,1500 Classic,Express,8,Gasoline,51114.0,11/12/2025,British Columbia,26000
2021,Ram,1500 Classic,Express,8,Gasoline,99243.0,11/12/2025,Manitoba,25900
2020,Ram,1500 Classic,Express,8,Gasoline,79138.0,11/12/2025,British Columbia,26600
2023,Ram,1500 Classic,Express,8,Gasoline,18057.0,11/12/2025,Manitoba,37900
2023,Ram,1500 Classic,SLT,6,Gasoline,46122.0,11/12/2025,Ontario,37250
2019,Ram,3500,Big Horn,6,Diesel,173384.0,11/12/2025,British Columbia,31500
2023,Ram,3500,Laramie,6,Diesel,64218.0,11/12/2025,British Columbia,58500
2022,Ram,3500,Laramie,8,Gasoline,56050.0,11/12/2025,Quebec,64500
2022,Ram,1500 Classic,Tradesman,6,Gasoline,8518.0,11/12/2025,Ontario,24000
2023,Ram,1500 Classic,SLT,8,Gasoline,55006.0,11/12/2025,Ontario,22000
2023,Ram,1500 Classic,SLT,8,Gasoline,57520.0,11/12/2025,Ontario,37750
2023,Ram,1500 Classic,SLT,8,Gasoline,46277.0,11/12/2025,Quebec,31500
2023,Ram,1500 Classic,SLT,8,Gasoline,57520.0,11/12/2025,Ontario,37750
2023,Ram,1500 Classic,SLT,8,Gasoline,46277.0,11/12/2025,Quebec,31500
2017,Ram,ProMaster Cargo Van,"1500 LOW ROOF 136"" WB",6,Gasoline,145122.0,11/12/2025,Quebec,11600
2022,Ram,2500,Tradesman,6,Diesel,154898.0,11/12/2025,Ontario,32500
2021,Ram,2500,Big Horn,6,Diesel,156845.0,11/12/2025,Ontario,36750
2019,Ram,ProMaster City Cargo Van,SLT,4,Gasoline,80431.0,11/12/2025,British Columbia,15050
2016,Ram,1500,ST,8,Gasoline,67526.0,10/12/2025,Ontario,18250
2022,Ram,1500 Classic,Warlock,6,Gasoline,138739.0,10/12/2025,Ontario,27000
2019,Ram,1500 Classic,Warlock,6,Flex,129127.0,10/12/2025,Ontario,24000
2022,Ram,1500 Classic,SLT,6,Gasoline,42794.0,10/12/2025,Quebec,29600
2017,Ram,1500,Sport,8,Gasoline,140200.0,10/12/2025,Ontario,21250
2023,Ram,1500 Classic,Express,8,Gasoline,21362.0,10/12/2025,Ontario,39500
2019,Ram,1500 Classic,Express,8,Gasoline,181890.0,10/12/2025,Ontario,19000
2021,Ram,1500 Classic,Warlock,6,Gasoline,59108.0,10/12/2025,Ontario,32200
2022,Ram,1500 Classic,Warlock,6,Gasoline,55282.0,10/12/2025,Ontario,34000
2019,Ram,1500,Big Horn,8,Gasoline,119464.0,10/12/2025,Ontario,28500
2021,Ram,1500 Classic,Warlock,8,Gasoline,61232.0,10/12/2025,Ontario,33500
2014,Ram,1500,Sport,8,Gasoline,189498.0,10/12/2025,Ontario,14250
2019,Ram,1500 Classic,Tradesman,8,Gasoline,104527.0,10/12/2025,Quebec,19600
2017,Ram,1500,ST,8,Gasoline,148340.0,10/12/2025,Ontario,12000
2017,Ram,1500,Rebel,8,Gasoline,156031.0,10/12/2025,Ontario,20750
2023,Ram,1500,Big Horn,6,Hybrid,60044.0,10/12/2025,Ontario,39000
2019,Ram,1500,Big Horn,6,Hybrid,111398.0,10/12/2025,Ontario,23000
2019,Ram,1500,Sport,8,Gasoline,130418.0,10/12/2025,Ontario,32250
2019,Ram,1500,Rebel,8,Gasoline,137771.0,10/12/2025,Ontario,32000
2022,Ram,1500 Classic,Warlock,8,Gasoline,51549.0,10/12/2025,Ontario,32000
2023,Ram,1500 Classic,SLT,8,Gasoline,83539.0,10/12/2025,Alberta,30500
2021,Ram,1500 Classic,Warlock,8,Gasoline,61232.0,10/12/2025,Ontario,33500
2014,Ram,1500,Sport,8,Gasoline,189498.0,10/12/2025,Ontario,14250
2019,Ram,1500 Classic,Tradesman,8,Gasoline,104527.0,10/12/2025,Quebec,19600
2017,Ram,1500,ST,8,Gasoline,148340.0,10/12/2025,Ontario,12000
2017,Ram,1500,Rebel,8,Gasoline,156031.0,10/12/2025,Ontario,20750
2023,Ram,1500,Big Horn,6,Hybrid,60044.0,10/12/2025,Ontario,39000
2019,Ram,1500,Big Horn,6,Hybrid,111398.0,10/12/2025,Ontario,23000
2016,Ram,1500,ST,8,Gasoline,67526.0,10/12/2025,Ontario,18250
2022,Ram,1500 Classic,Warlock,6,Gasoline,138739.0,10/12/2025,Ontario,27000
2019,Ram,1500 Classic,Warlock,6,Flex,129127.0,10/12/2025,Ontario,24000
2022,Ram,1500 Classic,SLT,6,Gasoline,42794.0,10/12/2025,Quebec,29600
2017,Ram,1500,Sport,8,Gasoline,140200.0,10/12/2025,Ontario,21250
2023,Ram,1500 Classic,Express,8,Gasoline,21362.0,10/12/2025,Ontario,39500
2019,Ram,1500 Classic,Express,8,Gasoline,181890.0,10/12/2025,Ontario,19000
2022,Ram,1500,Sport,8,Gasoline,155634.0,10/12/2025,Ontario,31250
2022,Ram,1500,Sport,8,Gasoline,52925.0,10/12/2025,Quebec,41600
2022,Ram,1500 Classic,Express,6,Gasoline,54762.0,10/12/2025,Quebec,28700
2019,Ram,1500 Classic,Express,8,Gasoline,155628.0,10/12/2025,Ontario,13000
2022,Ram,1500 Classic,Express,8,Gasoline,55753.0,10/12/2025,Ontario,32500
2026,Ram,3500,Limited,6,Diesel,74.0,10/12/2025,Ontario,101750
2014,Ram,1500,Express,8,Gasoline,39435.0,10/12/2025,Ontario,10300
2016,Ram,1500,Express,8,Gasoline,144383.0,10/12/2025,Ontario,15000
2021,Ram,ProMaster Cargo Van,"3500 HIGH ROOF EXT 159"" WB",6,Gasoline,73299.0,10/12/2025,Quebec,24200
2023,Ram,ProMaster Cargo Van,"3500 HIGH ROOF EXT 159"" WB",6,Gasoline,47426.0,10/12/2025,Quebec,26700
2023,Ram,1500 Classic,SLT,8,Gasoline,66984.0,10/12/2025,Ontario,30000
2021,Ram,2500,Power Wagon,8,Gasoline,88843.0,10/12/2025,Quebec,44250
2019,Ram,ProMaster Cargo Van,"1500 LOW ROOF 136"" WB",6,Gasoline,126587.0,10/12/2025,Ontario,14250
2020,Ram,ProMaster Cargo Van,"3500 HIGH ROOF 159"" WB EXT",6,Gasoline,52649.0,10/12/2025,Quebec,26400
2021,Ram,ProMaster City Cargo Van,SLT,4,Gasoline,64046.0,10/12/2025,Quebec,23000
2021,Ram,ProMaster City Cargo Van,SLT,4,Gasoline,71087.0,10/12/2025,Quebec,22000
2017,Ram,1500,ST,6,Flex,151423.0,09/12/2025,Alberta,9000
2019,Ram,1500 Classic,Tradesman,8,Gasoline,119257.0,09/12/2025,Nova Scotia,14800
2022,Ram,1500,Big Horn,8,Gasoline,88138.0,09/12/2025,Nova Scotia,34500
2024,Ram,1500,Tradesman,6,Hybrid,16888.0,09/12/2025,Nova Scotia,39000
2025,Ram,1500,Big Horn,6,Gasoline,47085.0,09/12/2025,Alberta,35250
2023,Ram,1500,Sport,8,Gasoline,119999.0,09/12/2025,Alberta,36900
2023,Ram,1500,Sport,8,Gasoline,32013.0,09/12/2025,Nova Scotia,43900
2021,Ram,1500 Classic,Express,8,Gasoline,45521.0,09/12/2025,Manitoba,30500
2020,Ram,1500 Classic,Express,8,Gasoline,98565.0,09/12/2025,Alberta,25900
2021,Ram,1500 Classic,Express,8,Gasoline,120058.0,09/12/2025,Alberta,22900
2024,Ram,3500,Laramie,6,Diesel,28601.0,09/12/2025,Alberta,77250
2021,Ram,ProMaster Cargo Van,"3500 HIGH ROOF 159"" WB EXT",6,Gasoline,101800.0,09/12/2025,Quebec,19000
2023,Ram,2500,Big Horn,6,Diesel,64265.0,09/12/2025,Alberta,58000
2023,Ram,2500,Big Horn,6,Diesel,62612.0,09/12/2025,Alberta,58500
2023,Ram,2500,Big Horn,6,Diesel,64196.0,09/12/2025,Alberta,58750
2020,Ram,ProMaster Cargo Van,"3500 HIGH ROOF 159"" WB EXT",6,Gasoline,68150.0,09/12/2025,Quebec,20000
2020,Ram,ProMaster Cargo Van,"3500 HIGH ROOF 159"" WB EXT",6,Gasoline,19281.0,09/12/2025,Quebec,24700
2020,Ram,ProMaster Cargo Van,"3500 HIGH ROOF 159"" WB EXT",6,Gasoline,47446.0,09/12/2025,Quebec,21900
2021,Ram,1500 Classic,Express,8,Gasoline,65984.0,08/12/2025,Manitoba,25250
2020,Ram,1500,Rebel,6,Diesel,190514.0,08/12/2025,Saskatchewan,30750
2026,Ram,3500,Big Horn,6,Diesel,109.0,08/12/2025,British Columbia,78250
2023,Ram,1500 Classic,Warlock,8,Gasoline,4775.0,06/12/2025,British Columbia,35000
2018,Ram,2500,Power Wagon,8,Gasoline,198802.0,06/12/2025,Manitoba,15500
2023,Ram,1500 Classic,Express,6,Gasoline,55093.0,05/12/2025,Saskatchewan,27800
2025,Ram,1500,Limited,6,Gasoline,30314.0,05/12/2025,Saskatchewan,68000
2020,Ram,1500,Sport,8,Gasoline,106666.0,05/12/2025,Saskatchewan,33300
2025,Ram,1500,Tradesman,6,Gasoline,15446.0,05/12/2025,Saskatchewan,37000
2018,Ram,3500,Laramie,6,Diesel,93384.0,05/12/2025,Alberta,35250
2023,Ram,1500 Classic,SLT,8,Gasoline,78889.0,05/12/2025,Saskatchewan,30300
2022,Ram,2500,Big Horn,8,Gasoline,89333.0,05/12/2025,Ontario,37000
2014,Ram,1500,ST,6,Flex,136845.0,04/12/2025,Quebec,13100
2021,Ram,1500 Classic,Express,6,Gasoline,194580.0,04/12/2025,New Brunswick,13200
2021,Ram,1500 Classic,Express,6,Gasoline,129599.0,04/12/2025,Ontario,18900
2019,Ram,1500 Classic,Tradesman,6,Diesel,128761.0,04/12/2025,Ontario,9900
2019,Ram,1500 Classic,Express,8,Gasoline,161096.0,04/12/2025,Ontario,18750
2023,Ram,1500 Classic,Warlock,6,Gasoline,31399.0,04/12/2025,Manitoba,34700
2022,Ram,1500 Classic,Warlock,6,Gasoline,55015.0,04/12/2025,Ontario,32800
2017,Ram,1500,SLT,8,Gasoline,178087.0,04/12/2025,Ontario,10750
2013,Ram,1500,Sport,8,Gasoline,198467.0,04/12/2025,Ontario,5600
2019,Ram,1500 Classic,Tradesman,6,Diesel,125084.0,04/12/2025,Ontario,17000
2014,Ram,1500,Sport,8,Gasoline,168193.0,04/12/2025,British Columbia,14600
2017,Ram,1500,Laramie,6,Diesel,126191.0,04/12/2025,British Columbia,18600
2017,Ram,1500,Laramie,6,Diesel,138659.0,04/12/2025,Manitoba,15200
2017,Ram,1500,Sport,8,Gasoline,105186.0,04/12/2025,Ontario,26900
2023,Ram,1500,Rebel,8,Hybrid,21983.0,04/12/2025,Ontario,55250
2023,Ram,1500 Classic,Warlock,8,Gasoline,31304.0,04/12/2025,Ontario,40250
2019,Ram,1500 Classic,SLT,8,Gasoline,199930.0,04/12/2025,Manitoba,11500
2022,Ram,1500 Classic,Warlock,8,Gasoline,61829.0,04/12/2025,Ontario,37750
2019,Ram,1500 Classic,Warlock,8,Gasoline,105819.0,04/12/2025,Quebec,29000
2018,Ram,1500,Outdoorsman,8,Gasoline,157557.0,04/12/2025,Ontario,16000
2014,Ram,1500,Sport,8,Gasoline,168193.0,04/12/2025,British Columbia,14600
2022,Ram,1500,Sport,8,Gasoline,55588.0,04/12/2025,Ontario,42750
2022,Ram,1500,Sport,8,Gasoline,67900.0,04/12/2025,Ontario,41000
2022,Ram,1500,Sport,8,Gasoline,70317.0,04/12/2025,Ontario,44750
2022,Ram,1500,Sport,8,Gasoline,53170.0,04/12/2025,Ontario,41750
2014,Ram,1500,ST,6,Flex,136845.0,04/12/2025,Quebec,13100
2021,Ram,1500 Classic,Express,6,Gasoline,194580.0,04/12/2025,New Brunswick,13200
2021,Ram,1500 Classic,Express,6,Gasoline,129599.0,04/12/2025,Ontario,18900
2022,Ram,1500,Rebel,8,Hybrid,44461.0,04/12/2025,Ontario,52000
2019,Ram,1500,Rebel,8,Gasoline,76665.0,04/12/2025,Quebec,41400
2019,Ram,1500,Sport,8,Gasoline,150403.0,04/12/2025,Ontario,32250
2022,Ram,1500,Limited,8,Gasoline,125244.0,04/12/2025,Ontario,42000
2019,Ram,1500,Laramie,8,Gasoline,113055.0,04/12/2025,British Columbia,34250
2023,Ram,1500,Sport,8,Gasoline,81822.0,04/12/2025,Ontario,38500
2022,Ram,1500,Sport,8,Gasoline,55588.0,04/12/2025,Ontario,42750
2022,Ram,1500,Sport,8,Gasoline,67900.0,04/12/2025,Ontario,41000
2022,Ram,1500,Sport,8,Gasoline,70317.0,04/12/2025,Ontario,44750
2019,Ram,1500 Classic,Warlock,6,Flex,88825.0,04/12/2025,Ontario,29750
2021,Ram,1500 Classic,Express,8,Gasoline,176290.0,04/12/2025,Ontario,20000
2018,Toyota,4Runner,LIMITED,6,Gasoline,190580.0,02/01/2026,Saskatchewan,23000
2024,Toyota,Camry,SE,4,Gasoline,71670.0,31/12/2025,Ontario,26000
2024,Toyota,Camry,SE,4,Gasoline,74492.0,31/12/2025,Ontario,26000
2024,Toyota,Camry,SE,4,Gasoline,79594.0,31/12/2025,Ontario,26000
2024,Toyota,Camry,SE,4,Gasoline,71495.0,31/12/2025,Ontario,26000
2024,Toyota,Camry,SE,4,Gasoline,83569.0,31/12/2025,Ontario,26000
2024,Toyota,Camry,SE,4,Gasoline,86755.0,31/12/2025,Ontario,26000
2024,Toyota,Camry,SE,4,Gasoline,71815.0,31/12/2025,Ontario,26000
2024,Toyota,Camry,SE,4,Gasoline,75311.0,31/12/2025,Ontario,26000
2024,Toyota,Camry,SE,4,Gasoline,72558.0,31/12/2025,Ontario,26000
2024,Toyota,Camry,SE,4,Gasoline,70604.0,31/12/2025,Ontario,26000
2024,Toyota,Camry,SE,4,Gasoline,76540.0,31/12/2025,Ontario,26000
2024,Toyota,Camry,SE,4,Gasoline,78531.0,31/12/2025,Ontario,26000
2024,Toyota,Camry,SE,4,Gasoline,70699.0,31/12/2025,Ontario,26000
2024,Toyota,Camry,SE,4,Gasoline,73665.0,31/12/2025,Ontario,26000
2024,Toyota,Camry,SE,4,Gasoline,78304.0,31/12/2025,Ontario,26000
2021,Toyota,Sienna,XSE,4,Hybrid,123491.0,31/12/2025,British Columbia,32000
2021,Toyota,Venza,LIMITED SPORT UTILITY 4D,4,Hybrid,58062.0,30/12/2025,Quebec,31100
2023,Toyota,bZ4X,XLE,E,Electric,57746.0,30/12/2025,Quebec,25000
2023,Toyota,Corolla,Hybrid,4,Hybrid,17173.0,30/12/2025,British Columbia,23100
2024,Toyota,RAV4,LE,4,Gasoline,60494.0,30/12/2025,Alberta,30500
2025,Toyota,RAV4,Limited,4,Gasoline,6980.0,30/12/2025,Quebec,45600
2019,Toyota,RAV4,Limited,4,Gasoline,80811.0,30/12/2025,Nova Scotia,23500
2020,Toyota,RAV4,Hybrid Limited,4,Hybrid,116819.0,30/12/2025,Quebec,31200
2022,Toyota,RAV4,XLE,4,Gasoline,120253.0,30/12/2025,Alberta,29100
2020,Toyota,RAV4,XLE,4,Gasoline,22642.0,30/12/2025,British Columbia,32750
2023,Toyota,RAV4,Hybrid XLE,4,Hybrid,116343.0,30/12/2025,Quebec,29500
2023,Toyota,RAV4,Hybrid XLE,4,Hybrid,131758.0,30/12/2025,Quebec,28250
2021,Toyota,RAV4,LE,4,Gasoline,69566.0,30/12/2025,Quebec,22300
2018,Toyota,Corolla,SE,4,Gasoline,159021.0,30/12/2025,Quebec,7200
2024,Toyota,Camry,SE,4,Gasoline,86285.0,30/12/2025,Ontario,26000
2024,Toyota,Camry,SE,4,Gasoline,71000.0,30/12/2025,Ontario,26000
2023,Toyota,Camry,SE,4,Gasoline,87599.0,30/12/2025,British Columbia,21500
2024,Toyota,Camry,SE,4,Gasoline,77830.0,30/12/2025,Ontario,26000
2024,Toyota,Camry,SE,4,Gasoline,70791.0,30/12/2025,Ontario,26000
2024,Toyota,Camry,Hybrid,4,Hybrid,76992.0,30/12/2025,Nova Scotia,28000
2017,Toyota,Camry,SE,4,Gasoline,173753.0,30/12/2025,British Columbia,10700
2024,Toyota,Camry,SE,4,Gasoline,77584.0,30/12/2025,Ontario,26000
2024,Toyota,Camry,SE,4,Gasoline,82340.0,30/12/2025,Ontario,26000
2018,Toyota,Tacoma,TRD,6,Gasoline,120155.0,30/12/2025,British Columbia,32500
2021,Toyota,Highlander,Hybrid XLE,4,Hybrid,67142.0,30/12/2025,Alberta,36000
2024,Toyota,Corolla,LE,4,Gasoline,67096.0,30/12/2025,Alberta,22200
2021,Toyota,Corolla,LE,4,Gasoline,72259.0,30/12/2025,British Columbia,16500
2021,Toyota,Highlander,Hybrid XLE,4,Hybrid,67142.0,30/12/2025,Alberta,36000
2018,Toyota,Tacoma,SR5,6,Gasoline,152151.0,30/12/2025,British Columbia,34750
2022,Toyota,Tundra,SR5,6,Gasoline,180756.0,30/12/2025,Quebec,26250
2016,Toyota,Tacoma,SR+,4,Gasoline,189270.0,30/12/2025,Nova Scotia,17200
2025,Toyota,Tundra,Hybrid,6,Hybrid,27.0,30/12/2025,Quebec,66100
2019,Toyota,Corolla,LE,4,Gasoline,66409.0,24/12/2025,Newfoundland and Labrador,12200
2024,Toyota,Tacoma,CREW CAB STD BED,4,Gasoline,15421.0,24/12/2025,British Columbia,45250
2024,Toyota,RAV4,LE,4,Gasoline,40604.0,23/12/2025,British Columbia,31000
2023,Toyota,RAV4,Limited,4,Gasoline,46027.0,23/12/2025,Quebec,40200
2019,Toyota,RAV4,Limited,4,Gasoline,133853.0,23/12/2025,Quebec,21700
2019,Toyota,RAV4,Trail,4,Gasoline,129561.0,23/12/2025,Quebec,22500
2021,Toyota,RAV4,XLE,4,Gasoline,206315.0,23/12/2025,Nova Scotia,17000
2023,Toyota,RAV4,XLE,4,Gasoline,60158.0,23/12/2025,Quebec,32600
2023,Toyota,RAV4,XLE,4,Gasoline,33239.0,23/12/2025,Quebec,34400
2020,Toyota,RAV4,Hybrid XLE,4,Hybrid,121665.0,23/12/2025,British Columbia,26600
2019,Toyota,RAV4,Hybrid XLE,4,Hybrid,184842.0,23/12/2025,Ontario,19500
2021,Toyota,RAV4,XLE,4,Gasoline,53898.0,23/12/2025,Ontario,27000
2023,Toyota,Tacoma,CREW CAB SHORT BED,6,Gasoline,17395.0,23/12/2025,Ontario,45000
2024,Toyota,Tacoma,Hybrid,4,Hybrid,14142.0,23/12/2025,Nova Scotia,70000
2024,Toyota,Corolla,LE,4,Gasoline,78640.0,23/12/2025,Manitoba,21500
2024,Toyota,Corolla,LE,4,Gasoline,53053.0,23/12/2025,Alberta,22100
2022,Toyota,Corolla Cross,XLE,4,Gasoline,90522.0,23/12/2025,Ontario,25750
2020,Toyota,RAV4,Hybrid XLE,4,Hybrid,121665.0,23/12/2025,British Columbia,26600
2019,Toyota,RAV4,Hybrid XLE,4,Hybrid,184842.0,23/12/2025,Ontario,19500
2021,Toyota,RAV4,XLE,4,Gasoline,53898.0,23/12/2025,Ontario,27000
2020,Toyota,Camry,SE,4,Gasoline,110655.0,23/12/2025,Ontario,17500
2023,Toyota,Camry,XSE,4,Gasoline,54879.0,23/12/2025,Alberta,26600
2018,Toyota,Camry,LE,4,Gasoline,212732.0,23/12/2025,Ontario,8000
2015,Toyota,Sienna,5DR 7PASS FWD,6,Gasoline,224262.0,23/12/2025,Ontario,8200
2020,Toyota,Tacoma,TRD OFFROAD SB PREMIUM,6,Gasoline,40266.0,23/12/2025,British Columbia,40750
2021,Toyota,Tacoma,CREW CAB SHORT BED,6,Gasoline,197814.0,23/12/2025,Ontario,26500
2019,Toyota,Tacoma,TRD,6,Gasoline,142389.0,23/12/2025,British Columbia,33400
2021,Toyota,Highlander,XLE,6,Gasoline,142482.0,23/12/2025,Ontario,25000
2017,Toyota,Highlander,XLE,6,Gasoline,122256.0,23/12/2025,Ontario,21700
2024,Toyota,Corolla,LE,4,Gasoline,78640.0,23/12/2025,Manitoba,21500
2024,Toyota,Corolla,LE,4,Gasoline,53053.0,23/12/2025,Alberta,22100
2019,Toyota,Corolla Hatchback,CVT,4,Gasoline,93687.0,23/12/2025,British Columbia,12000
2020,Toyota,CHR,LE SPORT UTILITY 4D,4,Gasoline,60251.0,23/12/2025,Ontario,19800
2022,Toyota,CHR,LE,4,Gasoline,46364.0,23/12/2025,Quebec,21300
2024,Toyota,Corolla,Hybrid LE,4,Hybrid,56011.0,23/12/2025,Alberta,24800
2024,Toyota,Corolla,Hybrid LE,4,Hybrid,96348.0,23/12/2025,Ontario,20250
2023,Toyota,Corolla,Hybrid,4,Hybrid,154195.0,23/12/2025,Ontario,17000
2025,Toyota,Camry,SE UPGRADE,4,Hybrid,18284.0,22/12/2025,Ontario,35000
2021,Toyota,RAV4,XLE,4,Gasoline,158060.0,19/12/2025,Quebec,18300
2020,Toyota,RAV4,XLE,4,Gasoline,209334.0,19/12/2025,British Columbia,15000
2023,Toyota,RAV4,Hybrid XLE,4,Hybrid,23458.0,19/12/2025,Ontario,37250
2021,Toyota,RAV4,XLE,4,Gasoline,42802.0,19/12/2025,Newfoundland and Labrador,22800
2021,Toyota,RAV4,LE,4,Gasoline,87500.0,19/12/2025,Newfoundland and Labrador,20600
2020,Toyota,Corolla,SE,4,Gasoline,94352.0,19/12/2025,Newfoundland and Labrador,12800
2020,Toyota,Corolla,SE,4,Gasoline,94577.0,19/12/2025,Newfoundland and Labrador,15700
2020,Toyota,Sienna,LE,6,Gasoline,166793.0,19/12/2025,Saskatchewan,21000
2025,Toyota,Sienna,XSE,4,Hybrid,18364.0,19/12/2025,Alberta,56000
2018,Toyota,Tundra,SR5 Plus,8,Gasoline,142242.0,19/12/2025,Saskatchewan,21000
2019,Toyota,CHR,FWD *LTD AVAIL*,4,Gasoline,89973.0,19/12/2025,Newfoundland and Labrador,14000
2024,Toyota,Sequoia,Limited,6,Hybrid,29465.0,18/12/2025,Manitoba,81750
2016,Toyota,Prius c,TECHNOLOGY,4,Hybrid,155500.0,18/12/2025,British Columbia,10500
2016,Toyota,Prius c,TECHNOLOGY,4,Hybrid,159777.0,18/12/2025,British Columbia,9600
2016,Toyota,Prius c,TECHNOLOGY,4,Hybrid,148127.0,18/12/2025,British Columbia,10700
2016,Toyota,Prius c,TECHNOLOGY,4,Hybrid,158536.0,18/12/2025,British Columbia,10500
2016,Toyota,Prius c,TECHNOLOGY,4,Hybrid,158501.0,18/12/2025,British Columbia,9700
2017,Toyota,RAV4,SE,4,Gasoline,101921.0,18/12/2025,British Columbia,22600
2022,Toyota,RAV4,XLE,4,Gasoline,52357.0,18/12/2025,British Columbia,30000
2024,Toyota,RAV4,Hybrid XLE,4,Hybrid,19662.0,18/12/2025,Quebec,40800
2019,Toyota,RAV4,Hybrid XLE,4,Hybrid,99810.0,18/12/2025,Quebec,23000
2023,Toyota,Tacoma,CREW CAB LONG BED,6,Gasoline,40322.0,18/12/2025,Ontario,39000
2023,Toyota,Tacoma,CREW CAB LONG BED,6,Gasoline,16625.0,18/12/2025,Ontario,35500
2025,Toyota,Tacoma,Hybrid,4,Hybrid,7079.0,18/12/2025,Nova Scotia,64000
2024,Toyota,Sequoia,Limited,6,Hybrid,29465.0,18/12/2025,Manitoba,81750
2016,Toyota,Prius c,Technology,4,Hybrid,160915.0,18/12/2025,British Columbia,9700
2016,Toyota,Prius c,TECHNOLOGY,4,Hybrid,156328.0,18/12/2025,British Columbia,9900
2016,Toyota,Prius c,TECHNOLOGY,4,Hybrid,153960.0,18/12/2025,British Columbia,9800
2016,Toyota,Prius c,TECHNOLOGY,4,Hybrid,152312.0,18/12/2025,British Columbia,10300
2023,Toyota,RAV4,LE,4,Gasoline,78060.0,18/12/2025,Ontario,26750
2020,Toyota,RAV4,LE,4,Gasoline,111376.0,18/12/2025,Ontario,19000
2018,Toyota,RAV4,LE,4,Gasoline,126386.0,18/12/2025,New Brunswick,13900
2023,Toyota,RAV4,Hybrid Limited,4,Hybrid,39530.0,18/12/2025,Quebec,41700
2025,Toyota,RAV4,Hybrid Limited,4,Hybrid,12233.0,18/12/2025,Ontario,50000
2022,Toyota,RAV4,Trail,4,Gasoline,82456.0,18/12/2025,British Columbia,35800
2017,Toyota,RAV4,SE,4,Gasoline,101921.0,18/12/2025,British Columbia,22600
2022,Toyota,RAV4,XLE,4,Gasoline,52357.0,18/12/2025,British Columbia,30000
2024,Toyota,RAV4,Hybrid XLE,4,Hybrid,19662.0,18/12/2025,Quebec,40800
2019,Toyota,RAV4,Hybrid XLE,4,Hybrid,99810.0,18/12/2025,Quebec,23000
2024,Toyota,Camry,SE,4,Gasoline,56460.0,18/12/2025,Manitoba,23000
2024,Toyota,Camry,SE,4,Gasoline,50526.0,18/12/2025,British Columbia,25900
2024,Toyota,Camry,Hybrid,4,Hybrid,86203.0,18/12/2025,Nova Scotia,27200
2021,Toyota,Camry,SE,4,Gasoline,81706.0,18/12/2025,New Brunswick,20000
2014,Toyota,Sienna,LE,6,Gasoline,197398.0,18/12/2025,British Columbia,11000
2015,Toyota,Sienna,SE,6,Gasoline,106088.0,18/12/2025,British Columbia,16500
2013,Toyota,Sienna,5DR V6 7PASS FWD,6,Gasoline,139202.0,18/12/2025,British Columbia,10250
2017,Toyota,Tacoma,TRD OFF ROAD CREW CAB SHORT BED,6,Gasoline,131955.0,18/12/2025,Ontario,26000
2018,Toyota,Tundra,SR5 Plus,8,Gasoline,67843.0,18/12/2025,Ontario,42750
2016,Toyota,Prius c,TECHNOLOGY,4,Hybrid,156328.0,18/12/2025,British Columbia,9900
2016,Toyota,Prius c,TECHNOLOGY,4,Hybrid,153960.0,18/12/2025,British Columbia,9800
2016,Toyota,Prius c,TECHNOLOGY,4,Hybrid,152312.0,18/12/2025,British Columbia,10300
2016,Toyota,Prius c,TECHNOLOGY,4,Hybrid,155500.0,18/12/2025,British Columbia,10500
2016,Toyota,Prius c,TECHNOLOGY,4,Hybrid,159777.0,18/12/2025,British Columbia,9600
2016,Toyota,Prius c,TECHNOLOGY,4,Hybrid,148127.0,18/12/2025,British Columbia,10700
2016,Toyota,Prius c,TECHNOLOGY,4,Hybrid,158536.0,18/12/2025,British Columbia,10500
2016,Toyota,Prius c,TECHNOLOGY,4,Hybrid,158501.0,18/12/2025,British Columbia,9700
2016,Toyota,Prius c,TECHNOLOGY,4,Hybrid,157789.0,18/12/2025,British Columbia,10500
2023,Toyota,bZ4X,XLE SPORT UTILITY 4D,E,Electric,42695.0,18/12/2025,Quebec,24100
2023,Toyota,bZ4X,XLE,E,Electric,72967.0,18/12/2025,British Columbia,20000
2023,Toyota,RAV4 Prime,XSE,4,Hybrid,41156.0,18/12/2025,Ontario,42250
2023,Toyota,Corolla Hatchback,CVT,4,Gasoline,71068.0,18/12/2025,Ontario,21000
2022,Toyota,Corolla Hatchback,CVT,4,Gasoline,27355.0,18/12/2025,Ontario,23100
2020,Toyota,Corolla Hatchback,CVT,4,Gasoline,70214.0,18/12/2025,Ontario,18400
2024,Toyota,Prius Prime,SE,4,Hybrid,42949.0,18/12/2025,Ontario,32800
2021,Toyota,Prius Prime,PRIME,4,Hybrid,107916.0,18/12/2025,Ontario,19000
2018,Toyota,Yaris Hatchback,LE,4,Gasoline,28807.0,18/12/2025,Ontario,16500
2024,Toyota,Sequoia,Limited,6,Hybrid,29101.0,17/12/2025,Quebec,78750
2025,Toyota,Corolla Cross,LE,4,Gasoline,497.0,17/12/2025,Ontario,31500
2018,Toyota,4Runner,4WD,6,Gasoline,132834.0,17/12/2025,Ontario,27750
2025,Toyota,4Runner,4WD,4,Gasoline,6173.0,17/12/2025,Ontario,64750
2023,Toyota,bZ4X,L,E,Electric,79113.0,17/12/2025,Quebec,21600
2024,Toyota,bZ4X,LE,E,Electric,42647.0,17/12/2025,Quebec,24600
2023,Toyota,bZ4X,XLE,E,Electric,36113.0,17/12/2025,Quebec,26600
2014,Toyota,RAV4,Limited,4,Gasoline,199446.0,17/12/2025,Ontario,10500
2020,Toyota,RAV4,Hybrid Limited,4,Hybrid,96277.0,17/12/2025,Alberta,28600
2023,Toyota,RAV4,XLE,4,Gasoline,33495.0,17/12/2025,Ontario,36000
2022,Toyota,RAV4,XLE,4,Gasoline,44523.0,17/12/2025,Quebec,32500
2022,Toyota,RAV4,Hybrid XLE,4,Hybrid,94537.0,17/12/2025,Ontario,29500
2024,Toyota,RAV4,Hybrid XLE,4,Hybrid,21874.0,17/12/2025,Ontario,42500
2019,Toyota,RAV4,Hybrid XLE,4,Hybrid,134071.0,17/12/2025,Quebec,22100
2024,Toyota,RAV4,Hybrid XLE,4,Hybrid,59507.0,17/12/2025,Ontario,37250
2021,Toyota,RAV4,LE,4,Gasoline,78421.0,17/12/2025,Ontario,22250
2018,Toyota,RAV4,LE,4,Gasoline,69621.0,17/12/2025,Ontario,19250
2013,Toyota,Corolla,CE,4,Gasoline,217676.0,17/12/2025,Ontario,4200
2018,Toyota,Corolla,XSE,4,Gasoline,157342.0,17/12/2025,Ontario,11100
2019,Toyota,Corolla,LE,4,Gasoline,125898.0,17/12/2025,Ontario,14750
2024,Toyota,Tacoma,CREW CAB STD BED,4,Gasoline,18589.0,17/12/2025,Quebec,47400
2020,Toyota,Yaris Hatchback,AUTO,4,Gasoline,34815.0,17/12/2025,Quebec,15750
2024,Toyota,RAV4,LE,4,Gasoline,34793.0,17/12/2025,Ontario,31250
2022,Toyota,RAV4,LE,4,Gasoline,116333.0,17/12/2025,Ontario,22500
2025,Toyota,RAV4,Hybrid LE,4,Hybrid,6528.0,17/12/2025,Quebec,41250
2020,Toyota,RAV4,Hybrid LE,4,Hybrid,118158.0,17/12/2025,Ontario,24300
2024,Toyota,RAV4,Hybrid LE,4,Hybrid,89289.0,17/12/2025,Ontario,33250
2023,Toyota,RAV4,Limited,4,Gasoline,15018.0,17/12/2025,Ontario,42100
2014,Toyota,RAV4,Limited,4,Gasoline,199446.0,17/12/2025,Ontario,10500
2020,Toyota,RAV4,Hybrid Limited,4,Hybrid,96277.0,17/12/2025,Alberta,28600
2023,Toyota,RAV4,XLE,4,Gasoline,33495.0,17/12/2025,Ontario,36000
2022,Toyota,Camry,SE,4,Gasoline,125685.0,17/12/2025,Quebec,22200
2016,Toyota,Camry,SE,4,Gasoline,33128.0,17/12/2025,Ontario,17100
2011,Toyota,Camry,SE,6,Gasoline,102766.0,17/12/2025,Ontario,8500
2018,Toyota,Camry,XSE,6,Gasoline,95008.0,17/12/2025,Quebec,18000
2021,Toyota,Camry,SE,4,Gasoline,190451.0,17/12/2025,Ontario,14500
2022,Toyota,Camry,SE,4,Gasoline,127101.0,17/12/2025,Ontario,16000
2016,Toyota,Tundra,Platinum,8,Gasoline,65486.0,17/12/2025,Quebec,39750
2017,Toyota,Tundra,SR5 Plus,8,Gasoline,124400.0,17/12/2025,Ontario,32000
2025,Toyota,Sienna,LE,4,Hybrid,274.0,17/12/2025,Ontario,49000
2025,Toyota,Sienna,LE,4,Hybrid,31054.0,17/12/2025,Quebec,45000
2022,Toyota,Highlander,XLE,6,Gasoline,38849.0,17/12/2025,Ontario,34250
2019,Toyota,Sienna,LE,6,Gasoline,142466.0,17/12/2025,Ontario,22400
2019,Toyota,Highlander,XLE,6,Gasoline,97560.0,17/12/2025,Ontario,29400
2023,Toyota,Highlander,XLE,4,Gasoline,36619.0,17/12/2025,Ontario,44800
2024,Toyota,Grand Highlander,LIMITED,4,Gasoline,72080.0,17/12/2025,Quebec,47000
2019,Toyota,Highlander,LE,6,Gasoline,158294.0,17/12/2025,Ontario,19600
2021,Toyota,Highlander,Limited,6,Gasoline,45001.0,17/12/2025,Ontario,42500
2020,Toyota,Highlander,Limited,6,Gasoline,145861.0,17/12/2025,Ontario,28000
2022,Toyota,Sienna,XSE,4,Hybrid,123267.0,17/12/2025,Quebec,37500
2020,Toyota,Tacoma,CREW CAB SHORT BED,6,Gasoline,98034.0,17/12/2025,Ontario,37250
2021,Toyota,Tacoma,CREW CAB LONG BED,6,Gasoline,185924.0,17/12/2025,Quebec,29000
2021,Toyota,Tacoma,CREW CAB LONG BED,6,Gasoline,79054.0,17/12/2025,Ontario,37500
2017,Toyota,Tundra,Limited,8,Gasoline,100252.0,17/12/2025,Alberta,38300
2022,Toyota,Tundra,SR,6,Gasoline,176445.0,17/12/2025,Quebec,23200
2024,Toyota,Tundra,Platinum,6,Gasoline,14572.0,17/12/2025,Quebec,63000
2018,Toyota,4Runner,4WD,6,Gasoline,132834.0,17/12/2025,Ontario,27750
2025,Toyota,4Runner,4WD,4,Gasoline,6173.0,17/12/2025,Ontario,64750
2023,Toyota,bZ4X,L,E,Electric,79113.0,17/12/2025,Quebec,21600
2024,Toyota,bZ4X,LE,E,Electric,42647.0,17/12/2025,Quebec,24600
2023,Toyota,bZ4X,XLE,E,Electric,36113.0,17/12/2025,Quebec,26600
2021,Toyota,RAV4 Prime,XSE,4,Hybrid,148613.0,17/12/2025,Quebec,27500
2024,Toyota,RAV4 Prime,SE,4,Hybrid,94038.0,17/12/2025,Ontario,35000
2022,Toyota,Corolla Hatchback,CVT,4,Gasoline,35244.0,17/12/2025,Quebec,19500
2023,Toyota,Corolla,Hybrid LE,4,Hybrid,38661.0,17/12/2025,Ontario,25000
2024,Toyota,Corolla,Hybrid,4,Hybrid,69803.0,17/12/2025,Ontario,24500
2026,Toyota,Corolla,Hybrid,4,Hybrid,1639.0,17/12/2025,Quebec,35750
2021,Toyota,GR Supra,3,6,Gasoline,50090.0,17/12/2025,Ontario,50000
2024,Toyota,GR Supra,3,6,Gasoline,12989.0,17/12/2025,Quebec,65200
2021,Toyota,RAV4,LE,4,Gasoline,62070.0,16/12/2025,Nova Scotia,22400
2025,Toyota,RAV4,XLE,4,Gasoline,26140.0,16/12/2025,Ontario,37500
2020,Toyota,Corolla,LE,4,Gasoline,132626.0,16/12/2025,Nova Scotia,14100
2025,Toyota,Corolla Cross,LE,4,Gasoline,28816.0,16/12/2025,Ontario,30000
2024,Toyota,Camry,SE,4,Gasoline,35050.0,16/12/2025,Alberta,28200
2016,Toyota,Venza,Other,6,Gasoline,154037.0,16/12/2025,Nova Scotia,10500
2017,Toyota,Highlander,Limited,6,Gasoline,164184.0,16/12/2025,Nova Scotia,18800
2023,Toyota,4Runner,TRD PRO,6,Gasoline,62482.0,16/12/2025,Alberta,63000
2022,Toyota,Corolla Hatchback,MANUAL,4,Gasoline,54574.0,16/12/2025,Nova Scotia,14300
2022,Toyota,RAV4,LE,4,Gasoline,119223.0,12/12/2025,Newfoundland and Labrador,19800
2018,Toyota,RAV4,LE,4,Gasoline,96472.0,12/12/2025,Newfoundland and Labrador,16800
2021,Toyota,RAV4,Hybrid Limited,4,Hybrid,97192.0,12/12/2025,Newfoundland and Labrador,26700
2019,Toyota,RAV4,Trail,4,Gasoline,144239.0,12/12/2025,Newfoundland and Labrador,19300
2022,Toyota,RAV4,XLE,4,Gasoline,71787.0,12/12/2025,Newfoundland and Labrador,29300
2019,Toyota,RAV4,XLE,4,Gasoline,65332.0,12/12/2025,British Columbia,27500
2021,Toyota,RAV4,XLE,4,Gasoline,118717.0,12/12/2025,Newfoundland and Labrador,23800
2018,Toyota,RAV4,XLE,4,Gasoline,115454.0,12/12/2025,Newfoundland and Labrador,17400
2020,Toyota,Camry,XSE,4,Gasoline,90903.0,12/12/2025,Newfoundland and Labrador,21000
2020,Toyota,Sienna,CE,6,Gasoline,58017.0,12/12/2025,Newfoundland and Labrador,28900
2025,Toyota,Sienna,XSE,4,Hybrid,78.0,12/12/2025,Ontario,59000
2016,Toyota,Highlander,XLE,6,Gasoline,105120.0,12/12/2025,Newfoundland and Labrador,16700
2017,Toyota,Highlander,Limited,6,Gasoline,137506.0,12/12/2025,Quebec,23200
2020,Toyota,Tacoma,SR5 CREW CAB LONG BED,6,Gasoline,106611.0,12/12/2025,Newfoundland and Labrador,29100
2020,Toyota,Tacoma,SR5 CREW CAB LONG BED,6,Gasoline,95095.0,12/12/2025,Newfoundland and Labrador,33500
2021,Toyota,Tacoma,CREW CAB LONG BED,6,Gasoline,89708.0,12/12/2025,Newfoundland and Labrador,39000
2023,Toyota,4Runner,TRD SPORT,6,Gasoline,61300.0,12/12/2025,Newfoundland and Labrador,43500
2019,Toyota,CHR,FWD *LTD AVAIL*,4,Gasoline,75643.0,12/12/2025,British Columbia,17750
2016,Toyota,4Runner,SR5,6,Gasoline,128761.0,11/12/2025,Quebec,24200
2016,Toyota,Prius c,TECHNOLOGY,4,Hybrid,158334.0,11/12/2025,British Columbia,9500
2024,Toyota,Venza,XLE,4,Hybrid,26578.0,11/12/2025,Quebec,41000
2022,Toyota,4Runner,4WD,6,Gasoline,38397.0,11/12/2025,British Columbia,49100
2023,Toyota,bZ4X,XLE,E,Electric,100337.0,11/12/2025,Quebec,19200
2023,Toyota,RAV4 Prime,XSE,4,Hybrid,41735.0,11/12/2025,Quebec,42750
2024,Toyota,Corolla Hatchback,CVT,4,Gasoline,45872.0,11/12/2025,British Columbia,22800
2024,Toyota,Prius,XLE,4,Hybrid,37499.0,11/12/2025,British Columbia,31100
2023,Toyota,Corolla,Hybrid,4,Hybrid,21477.0,11/12/2025,Alberta,29000
2016,Toyota,Prius c,TECHNOLOGY,4,Hybrid,152976.0,11/12/2025,British Columbia,8600
2016,Toyota,Prius c,TECHNOLOGY,4,Hybrid,157857.0,11/12/2025,British Columbia,10800
2016,Toyota,Prius c,TECHNOLOGY,4,Hybrid,150898.0,11/12/2025,British Columbia,9300
2016,Toyota,Prius c,TECHNOLOGY,4,Hybrid,157226.0,11/12/2025,British Columbia,9100
2025,Toyota,RAV4,LE,4,Gasoline,44991.0,11/12/2025,British Columbia,31500
2022,Toyota,RAV4,LE,4,Gasoline,63803.0,11/12/2025,Ontario,27000
2024,Toyota,RAV4,LE,4,Gasoline,48723.0,11/12/2025,British Columbia,30600
2011,Toyota,RAV4,Base,4,Gasoline,194524.0,11/12/2025,Manitoba,5300
2015,Toyota,RAV4,LE,4,Gasoline,132080.0,11/12/2025,British Columbia,14000
2023,Toyota,RAV4,HYBRID XLE PREMIUM,4,Hybrid,34723.0,11/12/2025,British Columbia,38200
2022,Toyota,RAV4,Hybrid LE,4,Hybrid,113844.0,11/12/2025,Ontario,26400
2023,Toyota,RAV4,Limited,4,Gasoline,46782.0,11/12/2025,Ontario,39000
2019,Toyota,RAV4,Hybrid Limited,4,Hybrid,182984.0,11/12/2025,Ontario,22300
2020,Toyota,Corolla,SE,4,Gasoline,143201.0,11/12/2025,Quebec,13800
2020,Toyota,Corolla,SE,4,Gasoline,50907.0,11/12/2025,Quebec,17000
2021,Toyota,Corolla,LE,4,Gasoline,56645.0,11/12/2025,Ontario,18300
2022,Toyota,Corolla,LE,4,Gasoline,115477.0,11/12/2025,Manitoba,17000
2021,Toyota,Corolla,LE,4,Gasoline,145974.0,11/12/2025,British Columbia,15300
2022,Toyota,Camry,SE,4,Gasoline,116489.0,11/12/2025,Ontario,19700
2015,Toyota,Camry,LE,4,Gasoline,145004.0,11/12/2025,British Columbia,12700
2024,Toyota,Camry,Hybrid LE,4,Hybrid,50813.0,11/12/2025,British Columbia,29000
2018,Toyota,Corolla,LE,4,Gasoline,111954.0,11/12/2025,Quebec,13000
2022,Toyota,Camry,SE,4,Gasoline,116489.0,11/12/2025,Ontario,19700
2015,Toyota,Camry,LE,4,Gasoline,145004.0,11/12/2025,British Columbia,12700
2024,Toyota,Camry,Hybrid LE,4,Hybrid,50813.0,11/12/2025,British Columbia,29000
2024,Toyota,Highlander,LE,4,Gasoline,41788.0,11/12/2025,British Columbia,35800
2024,Toyota,Highlander,LE,4,Gasoline,95001.0,11/12/2025,Quebec,34000
2023,Toyota,Highlander,XLE,4,Gasoline,22671.0,11/12/2025,Ontario,42000
2020,Toyota,Sienna,SE,6,Gasoline,66056.0,11/12/2025,British Columbia,31900
2023,Toyota,Sienna,XSE,4,Hybrid,33638.0,11/12/2025,British Columbia,52500
2021,Toyota,Highlander,XLE,6,Gasoline,60102.0,11/12/2025,Ontario,36400
2020,Toyota,Highlander,XLE,6,Gasoline,62386.0,11/12/2025,Ontario,33400
2021,Toyota,Corolla,SE,4,Gasoline,87652.0,11/12/2025,Ontario,19400
2024,Toyota,Corolla,LE,4,Gasoline,20699.0,11/12/2025,British Columbia,22600
2024,Toyota,Corolla,L,4,Gasoline,49410.0,11/12/2025,British Columbia,21300
2020,Toyota,Corolla,SE,4,Gasoline,143201.0,11/12/2025,Quebec,13800
2020,Toyota,Corolla,SE,4,Gasoline,50907.0,11/12/2025,Quebec,17000
2021,Toyota,Corolla,LE,4,Gasoline,56645.0,11/12/2025,Ontario,18300
2022,Toyota,Corolla,LE,4,Gasoline,115477.0,11/12/2025,Manitoba,17000
2021,Toyota,Corolla,LE,4,Gasoline,145974.0,11/12/2025,British Columbia,15300
2019,Toyota,Sequoia,Platinum,8,Gasoline,63073.0,11/12/2025,British Columbia,57000
2024,Toyota,Sienna,XSE,4,Hybrid,87005.0,11/12/2025,Quebec,49250
2019,Toyota,Tacoma,SR5,6,Gasoline,115564.0,11/12/2025,British Columbia,36100
2019,Toyota,Tacoma,SR5,6,Gasoline,152322.0,11/12/2025,New Brunswick,27300
2023,Toyota,Tundra,SR,6,Gasoline,37280.0,11/12/2025,British Columbia,46500
2023,Toyota,Tundra,SR,6,Gasoline,55083.0,11/12/2025,British Columbia,44500
2023,Toyota,Tacoma,CREW CAB LONG BED,6,Gasoline,52265.0,11/12/2025,Ontario,45600
2024,Toyota,Tacoma,CREW CAB STD BED,4,Gasoline,24475.0,11/12/2025,Ontario,45250
2020,Toyota,Yaris Hatchback,AUTO,4,Gasoline,27284.0,11/12/2025,Ontario,7700
2015,Toyota,Yaris,LE,4,Gasoline,47699.0,11/12/2025,British Columbia,10200
2022,Toyota,RAV4,LE,4,Gasoline,34867.0,10/12/2025,Quebec,28600
2021,Toyota,RAV4,LE,4,Gasoline,83878.0,10/12/2025,Ontario,23800
2024,Toyota,RAV4,LE,4,Gasoline,48147.0,10/12/2025,Ontario,30000
2021,Toyota,RAV4,LE,4,Gasoline,134724.0,10/12/2025,Ontario,19500
2024,Toyota,RAV4,LE,4,Gasoline,12427.0,10/12/2025,Ontario,33300
2018,Toyota,RAV4,LE,4,Gasoline,52479.0,10/12/2025,Quebec,20500
2023,Toyota,RAV4,HYBRID LE,4,Hybrid,49049.0,10/12/2025,Ontario,27750
2025,Toyota,RAV4,Hybrid LE,4,Hybrid,4302.0,10/12/2025,Ontario,37750
2023,Toyota,RAV4,Limited,4,Gasoline,30456.0,10/12/2025,Ontario,40250
2024,Toyota,RAV4,Limited,4,Gasoline,13717.0,10/12/2025,Alberta,42500
2023,Toyota,RAV4,Trail,4,Gasoline,112979.0,10/12/2025,Ontario,32000
2019,Toyota,RAV4,Trail,4,Gasoline,133091.0,10/12/2025,Quebec,22400
2017,Toyota,RAV4,SE,4,Gasoline,146532.0,10/12/2025,Ontario,16800
2024,Toyota,RAV4,XLE,4,Gasoline,8267.0,10/12/2025,Ontario,36000
2023,Toyota,RAV4,XLE,4,Gasoline,36199.0,10/12/2025,Ontario,32750
2021,Toyota,RAV4,XLE,4,Gasoline,122542.0,10/12/2025,Ontario,25500
2024,Toyota,RAV4,Hybrid XLE,4,Hybrid,21950.0,10/12/2025,Quebec,42300
2022,Toyota,RAV4,Hybrid XLE,4,Hybrid,61485.0,10/12/2025,Ontario,35750
2022,Toyota,RAV4,LE,4,Gasoline,49185.0,10/12/2025,Ontario,21750
2022,Toyota,RAV4,LE,4,Gasoline,26169.0,10/12/2025,Ontario,29250
2015,Toyota,Corolla,CE,4,Gasoline,87975.0,10/12/2025,Ontario,11600
2016,Toyota,Corolla,LE,4,Gasoline,154684.0,10/12/2025,Ontario,10500
2025,Toyota,RAV4,Hybrid SE,4,Hybrid,19828.0,10/12/2025,Ontario,44000
2023,Toyota,RAV4,LE,4,Gasoline,25168.0,10/12/2025,Ontario,27000
2023,Toyota,Corolla,LE,4,Gasoline,73758.0,10/12/2025,Quebec,19500
2023,Toyota,Corolla,L,4,Gasoline,43871.0,10/12/2025,Quebec,20600
2020,Toyota,Corolla,XSE,4,Gasoline,76864.0,10/12/2025,Quebec,20000
2022,Toyota,Corolla,L,4,Gasoline,93513.0,10/12/2025,Ontario,16750
2017,Toyota,RAV4,SE,4,Gasoline,146532.0,10/12/2025,Ontario,16800
2024,Toyota,RAV4,XLE,4,Gasoline,8267.0,10/12/2025,Ontario,36000
2023,Toyota,RAV4,XLE,4,Gasoline,36199.0,10/12/2025,Ontario,32750
2021,Toyota,RAV4,XLE,4,Gasoline,122542.0,10/12/2025,Ontario,25500
2024,Toyota,RAV4,Hybrid XLE,4,Hybrid,21950.0,10/12/2025,Quebec,42300
2022,Toyota,RAV4,Hybrid XLE,4,Hybrid,61485.0,10/12/2025,Ontario,35750
2022,Toyota,RAV4,LE,4,Gasoline,49185.0,10/12/2025,Ontario,21750
2022,Toyota,RAV4,LE,4,Gasoline,26169.0,10/12/2025,Ontario,29250
2021,Toyota,Sienna,Other,4,Hybrid,101687.0,10/12/2025,Nova Scotia,43200
2021,Toyota,Sienna,XLE,4,Hybrid,79246.0,10/12/2025,Ontario,40500
2022,Toyota,Highlander,XLE,6,Gasoline,31216.0,10/12/2025,Ontario,41500
2021,Toyota,Highlander,XLE,6,Gasoline,80070.0,10/12/2025,Ontario,30250
2022,Toyota,Highlander,XLE,6,Gasoline,40048.0,10/12/2025,Quebec,40700
2024,Toyota,Grand Highlander,LIMITED,4,Gasoline,31898.0,10/12/2025,Ontario,53500
2013,Toyota,Highlander,Limited,6,Gasoline,107403.0,10/12/2025,Ontario,12500
2020,Toyota,Sequoia,Platinum,8,Gasoline,155862.0,10/12/2025,Ontario,50400
2021,Toyota,Highlander,Limited,6,Gasoline,85721.0,10/12/2025,Ontario,39500
2024,Toyota,Sienna,XSE,4,Hybrid,52058.0,10/12/2025,Ontario,51000
2025,Toyota,Sienna,XSE,4,Hybrid,885.0,10/12/2025,Quebec,59500
2021,Toyota,Sienna,Other,4,Hybrid,101687.0,10/12/2025,Nova Scotia,43200
2021,Toyota,Sienna,XLE,4,Hybrid,79246.0,10/12/2025,Ontario,40500
2022,Toyota,Highlander,XLE,6,Gasoline,31216.0,10/12/2025,Ontario,41500
2021,Toyota,Highlander,XLE,6,Gasoline,80070.0,10/12/2025,Ontario,30250
2022,Toyota,Highlander,XLE,6,Gasoline,40048.0,10/12/2025,Quebec,40700
2023,Toyota,Corolla,LE,4,Gasoline,73758.0,10/12/2025,Quebec,19500
2021,Toyota,4Runner,TRD OFFROAD PREMIUM SPORT UTILITY 4D,6,Gasoline,80733.0,10/12/2025,Ontario,40000
2024,Toyota,4Runner,Other,6,Gasoline,37038.0,10/12/2025,Quebec,54600
2023,Toyota,bZ4X,XLE,E,Electric,21964.0,10/12/2025,Quebec,23700
2023,Toyota,bZ4X,XLE,E,Electric,47544.0,10/12/2025,Quebec,26800
2023,Toyota,RAV4 Prime,XSE,4,Hybrid,37954.0,10/12/2025,Quebec,44000
2024,Toyota,RAV4 Prime,XSE,4,Hybrid,7291.0,10/12/2025,Quebec,48000
2022,Toyota,RAV4 Prime,XSE,4,Hybrid,48178.0,10/12/2025,Quebec,37500
2024,Toyota,RAV4 Prime,SE,4,Hybrid,16066.0,10/12/2025,Quebec,44800
2023,Toyota,RAV4 Prime,XSE,4,Hybrid,33561.0,10/12/2025,Quebec,44700
2020,Toyota,Corolla Hatchback,CVT,4,Gasoline,136820.0,10/12/2025,Quebec,12500
2020,Toyota,Sequoia,Platinum,8,Gasoline,155862.0,10/12/2025,Ontario,50400
2021,Toyota,Highlander,Limited,6,Gasoline,85721.0,10/12/2025,Ontario,39500
2019,Toyota,Tundra,SR5 Plus,8,Gasoline,82138.0,10/12/2025,Alberta,44000
2016,Toyota,Tacoma,SR5,6,Gasoline,102271.0,10/12/2025,Ontario,27500
2018,Toyota,Tacoma,SR5,6,Gasoline,191897.0,10/12/2025,Ontario,25000
2025,Toyota,Tundra,Hybrid,6,Hybrid,6915.0,10/12/2025,Quebec,72400
2017,Toyota,Yaris,LE,4,Gasoline,140814.0,10/12/2025,Quebec,9000
2022,Toyota,GR Supra,3,6,Gasoline,24511.0,10/12/2025,Ontario,54000
2020,Toyota,4Runner,Other,6,Gasoline,140884.0,09/12/2025,Nova Scotia,29000
2023,Toyota,RAV4,LE,4,Gasoline,37829.0,09/12/2025,Alberta,29250
2017,Toyota,RAV4,LE,4,Gasoline,153273.0,09/12/2025,Nova Scotia,11000
2017,Toyota,RAV4,Limited,4,Gasoline,86502.0,09/12/2025,Nova Scotia,18300
2024,Toyota,RAV4,XLE,4,Gasoline,14989.0,09/12/2025,Alberta,38400
2024,Toyota,RAV4,XLE,4,Gasoline,16875.0,09/12/2025,Nova Scotia,36000
2019,Toyota,RAV4,Hybrid XLE,4,Hybrid,143975.0,09/12/2025,Nova Scotia,21000
2013,Toyota,Corolla,CE,4,Gasoline,82866.0,09/12/2025,Nova Scotia,7800
2017,Toyota,Corolla,LE,4,Gasoline,135374.0,09/12/2025,Nova Scotia,11600
2024,Toyota,Corolla,L,4,Gasoline,43163.0,09/12/2025,Nova Scotia,23400
2021,Toyota,Corolla,LE,4,Gasoline,77475.0,09/12/2025,Alberta,19900
2023,Toyota,Highlander,Hybrid LE,4,Hybrid,47094.0,09/12/2025,Nova Scotia,42200
2018,Toyota,Tacoma,SR5,6,Gasoline,221262.0,09/12/2025,Nova Scotia,19600
2017,BMW,X3,xDrive28i,4,Gasoline,183397.0,02/01/2026,Saskatchewan,5500
2018,BMW,X5,xDrive35i,6,Gasoline,108847.0,30/12/2025,Alberta,12500
2023,BMW,X4,xDrive30i,4,Gasoline,51178.0,30/12/2025,British Columbia,43000
2024,BMW,X6,xDrive40i,6,Hybrid,58658.0,30/12/2025,Quebec,72800
2024,BMW,X3,xDrive30i,4,Gasoline,48124.0,30/12/2025,Quebec,44000
2022,BMW,X3,xDrive30i,4,Gasoline,52306.0,30/12/2025,Quebec,35000
2022,BMW,X5,xDrive40i,6,Hybrid,40844.0,30/12/2025,British Columbia,49750
2019,BMW,X5,xDrive40i,6,Gasoline,98700.0,30/12/2025,Alberta,30000
2019,BMW,X5,xDrive40i,6,Gasoline,142609.0,30/12/2025,Nova Scotia,27100
2019,BMW,X7,xDrive50i,8,Gasoline,127238.0,30/12/2025,Alberta,37750
2022,BMW,X5,M50i,8,Gasoline,71827.0,30/12/2025,Quebec,55000
2023,BMW,iX,xDrive50,E,Electric,47620.0,30/12/2025,Quebec,52000
2018,BMW,4 Series,430i xDrive,4,Gasoline,107237.0,30/12/2025,Alberta,14800
2021,BMW,2 Series,228i xDrive,4,Gasoline,80095.0,30/12/2025,Quebec,19400
2017,BMW,3 Series,330i xDrive,4,Gasoline,105854.0,30/12/2025,British Columbia,11200
2018,BMW,3 Series,330i xDrive,4,Gasoline,112315.0,30/12/2025,Nova Scotia,10600
2022,BMW,X2,xDrive28i,4,Gasoline,110564.0,30/12/2025,Newfoundland and Labrador,16100
2018,BMW,3 Series,330i xDrive,4,Gasoline,112315.0,30/12/2025,Nova Scotia,10600
2014,BMW,5 Series,528i xDrive,4,Gasoline,135127.0,24/12/2025,British Columbia,4500
2021,BMW,X1,xDrive28i,4,Gasoline,61260.0,24/12/2025,Quebec,22000
2020,BMW,3 Series,330i xDrive,4,Gasoline,44842.0,23/12/2025,British Columbia,26900
2020,BMW,3 Series,330i xDrive,4,Gasoline,105563.0,23/12/2025,Alberta,20250
2023,BMW,X4 M,Competition,6,Gasoline,20056.0,23/12/2025,British Columbia,72000
2016,BMW,X5 eDrive,xDrive40e,4,Hybrid,132465.0,23/12/2025,Ontario,12700
2017,BMW,X6,xDrive35i,6,Gasoline,135063.0,23/12/2025,Ontario,19500
2018,BMW,X6,xDrive35i,6,Gasoline,121363.0,23/12/2025,Ontario,23750
2016,BMW,X6,xDrive35i,6,Gasoline,63161.0,23/12/2025,Ontario,24000
2018,BMW,X3,xDrive30i,4,Gasoline,179004.0,23/12/2025,Ontario,11500
2021,BMW,X3,xDrive30i,4,Gasoline,119865.0,23/12/2025,Ontario,21000
2020,BMW,X3,M40i,6,Gasoline,16444.0,23/12/2025,Quebec,34500
2018,BMW,X4,xDrive28i,4,Gasoline,112415.0,23/12/2025,British Columbia,18250
2023,BMW,X3,xDrive30i,4,Gasoline,55617.0,23/12/2025,Ontario,36500
2022,BMW,X3,xDrive30i,4,Gasoline,58149.0,23/12/2025,Quebec,32250
2023,BMW,X3,xDrive30i,4,Gasoline,55617.0,23/12/2025,Ontario,36500
2022,BMW,X3,xDrive30i,4,Gasoline,58149.0,23/12/2025,Quebec,32250
2019,BMW,X5,xDrive40i,6,Gasoline,40295.0,23/12/2025,British Columbia,34100
2022,BMW,X7,xDrive40i,6,Hybrid,95575.0,23/12/2025,Quebec,54200
2020,BMW,X5,M50i,8,Gasoline,101024.0,23/12/2025,Quebec,40600
2018,BMW,X5,xDrive35i,6,Gasoline,151559.0,23/12/2025,Ontario,12100
2016,BMW,X1,xDrive28i,4,Gasoline,136306.0,23/12/2025,Quebec,9000
2016,BMW,X1,xDrive28i,4,Gasoline,136485.0,23/12/2025,Quebec,9100
2020,BMW,X1,xDrive28i,4,Gasoline,103538.0,23/12/2025,Ontario,18000
2022,BMW,X2,xDrive28i,4,Gasoline,107843.0,23/12/2025,Ontario,19600
2022,BMW,3 Series,330e xDrive,4,Hybrid,127848.0,23/12/2025,Ontario,17000
2018,BMW,3 Series,330i xDrive,4,Gasoline,183911.0,23/12/2025,Ontario,7200
2021,BMW,3 Series,330i xDrive,4,Gasoline,90889.0,22/12/2025,British Columbia,25000
2025,BMW,X3,30 xDrive,4,Hybrid,6392.0,19/12/2025,Manitoba,40000
2020,BMW,X6,xDrive40i,6,Gasoline,122112.0,19/12/2025,Manitoba,44500
2024,BMW,5 Series,530i xDrive,4,Hybrid,36906.0,19/12/2025,British Columbia,48800
2024,BMW,X2,xDrive28i,4,Gasoline,10988.0,18/12/2025,Quebec,40500
2023,BMW,X3,xDrive30i,4,Gasoline,44803.0,18/12/2025,Ontario,39100
2022,BMW,X3,xDrive30i,4,Gasoline,59670.0,18/12/2025,Ontario,29500
2024,BMW,2 Series,230i xDrive,4,Gasoline,40823.0,18/12/2025,British Columbia,29500
2024,BMW,2 Series,230i xDrive,4,Gasoline,49898.0,18/12/2025,British Columbia,28000
2024,BMW,2 Series,230i xDrive,4,Gasoline,52360.0,18/12/2025,British Columbia,27500
2024,BMW,2 Series,230i xDrive,4,Gasoline,38422.0,18/12/2025,British Columbia,28500
2017,BMW,X6,xDrive35i,6,Gasoline,164391.0,18/12/2025,Quebec,14500
2019,BMW,X3,xDrive30i,4,Gasoline,75498.0,18/12/2025,Ontario,20500
2016,BMW,X3,xDrive28i,4,Gasoline,163458.0,18/12/2025,Manitoba,10000
2024,BMW,X7,xDrive40i,6,Hybrid,47863.0,18/12/2025,British Columbia,74500
2024,BMW,X5,xDrive40i,6,Hybrid,43088.0,18/12/2025,Ontario,70000
2018,BMW,5 Series,530i xDrive,4,Gasoline,106162.0,18/12/2025,Ontario,19500
2025,BMW,4 Series,430i xDrive,4,Hybrid,43867.0,18/12/2025,British Columbia,39600
2025,BMW,4 Series,430i xDrive,4,Hybrid,36101.0,18/12/2025,British Columbia,39800
2025,BMW,4 Series,430i xDrive,4,Hybrid,43876.0,18/12/2025,British Columbia,40200
2020,BMW,7 Series,750Li xDrive,8,Gasoline,42559.0,18/12/2025,British Columbia,42000
2022,BMW,7 Series,750Li xDrive,8,Gasoline,25794.0,18/12/2025,British Columbia,66500
2016,BMW,3 Series,340i xDrive,6,Gasoline,85923.0,18/12/2025,British Columbia,21800
2016,BMW,3 Series,328i xDrive,4,Gasoline,115722.0,18/12/2025,Manitoba,9600
2018,BMW,5 Series,530i xDrive,4,Gasoline,106162.0,18/12/2025,Ontario,19500
2025,BMW,X1,xDrive28i,4,Gasoline,16889.0,18/12/2025,British Columbia,38750
2017,BMW,i3,Other,0,Hybrid,84999.0,18/12/2025,Ontario,9900
2016,BMW,3 Series,328i xDrive,4,Gasoline,115722.0,18/12/2025,Manitoba,9600
2025,BMW,X2,xDrive28i,4,Gasoline,17475.0,17/12/2025,Ontario,43300
2024,BMW,X3,xDrive30i,4,Gasoline,22558.0,17/12/2025,Quebec,45200
2023,BMW,X3,xDrive30i,4,Gasoline,16759.0,17/12/2025,Quebec,38200
2022,BMW,3 Series,330i xDrive,4,Gasoline,89906.0,17/12/2025,Ontario,22800
2024,BMW,3 Series,330i xDrive,4,Gasoline,30782.0,17/12/2025,Ontario,44750
2024,BMW,3 Series,330i xDrive,4,Gasoline,9175.0,17/12/2025,Ontario,43500
2025,BMW,X4 M,Competition,6,Gasoline,17563.0,17/12/2025,Quebec,97800
2018,BMW,X5 M,Other,8,Gasoline,91191.0,17/12/2025,Ontario,33500
2015,BMW,X5,xDrive35i,6,Gasoline,141769.0,17/12/2025,Quebec,14800
2015,BMW,X6,xDrive50i,8,Gasoline,131886.0,17/12/2025,Ontario,17000
2022,BMW,X5,X5 xDrive45e,6,Hybrid,47676.0,17/12/2025,Quebec,49600
2018,BMW,X3,M40i,6,Gasoline,117843.0,17/12/2025,Ontario,25750
2019,BMW,X3,M40i,6,Gasoline,74658.0,17/12/2025,Quebec,32000
2025,BMW,X5,xDrive40i,6,Hybrid,31593.0,17/12/2025,Quebec,82700
2024,BMW,X5,xDrive40i,6,Hybrid,36347.0,17/12/2025,Ontario,70500
2024,BMW,X6,xDrive40i,6,Hybrid,24293.0,17/12/2025,Quebec,82000
2022,BMW,X4,M40i,6,Gasoline,46725.0,17/12/2025,Ontario,47500
2024,BMW,X3,xDrive30i,4,Gasoline,42696.0,17/12/2025,Ontario,37000
2023,BMW,X3,xDrive30i,4,Gasoline,77940.0,17/12/2025,Ontario,28500
2024,BMW,X3,xDrive30i,4,Gasoline,20903.0,17/12/2025,Ontario,44500
2023,BMW,X3,xDrive30i,4,Gasoline,32681.0,17/12/2025,Quebec,45300
2022,BMW,X3,X3 xDrive30e,4,Hybrid,68214.0,17/12/2025,Quebec,34000
2021,BMW,X5,xDrive40i,6,Hybrid,83712.0,17/12/2025,Ontario,41750
2023,BMW,X5,xDrive40i,6,Hybrid,98289.0,17/12/2025,Quebec,45000
2020,BMW,X5,xDrive40i,6,Gasoline,65713.0,17/12/2025,Ontario,42000
2022,BMW,X5,xDrive40i,6,Hybrid,90850.0,17/12/2025,Ontario,39200
2010,BMW,X6,35i,6,Gasoline,119286.0,17/12/2025,Ontario,7500
2020,BMW,X5,M50i,8,Gasoline,102126.0,17/12/2025,Ontario,41500
2023,BMW,X5,M50i,8,Gasoline,58219.0,17/12/2025,Quebec,69400
2018,BMW,5 Series,530i xDrive,4,Gasoline,118370.0,17/12/2025,Ontario,23000
2019,BMW,5 Series,540i xDrive,6,Gasoline,87158.0,17/12/2025,Ontario,27500
2014,BMW,X1,xDrive28i,4,Gasoline,135310.0,17/12/2025,Ontario,4000
2015,BMW,5 Series,528i xDrive,4,Gasoline,138916.0,17/12/2025,Ontario,7300
2016,BMW,3 Series,328i xDrive,4,Gasoline,117477.0,17/12/2025,Ontario,10700
2018,BMW,5 Series,530i xDrive,4,Gasoline,118370.0,17/12/2025,Ontario,23000
2019,BMW,5 Series,540i xDrive,6,Gasoline,87158.0,17/12/2025,Ontario,27500
2014,BMW,X1,xDrive28i,4,Gasoline,135310.0,17/12/2025,Ontario,4000
2026,BMW,M4,COUPE,6,Gasoline,9470.0,17/12/2025,Ontario,102000
2018,BMW,M6,Other,8,Gasoline,33299.0,17/12/2025,Quebec,31400
2023,BMW,M5,Competition,8,Gasoline,40539.0,17/12/2025,Quebec,102000
2024,BMW,X1,xDrive28i,4,Gasoline,26655.0,17/12/2025,Quebec,35400
2024,BMW,X1,xDrive28i,4,Gasoline,26070.0,17/12/2025,Ontario,36500
2018,BMW,X1,xDrive28i,4,Gasoline,112126.0,17/12/2025,Ontario,10800
2016,BMW,X1,xDrive28i,4,Gasoline,135313.0,17/12/2025,Ontario,6900
2016,BMW,X3,xDrive28i,4,Gasoline,121600.0,16/12/2025,Nova Scotia,9500
2018,BMW,2 Series,230i xDrive,4,Gasoline,116597.0,16/12/2025,Nova Scotia,16000
2019,BMW,X5,xDrive40i,6,Gasoline,148042.0,12/12/2025,Saskatchewan,28500
2021,BMW,2 Series,228i xDrive,4,Gasoline,49946.0,12/12/2025,Newfoundland and Labrador,24400
2021,BMW,X3,X3 xDrive30e,4,Hybrid,32245.0,11/12/2025,Quebec,27900
2024,BMW,3 Series,330i xDrive,4,Gasoline,48940.0,11/12/2025,British Columbia,35500
2016,BMW,X5,xDrive35d,6,Diesel,138028.0,11/12/2025,British Columbia,18000
2018,BMW,X3,M40i,6,Gasoline,113469.0,11/12/2025,Ontario,28200
2024,BMW,X4,xDrive30i,4,Gasoline,5962.0,11/12/2025,Ontario,50000
2022,BMW,X5,xDrive40i,6,Hybrid,44031.0,11/12/2025,British Columbia,45750
2023,BMW,iX,xDrive40,E,Electric,50889.0,11/12/2025,British Columbia,48900
2020,BMW,X1,xDrive28i,4,Gasoline,121735.0,11/12/2025,Ontario,18000
2024,BMW,X5,xDrive40i,6,Hybrid,23575.0,10/12/2025,Ontario,77400
2024,BMW,X3,xDrive30i,4,Gasoline,12203.0,10/12/2025,Ontario,48600
2022,BMW,X5,xDrive40i,6,Hybrid,106975.0,10/12/2025,British Columbia,41900
2022,BMW,X5 M,Competition,8,Gasoline,69470.0,10/12/2025,Quebec,90000
2018,BMW,X3,xDrive30i,4,Gasoline,114669.0,10/12/2025,Quebec,18000
2020,BMW,X3,xDrive30i,4,Gasoline,75235.0,10/12/2025,Ontario,27000
2012,BMW,X5,35i,6,Gasoline,156711.0,10/12/2025,Ontario,3100
2023,BMW,X7,xDrive40i,6,Hybrid,36357.0,10/12/2025,Quebec,70250
2020,BMW,X3,xDrive30i,4,Gasoline,75235.0,10/12/2025,Ontario,27000
2012,BMW,X5,35i,6,Gasoline,156711.0,10/12/2025,Ontario,3100
2023,BMW,X7,xDrive40i,6,Hybrid,36357.0,10/12/2025,Quebec,70250
2024,BMW,X5,xDrive40i,6,Hybrid,53046.0,10/12/2025,Ontario,70000
2023,BMW,X4,xDrive30i,4,Gasoline,88227.0,10/12/2025,Ontario,40250
2022,BMW,X4,xDrive30i,4,Gasoline,45543.0,10/12/2025,Ontario,41750
2022,BMW,X4,M40i,6,Gasoline,90685.0,10/12/2025,Quebec,42800
2023,BMW,X3,xDrive30i,4,Gasoline,92266.0,10/12/2025,Ontario,27000
2023,BMW,X3,xDrive30i,4,Gasoline,68625.0,10/12/2025,Ontario,30500
2022,BMW,X3,xDrive30i,4,Gasoline,88453.0,10/12/2025,Quebec,31700
2023,BMW,X3,xDrive30i,4,Gasoline,65316.0,10/12/2025,Ontario,38500
2022,BMW,X3,xDrive30i,4,Gasoline,37883.0,10/12/2025,Ontario,34500
2022,BMW,X3,xDrive30i,4,Gasoline,89742.0,10/12/2025,Ontario,33750
2023,BMW,X3,xDrive30i,4,Gasoline,81817.0,10/12/2025,Ontario,30250
2022,BMW,X5,xDrive40i,6,Hybrid,129989.0,10/12/2025,Ontario,39500
2022,BMW,X5,xDrive40i,6,Hybrid,92613.0,10/12/2025,Quebec,43600
2022,BMW,X5,xDrive40i,6,Hybrid,50011.0,10/12/2025,Quebec,48500
2019,BMW,X5,xDrive40i,6,Gasoline,118669.0,10/12/2025,Ontario,28500
2020,BMW,X7,xDrive40i,6,Gasoline,90173.0,10/12/2025,Ontario,42500
2018,BMW,5 Series,540i xDrive,6,Gasoline,146749.0,10/12/2025,Ontario,24400
2025,BMW,M4,Competition xDrive,6,Gasoline,16157.0,10/12/2025,Quebec,100000
2023,BMW,M3,Competition M xDrive,6,Gasoline,64163.0,10/12/2025,Quebec,86900
2024,BMW,X1,xDrive28i,4,Gasoline,30650.0,10/12/2025,Ontario,34800
2018,BMW,X1,xDrive28i,4,Gasoline,112540.0,10/12/2025,Quebec,13000
2021,BMW,X1,xDrive28i,4,Gasoline,72152.0,10/12/2025,Ontario,21250
2021,BMW,X1,xDrive28i,4,Gasoline,133435.0,10/12/2025,Ontario,17250
2020,BMW,X2,xDrive28i,4,Gasoline,121488.0,10/12/2025,Ontario,18500
2024,BMW,iX,xDrive40,E,Electric,78327.0,10/12/2025,Ontario,51000
2014,BMW,4 Series,428i xDrive,4,Gasoline,171324.0,10/12/2025,Ontario,6600
2025,BMW,M4,Competition xDrive,6,Gasoline,16157.0,10/12/2025,Quebec,100000
2023,BMW,M3,Competition M xDrive,6,Gasoline,64163.0,10/12/2025,Quebec,86900
2024,BMW,X1,xDrive28i,4,Gasoline,30650.0,10/12/2025,Ontario,34800
2018,BMW,X1,xDrive28i,4,Gasoline,112540.0,10/12/2025,Quebec,13000
2021,BMW,X1,xDrive28i,4,Gasoline,72152.0,10/12/2025,Ontario,21250
2021,BMW,X1,xDrive28i,4,Gasoline,133435.0,10/12/2025,Ontario,17250
2020,BMW,X2,xDrive28i,4,Gasoline,121488.0,10/12/2025,Ontario,18500
2022,BMW,X3,xDrive30i,4,Gasoline,30968.0,09/12/2025,Ontario,30700
2022,BMW,X3,xDrive30i,4,Gasoline,58909.0,09/12/2025,Nova Scotia,30200
2024,BMW,X3,xDrive30i,4,Gasoline,44164.0,09/12/2025,Nova Scotia,35100
2022,BMW,X6,xDrive40i,6,Hybrid,114214.0,09/12/2025,Nova Scotia,49200
2024,BMW,iX,xDrive50,E,Electric,16211.0,09/12/2025,Alberta,68750
2024,BMW,3 Series,330i xDrive,4,Gasoline,55373.0,08/12/2025,British Columbia,34500
2020,BMW,3 Series,330i xDrive,4,Gasoline,31458.0,05/12/2025,Ontario,29500
2024,BMW,3 Series,330i xDrive,4,Gasoline,47564.0,05/12/2025,British Columbia,35900
2021,BMW,M4,Competition,6,Gasoline,43568.0,05/12/2025,British Columbia,62500
2023,BMW,5 Series,530e xDrive,4,Hybrid,22432.0,05/12/2025,Ontario,48000
2021,BMW,X3,xDrive30i,4,Gasoline,45663.0,04/12/2025,Ontario,28600
2024,BMW,2 Series,230i xDrive,4,Gasoline,36715.0,04/12/2025,British Columbia,32000
2024,BMW,2 Series,230i xDrive,4,Gasoline,41013.0,04/12/2025,British Columbia,30900
2024,BMW,3 Series,330i xDrive,4,Gasoline,48376.0,04/12/2025,British Columbia,37500
2024,BMW,3 Series,330i xDrive,4,Gasoline,45864.0,04/12/2025,British Columbia,35800
2023,BMW,X3,X3 xDrive30e,4,Hybrid,26660.0,04/12/2025,Ontario,44500
2024,BMW,5 Series,530i xDrive,4,Hybrid,40029.0,04/12/2025,British Columbia,50250
2023,BMW,3 Series,330i xDrive,4,Gasoline,54092.0,04/12/2025,Quebec,38500
2024,BMW,X1,xDrive28i,4,Gasoline,43840.0,04/12/2025,British Columbia,31500
2019,Kia,Sorento,EX,6,Gasoline,239250.0,02/01/2026,Saskatchewan,5000
2021,Kia,Soul,EX,4,Gasoline,133152.0,02/01/2026,Saskatchewan,9500
2015,Kia,Optima,SX,4,Gasoline,141136.0,02/01/2026,Saskatchewan,7000
2023,Kia,Forte,EX,4,Gasoline,47904.0,31/12/2025,British Columbia,14000
2019,Kia,Sorento,SXL Limited,6,Gasoline,132176.0,30/12/2025,Manitoba,8600
2018,Kia,Rio 5door,LX,4,Gasoline,61167.0,30/12/2025,British Columbia,8500
2024,Kia,Forte,EX,4,Gasoline,57841.0,30/12/2025,Manitoba,14700
2022,Kia,Forte,EX,4,Gasoline,68002.0,30/12/2025,Quebec,15600
2025,Kia,K4,EX,4,Gasoline,15976.0,30/12/2025,Quebec,22200
2020,Kia,Soul,EX,4,Gasoline,124786.0,30/12/2025,Manitoba,6400
2023,Kia,Soul,GTLine Limited,4,Gasoline,26974.0,30/12/2025,British Columbia,21000
2017,Kia,Soul,EX,4,Gasoline,91374.0,30/12/2025,British Columbia,4250
2019,Kia,Soul,EX TECH,4,Gasoline,129667.0,30/12/2025,British Columbia,6900
2021,Kia,Seltos,EX,4,Gasoline,55561.0,30/12/2025,British Columbia,15000
2023,Kia,Seltos,EX,4,Gasoline,76263.0,30/12/2025,Alberta,19200
2021,Kia,Seltos,EX,4,Gasoline,37416.0,30/12/2025,Quebec,21500
2020,Kia,Soul,EX,4,Gasoline,124786.0,30/12/2025,Manitoba,6400
2023,Kia,Soul,GTLine Limited,4,Gasoline,26974.0,30/12/2025,British Columbia,21000
2017,Kia,Soul,EX,4,Gasoline,91374.0,30/12/2025,British Columbia,4250
2019,Kia,Soul,EX TECH,4,Gasoline,129667.0,30/12/2025,British Columbia,6900
2016,Kia,Soul EV,Luxury,0,Electric,80015.0,30/12/2025,British Columbia,4100
2018,Kia,Sedona,LX,6,Gasoline,105312.0,30/12/2025,British Columbia,7750
2020,Kia,Sportage,LX,4,Gasoline,120854.0,30/12/2025,British Columbia,7600
2025,Kia,Sportage,XLine Limited,4,Gasoline,45005.0,30/12/2025,Alberta,28000
2020,Kia,Forte,EX LIMITED,4,Gasoline,159817.0,24/12/2025,Quebec,8000
2019,Kia,Sorento,LX,4,Gasoline,124697.0,23/12/2025,British Columbia,10100
2020,Kia,Sorento,LX+,4,Gasoline,104629.0,23/12/2025,Ontario,14500
2021,Kia,Sorento,LX+,4,Gasoline,88745.0,23/12/2025,Ontario,18500
2018,Kia,Optima,LX,4,Gasoline,128285.0,23/12/2025,Manitoba,4100
2022,Kia,Forte,EX,4,Gasoline,44170.0,23/12/2025,Quebec,16500
2019,Kia,Forte,EX,4,Gasoline,94939.0,23/12/2025,Ontario,10400
2020,Kia,Forte,EX,4,Gasoline,135708.0,23/12/2025,Ontario,6200
2024,Kia,Forte,GTLine,4,Gasoline,30358.0,23/12/2025,Quebec,21900
2025,Kia,K4,EX,4,Gasoline,6845.0,23/12/2025,Quebec,22200
2020,Kia,Soul,EX,4,Gasoline,124964.0,23/12/2025,Nova Scotia,9100
2017,Kia,Soul EV,Other,0,Electric,101865.0,23/12/2025,Nova Scotia,2100
2020,Kia,Sportage,LX,4,Gasoline,63500.0,23/12/2025,Ontario,15200
2024,Kia,Seltos,EX,4,Gasoline,65762.0,23/12/2025,Alberta,18100
2025,Kia,Seltos,EX,4,Gasoline,27704.0,23/12/2025,Ontario,26300
2020,Kia,Soul,EX,4,Gasoline,124964.0,23/12/2025,Nova Scotia,9100
2017,Kia,Soul EV,Other,0,Electric,101865.0,23/12/2025,Nova Scotia,2100
2020,Kia,Sportage,LX,4,Gasoline,63500.0,23/12/2025,Ontario,15200
2023,Kia,Sportage,LX,4,Gasoline,23908.0,23/12/2025,British Columbia,24250
2016,Kia,Sorento,2.4L LX,4,Gasoline,123992.0,19/12/2025,Newfoundland and Labrador,3600
2017,Kia,Sorento,LX,4,Gasoline,120764.0,19/12/2025,Newfoundland and Labrador,5100
2024,Kia,Forte,EX,4,Gasoline,17889.0,19/12/2025,British Columbia,16500
2021,Kia,Forte,EX,4,Gasoline,116982.0,19/12/2025,Newfoundland and Labrador,9600
2018,Kia,Sedona,LX,6,Gasoline,115731.0,19/12/2025,Newfoundland and Labrador,10000
2018,Kia,Sedona,LX,6,Gasoline,104418.0,19/12/2025,Newfoundland and Labrador,11200
2022,Kia,Sportage,LX Nightsky Edition,4,Gasoline,72675.0,19/12/2025,Newfoundland and Labrador,17000
2023,Kia,Seltos,EX,4,Gasoline,99478.0,19/12/2025,Newfoundland and Labrador,15000
2018,Kia,Sedona,LX,6,Gasoline,115731.0,19/12/2025,Newfoundland and Labrador,10000
2018,Kia,Sedona,LX,6,Gasoline,104418.0,19/12/2025,Newfoundland and Labrador,11200
2022,Kia,Sportage,LX Nightsky Edition,4,Gasoline,72675.0,19/12/2025,Newfoundland and Labrador,17000
2022,Kia,Telluride,NIGHTSKY4D UTILITY AWD,6,Gasoline,36401.0,18/12/2025,Ontario,36700
2018,Kia,Sorento,LX,4,Gasoline,122411.0,18/12/2025,Ontario,3300
2018,Kia,Sorento,LX,4,Gasoline,137288.0,18/12/2025,New Brunswick,8100
2025,Kia,Sorento,LX,4,Gasoline,36164.0,18/12/2025,New Brunswick,27400
2022,Kia,Sorento,XLine,4,Gasoline,77895.0,18/12/2025,Quebec,27800
2023,Kia,Telluride,EX,6,Gasoline,73554.0,18/12/2025,Quebec,34600
2023,Kia,Telluride,EX,6,Gasoline,78015.0,18/12/2025,Quebec,34100
2023,Kia,Telluride,SX,6,Gasoline,74997.0,18/12/2025,Ontario,35800
2023,Kia,Telluride,SX4D UTILITY AWD,6,Gasoline,59192.0,18/12/2025,Quebec,38700
2023,Kia,Telluride,XLINE4D UTILITY AWD,6,Gasoline,61480.0,18/12/2025,Quebec,40000
2022,Kia,Telluride,NIGHTSKY4D UTILITY AWD,6,Gasoline,72691.0,18/12/2025,Quebec,34000
2022,Kia,Telluride,NIGHTSKY4D UTILITY AWD,6,Gasoline,69259.0,18/12/2025,Quebec,34750
2021,Kia,Rio 5door,LX+,4,Gasoline,70129.0,18/12/2025,Manitoba,8200
2024,Kia,Forte,4D SEDAN AT | EX PREMIUM,4,Gasoline,7270.0,18/12/2025,Quebec,20800
2024,Kia,Forte,EX,4,Gasoline,29479.0,18/12/2025,British Columbia,15600
2024,Kia,Forte,4D SEDAN AT | EX,4,Gasoline,9043.0,18/12/2025,British Columbia,17900
2021,Kia,Forte,GT,4,Gasoline,115511.0,18/12/2025,Nova Scotia,12600
2023,Kia,Telluride,EX,6,Gasoline,73554.0,18/12/2025,Quebec,34600
2023,Kia,Telluride,EX,6,Gasoline,78015.0,18/12/2025,Quebec,34100
2023,Kia,Telluride,SX,6,Gasoline,74997.0,18/12/2025,Ontario,35800
2023,Kia,Telluride,SX4D UTILITY AWD,6,Gasoline,59192.0,18/12/2025,Quebec,38700
2023,Kia,Telluride,XLINE4D UTILITY AWD,6,Gasoline,61480.0,18/12/2025,Quebec,40000
2022,Kia,Telluride,NIGHTSKY4D UTILITY AWD,6,Gasoline,72691.0,18/12/2025,Quebec,34000
2022,Kia,Telluride,NIGHTSKY4D UTILITY AWD,6,Gasoline,69259.0,18/12/2025,Quebec,34750
2016,Kia,Rio,LX+,4,Gasoline,171980.0,18/12/2025,British Columbia,3200
2014,Kia,Forte Koup,EX,4,Gasoline,117483.0,18/12/2025,Ontario,1900
2015,Kia,Optima,LX,4,Gasoline,129268.0,18/12/2025,Ontario,2000
2022,Kia,EV6,Long Range w/GTLine Pkg,E,Electric,108390.0,18/12/2025,Quebec,25200
2022,Kia,Niro EV,EX,6,Electric,32259.0,18/12/2025,Quebec,17300
2022,Kia,Niro EV,EX,6,Electric,55576.0,18/12/2025,Ontario,17300
2022,Kia,Niro EV,EV SX TOURING4D UTILITY,6,Electric,54008.0,18/12/2025,Quebec,17400
2022,Kia,Niro EV,SX Touring,6,Electric,54947.0,18/12/2025,Quebec,17200
2024,Kia,Niro PlugIn Hybrid,EX,4,Hybrid,25357.0,18/12/2025,British Columbia,20500
2024,Kia,Niro PlugIn Hybrid,EX,4,Hybrid,18856.0,18/12/2025,British Columbia,27250
2024,Kia,Seltos,LX,4,Gasoline,44997.0,18/12/2025,Quebec,20200
2022,Kia,Seltos,LX,4,Gasoline,73517.0,18/12/2025,Quebec,16600
2021,Kia,Seltos,LX,4,Gasoline,106267.0,18/12/2025,Quebec,8000
2024,Kia,Seltos,LX,4,Gasoline,24623.0,18/12/2025,New Brunswick,19400
2023,Kia,Seltos,EX,4,Gasoline,43057.0,18/12/2025,Quebec,20800
2022,Kia,Seltos,SX Turbo,4,Gasoline,89736.0,18/12/2025,Quebec,19000
2022,Kia,Seltos,SX Turbo,4,Gasoline,66815.0,18/12/2025,Ontario,18000
2021,Kia,Seltos,SX Turbo,4,Gasoline,100858.0,18/12/2025,Quebec,16400
2021,Kia,Seltos,EX,4,Gasoline,56671.0,18/12/2025,Ontario,16400
2025,Kia,Seltos,EX,4,Gasoline,22124.0,18/12/2025,British Columbia,25000
2025,Kia,Seltos,EX,4,Gasoline,20651.0,18/12/2025,Quebec,25200
2022,Kia,Soul EV,EV Limited,E,Electric,182620.0,18/12/2025,British Columbia,8900
2022,Kia,Soul EV,EV Limited,E,Electric,89298.0,18/12/2025,Quebec,14400
2025,Kia,Seltos,EX,4,Gasoline,22124.0,18/12/2025,British Columbia,25000
2025,Kia,Seltos,EX,4,Gasoline,20651.0,18/12/2025,Quebec,25200
2022,Kia,Soul EV,EV Limited,E,Electric,182620.0,18/12/2025,British Columbia,8900
2022,Kia,Sportage,EX,4,Gasoline,96048.0,18/12/2025,Ontario,17500
2023,Kia,Sportage,EX,4,Gasoline,78882.0,18/12/2025,Quebec,24200
2019,Kia,Sorento,LX,6,Gasoline,101275.0,17/12/2025,Ontario,14750
2019,Kia,Sorento,LX,6,Gasoline,105559.0,17/12/2025,Ontario,14750
2025,Kia,Sorento,EX,4,Gasoline,6596.0,17/12/2025,Ontario,38250
2023,Kia,Sorento,EX+,4,Gasoline,48696.0,17/12/2025,Quebec,33600
2023,Kia,Telluride,EX,6,Gasoline,107684.0,17/12/2025,Quebec,29600
2023,Kia,Telluride,EX,6,Gasoline,69023.0,17/12/2025,Quebec,36500
2023,Kia,Telluride,SX Limited,6,Gasoline,48491.0,17/12/2025,Quebec,39000
2023,Kia,Telluride,SX,6,Gasoline,88131.0,17/12/2025,Ontario,36700
2023,Kia,Telluride,XLine,6,Gasoline,37164.0,17/12/2025,Quebec,36000
2023,Kia,Telluride,SX,6,Gasoline,52955.0,17/12/2025,Quebec,35200
2023,Kia,Telluride,SX LIMITED4D UTILITY AWD,6,Gasoline,49960.0,17/12/2025,Quebec,39100
2023,Kia,Telluride,XLINE4D UTILITY AWD,6,Gasoline,66982.0,17/12/2025,Ontario,41500
2023,Kia,Telluride,XPro,6,Gasoline,55007.0,17/12/2025,Ontario,41000
2023,Kia,Telluride,SX4D Utility AWD,6,Gasoline,52918.0,17/12/2025,Quebec,40100
2023,Kia,Telluride,SX,6,Gasoline,18940.0,17/12/2025,Quebec,42200
2023,Kia,Telluride,SX LIMITED4D UTILITY AWD,6,Gasoline,69382.0,17/12/2025,Quebec,40000
2023,Kia,Telluride,SX,6,Gasoline,43096.0,17/12/2025,Ontario,41500
2023,Kia,Telluride,SX Limited,6,Gasoline,51706.0,17/12/2025,Quebec,39000
2023,Kia,Telluride,XLine,6,Gasoline,63502.0,17/12/2025,Ontario,42200
2023,Kia,Telluride,XPro,6,Gasoline,68898.0,17/12/2025,Quebec,41700
2023,Kia,Telluride,SX Limited,6,Gasoline,90122.0,17/12/2025,Quebec,36300
2023,Kia,Telluride,XLine,6,Gasoline,47269.0,17/12/2025,Ontario,44200
2023,Kia,Telluride,XPro,6,Gasoline,62835.0,17/12/2025,Quebec,41000
2023,Kia,Telluride,SX Limited,6,Gasoline,73925.0,17/12/2025,Ontario,38000
2023,Kia,Forte,LX,4,Gasoline,128826.0,17/12/2025,Ontario,11500
2022,Kia,Forte,4D SEDAN AT | EX,4,Gasoline,149458.0,17/12/2025,Ontario,11800
2022,Kia,Forte,EX,4,Gasoline,24119.0,17/12/2025,Alberta,15000
2019,Kia,Forte,EX,4,Gasoline,94404.0,17/12/2025,Ontario,9500
2021,Kia,Forte,EX,4,Gasoline,171800.0,17/12/2025,Ontario,7200
2021,Kia,Forte,EX,4,Gasoline,65545.0,17/12/2025,Ontario,14700
2020,Kia,Forte,EX,4,Gasoline,107119.0,17/12/2025,Quebec,11200
2021,Kia,Forte,EX,4,Gasoline,113227.0,17/12/2025,Ontario,13100
2025,Kia,K4,LX,4,Gasoline,30341.0,17/12/2025,Ontario,21750
2022,Kia,Soul EV,EV Limited,E,Electric,86055.0,17/12/2025,Quebec,14000
2022,Kia,Soul EV,EV Limited,E,Electric,79344.0,17/12/2025,Quebec,14000
2021,Kia,Soul EV,EV Limited,E,Electric,85664.0,17/12/2025,Quebec,13200
2022,Kia,Soul,EX5D HATCHBACK AT,4,Gasoline,131244.0,17/12/2025,Ontario,11200
2022,Kia,Soul,GTLine Limited,4,Gasoline,78502.0,17/12/2025,Quebec,10600
2022,Kia,Soul,EX5D HATCHBACK AT,4,Gasoline,85939.0,17/12/2025,Quebec,16600
2019,Kia,Sedona,SX,6,Gasoline,83615.0,17/12/2025,Newfoundland and Labrador,15800
2023,Kia,Carnival,SX,6,Gasoline,50969.0,17/12/2025,Quebec,39500
2022,Kia,Sportage,LX,4,Gasoline,15297.0,17/12/2025,Quebec,20200
2018,Kia,Sportage,LX,4,Gasoline,107736.0,17/12/2025,Ontario,7600
2014,Kia,Forte 5Door,LX+,4,Gasoline,120418.0,17/12/2025,Ontario,3100
2023,Kia,Niro EV,Premium,E,Electric,38401.0,17/12/2025,Quebec,23900
2021,Kia,Seltos,LX,4,Gasoline,113869.0,17/12/2025,Ontario,11000
2021,Kia,Seltos,LX,4,Gasoline,111650.0,17/12/2025,Ontario,13500
2023,Kia,Seltos,EX,4,Gasoline,36063.0,17/12/2025,Ontario,19300
2023,Kia,Seltos,EX,4,Gasoline,36333.0,17/12/2025,Quebec,21800
2023,Kia,Seltos,EX,4,Gasoline,69626.0,17/12/2025,Ontario,20300
2024,Kia,Seltos,EX,4,Gasoline,23684.0,17/12/2025,Quebec,22500
2023,Kia,Seltos,EX,4,Gasoline,35370.0,17/12/2025,Quebec,18000
2023,Kia,Seltos,SX Turbo,4,Gasoline,41517.0,17/12/2025,Quebec,21500
2023,Kia,Seltos,SX Turbo,4,Gasoline,24615.0,17/12/2025,Quebec,23600
2023,Kia,Seltos,SX Turbo,4,Gasoline,60145.0,17/12/2025,Quebec,20500
2024,Kia,Seltos,EX,4,Gasoline,22002.0,17/12/2025,Quebec,21600
2023,Kia,Soul EV,EV Premium,E,Electric,40770.0,17/12/2025,Quebec,16500
2022,Kia,Soul EV,EV Limited,E,Electric,56399.0,17/12/2025,Quebec,14200
2022,Kia,Soul EV,EV Limited,E,Electric,50416.0,17/12/2025,Quebec,15500
2022,Kia,Soul EV,EV Limited,E,Electric,86055.0,17/12/2025,Quebec,14000
2022,Kia,Soul EV,EV Limited,E,Electric,79344.0,17/12/2025,Quebec,14000
2021,Kia,Soul EV,EV Limited,E,Electric,85664.0,17/12/2025,Quebec,13200
2022,Kia,Soul,EX5D HATCHBACK AT,4,Gasoline,131244.0,17/12/2025,Ontario,11200
2022,Kia,Soul,GTLine Limited,4,Gasoline,78502.0,17/12/2025,Quebec,10600
2023,Kia,Seltos,SX Turbo,4,Gasoline,24615.0,17/12/2025,Quebec,23600
2023,Kia,Seltos,SX Turbo,4,Gasoline,60145.0,17/12/2025,Quebec,20500
2024,Kia,Seltos,EX,4,Gasoline,22002.0,17/12/2025,Quebec,21600
2023,Kia,Soul EV,EV Premium,E,Electric,40770.0,17/12/2025,Quebec,16500
2022,Kia,Soul EV,EV Limited,E,Electric,56399.0,17/12/2025,Quebec,14200
2022,Kia,Soul EV,EV Limited,E,Electric,50416.0,17/12/2025,Quebec,15500
2022,Kia,Sportage,EX Premium S,4,Gasoline,85091.0,17/12/2025,Ontario,19100
2022,Kia,Sportage,SX,4,Gasoline,49548.0,17/12/2025,Quebec,22500
2023,Kia,Sportage,LX,4,Gasoline,16093.0,17/12/2025,Quebec,21500
2024,Kia,Sportage,XLine,4,Gasoline,45280.0,17/12/2025,Quebec,26800
2023,Kia,Sportage,EX,4,Gasoline,44650.0,17/12/2025,Quebec,23500
2023,Kia,Sorento PlugIn Hybrid,EX+,4,Hybrid,48011.0,17/12/2025,Quebec,28800
2020,Kia,Sorento,BLACK LINE V6,6,Gasoline,114036.0,16/12/2025,Alberta,15100
2019,Kia,Sorento,SXL LIMITED4D UTILITY AWD AT,6,Gasoline,158245.0,16/12/2025,Alberta,7100
2022,Kia,Sorento,EX+,4,Gasoline,76007.0,16/12/2025,Nova Scotia,26600
2025,Kia,Sorento,4D UTILITY AWD | XLINE LIMITE,4,Gasoline,12216.0,16/12/2025,Nova Scotia,40500
2023,Kia,Telluride,XLINE4D UTILITY AWD,6,Gasoline,99308.0,16/12/2025,Alberta,38300
2022,Kia,Stinger,GT ELITE,6,Gasoline,65155.0,16/12/2025,New Brunswick,26000
2024,Kia,Seltos,EX,4,Gasoline,29827.0,16/12/2025,Alberta,22300
2023,Kia,Soul,EX,4,Gasoline,62699.0,15/12/2025,Saskatchewan,13000
2020,Kia,Sportage,LX,4,Gasoline,49267.0,15/12/2025,Newfoundland and Labrador,15000
2018,Kia,Sorento,LX,4,Gasoline,101971.0,12/12/2025,Newfoundland and Labrador,5800
2019,Kia,Sorento,LX,4,Gasoline,182348.0,12/12/2025,Manitoba,3500
2024,Kia,Telluride,EX,6,Gasoline,12971.0,12/12/2025,Newfoundland and Labrador,41600
2023,Kia,Telluride,EX,6,Gasoline,55769.0,12/12/2025,Newfoundland and Labrador,35200
2024,Kia,Seltos,EX,4,Gasoline,19254.0,12/12/2025,Saskatchewan,23500
2022,Kia,Seltos,SX Turbo,4,Gasoline,87775.0,12/12/2025,Newfoundland and Labrador,17500
2021,Kia,Seltos,EX,4,Gasoline,132319.0,12/12/2025,Manitoba,11000
2019,Kia,Sedona,LX,6,Gasoline,118766.0,12/12/2025,Manitoba,5000
2020,Kia,Sportage,LX,4,Gasoline,172965.0,12/12/2025,Saskatchewan,4100
2021,Kia,Sportage,LX,4,Gasoline,62248.0,12/12/2025,Newfoundland and Labrador,13000
2022,Kia,Telluride,SX,6,Gasoline,75333.0,11/12/2025,Quebec,38200
2020,Kia,Sorento,LX+ V6,6,Gasoline,46610.0,11/12/2025,Quebec,21300
2018,Kia,Sorento,EX Turbo,4,Gasoline,109969.0,11/12/2025,Quebec,9000
2022,Kia,Sorento,LX,4,Gasoline,101127.0,11/12/2025,British Columbia,18500
2025,Kia,Sorento,XLINE EX,4,Gasoline,10359.0,11/12/2025,British Columbia,42000
2024,Kia,Telluride,4D UTILITY AWD | SX LIMITED,6,Gasoline,71386.0,11/12/2025,Quebec,41500
2023,Kia,Telluride,XLine,6,Gasoline,55320.0,11/12/2025,Manitoba,41100
2023,Kia,Telluride,XLine,6,Gasoline,69560.0,11/12/2025,British Columbia,42600
2022,Kia,Telluride,SX,6,Gasoline,21065.0,11/12/2025,Quebec,41200
2021,Kia,Rio 5door,LX+,4,Gasoline,138981.0,11/12/2025,Ontario,9400
2023,Kia,Rio 5door,LX Premium,4,Gasoline,66461.0,11/12/2025,Ontario,14750
2023,Kia,Forte,4D SEDAN AT | EX PLUS,4,Gasoline,51128.0,11/12/2025,Quebec,16700
2024,Kia,Forte,EX,4,Gasoline,52292.0,11/12/2025,Ontario,19500
2021,Kia,Forte,EX,4,Gasoline,109984.0,11/12/2025,Ontario,7800
2020,Kia,Forte,EX,4,Gasoline,127735.0,11/12/2025,British Columbia,4700
2021,Kia,Forte,EX,4,Gasoline,114999.0,11/12/2025,Ontario,11600
2025,Kia,K4,EX,4,Gasoline,11612.0,11/12/2025,Quebec,23000
2023,Kia,Soul EV,EV Limited,E,Electric,61095.0,11/12/2025,Quebec,17400
2023,Kia,Soul,EX,4,Gasoline,18297.0,11/12/2025,Quebec,19700
2019,Kia,Soul,EX,4,Gasoline,77575.0,11/12/2025,Manitoba,10700
2022,Kia,Carnival,EX+,6,Gasoline,118340.0,11/12/2025,Ontario,28500
2021,Kia,Sportage,LX,4,Gasoline,74315.0,11/12/2025,British Columbia,14000
2017,Kia,Forte 5Door,LX HATCHBACK 4D,4,Gasoline,101443.0,11/12/2025,Quebec,5500
2021,Kia,Seltos,EX,4,Gasoline,97061.0,11/12/2025,Manitoba,19700
2023,Kia,Soul EV,EV Limited,E,Electric,61095.0,11/12/2025,Quebec,17400
2023,Kia,Soul,EX,4,Gasoline,18297.0,11/12/2025,Quebec,19700
2019,Kia,Soul,EX,4,Gasoline,77575.0,11/12/2025,Manitoba,10700
2022,Kia,Carnival,EX+,6,Gasoline,118340.0,11/12/2025,Ontario,28500
2021,Kia,Sportage,LX,4,Gasoline,74315.0,11/12/2025,British Columbia,14000
2022,Kia,Sportage,EX S,4,Gasoline,63301.0,11/12/2025,Ontario,21200
2017,Kia,Sportage,EX Premium,4,Gasoline,125175.0,11/12/2025,British Columbia,11000
2023,Kia,Sportage,XLINE,4,Gasoline,59501.0,11/12/2025,British Columbia,24500
2023,Kia,Sportage,EX,4,Gasoline,28856.0,11/12/2025,Quebec,24000
2023,Kia,Sportage,EX,4,Gasoline,96340.0,11/12/2025,Ontario,24500
2023,Kia,Sportage Hybrid,EX,4,Hybrid,90711.0,11/12/2025,Ontario,23500
2022,Kia,Rio 5door,LX+,4,Gasoline,94056.0,10/12/2025,Quebec,13800
2022,Kia,Forte,LX,4,Gasoline,29479.0,10/12/2025,Ontario,15500
2024,Kia,Forte,EX,4,Gasoline,31287.0,10/12/2025,Quebec,18600
2019,Kia,Sorento,EX,6,Gasoline,149089.0,10/12/2025,Quebec,10000
2023,Kia,Sorento,XLine,4,Gasoline,63937.0,10/12/2025,Quebec,29000
2024,Kia,Sorento,XLINE,4,Gasoline,27808.0,10/12/2025,Quebec,39500
2015,Kia,Sorento,LX,4,Gasoline,120403.0,10/12/2025,Ontario,5500
2023,Kia,Telluride,EX,6,Gasoline,59664.0,10/12/2025,Quebec,35500
2023,Kia,Telluride,EX,6,Gasoline,63465.0,10/12/2025,Quebec,34200
2023,Kia,Telluride,EX,6,Gasoline,56831.0,10/12/2025,Quebec,36900
2023,Kia,Telluride,SX,6,Gasoline,62264.0,10/12/2025,Quebec,41100
2023,Kia,Telluride,XLine4D Utility AWD,6,Gasoline,46027.0,10/12/2025,Quebec,41500
2023,Kia,Telluride,XLine4D Utility AWD,6,Gasoline,78737.0,10/12/2025,Quebec,39600
2015,Kia,Sorento,LX,4,Gasoline,120403.0,10/12/2025,Ontario,5500
2023,Kia,Telluride,EX,6,Gasoline,59664.0,10/12/2025,Quebec,35500
2023,Kia,Telluride,EX,6,Gasoline,63465.0,10/12/2025,Quebec,34200
2023,Kia,Telluride,EX,6,Gasoline,56831.0,10/12/2025,Quebec,36900
2023,Kia,Telluride,SX,6,Gasoline,62264.0,10/12/2025,Quebec,41100
2023,Kia,Telluride,XLine4D Utility AWD,6,Gasoline,46027.0,10/12/2025,Quebec,41500
2023,Kia,Telluride,XLine4D Utility AWD,6,Gasoline,78737.0,10/12/2025,Quebec,39600
2023,Kia,Telluride,XLINE4D UTILITY AWD,6,Gasoline,60014.0,10/12/2025,Quebec,40000
2023,Kia,Telluride,XLine4D Utility AWD,6,Gasoline,49258.0,10/12/2025,Quebec,41500
2023,Kia,Telluride,SX,6,Gasoline,123758.0,10/12/2025,Ontario,32000
2023,Kia,Telluride,SX LIMITED4D UTILITY AWD,6,Gasoline,44643.0,10/12/2025,Quebec,40100
2023,Kia,Telluride,XPro4D Utility AWD,6,Gasoline,23441.0,10/12/2025,Quebec,43500
2022,Kia,Telluride,SX LIMITED4D UTILITY AWD,6,Gasoline,78699.0,10/12/2025,Quebec,35200
2022,Kia,Rio 5door,LX+,4,Gasoline,94056.0,10/12/2025,Quebec,13800
2022,Kia,Forte,LX,4,Gasoline,29479.0,10/12/2025,Ontario,15500
2024,Kia,Forte,EX,4,Gasoline,31287.0,10/12/2025,Quebec,18600
2022,Kia,Forte,GT Limited,4,Gasoline,113017.0,10/12/2025,Ontario,17000
2021,Kia,Forte,EX PREMIUM,4,Gasoline,114859.0,10/12/2025,Ontario,12000
2017,Kia,Forte,LX,4,Gasoline,154157.0,10/12/2025,Ontario,3300
2018,Kia,Forte,LX+,4,Gasoline,180357.0,10/12/2025,Quebec,2700
2022,Kia,Soul EV,EV Limited,E,Electric,76558.0,10/12/2025,Quebec,14500
2022,Kia,Soul EV,EV Limited,E,Electric,61928.0,10/12/2025,Quebec,15400
2022,Kia,Soul,EX5D Hatchback at,4,Gasoline,34497.0,10/12/2025,Quebec,15000
2020,Kia,Soul,EX,4,Gasoline,156569.0,10/12/2025,Ontario,4200
2016,Kia,Soul,EX,4,Gasoline,146541.0,10/12/2025,Ontario,3700
2024,Kia,Carnival,LX,6,Gasoline,12263.0,10/12/2025,Ontario,37800
2022,Kia,Carnival,LX+,6,Gasoline,60794.0,10/12/2025,Ontario,29500
2018,Kia,Sportage,LX,4,Gasoline,90343.0,10/12/2025,Quebec,10800
2017,Kia,Sportage,LX,4,Gasoline,203204.0,10/12/2025,Quebec,5000
2018,Kia,Sportage,LX,4,Gasoline,158226.0,10/12/2025,Quebec,7900
2023,Kia,Seltos,EX,4,Gasoline,50426.0,10/12/2025,Quebec,21200
2021,Kia,Seltos,EX,4,Gasoline,108405.0,10/12/2025,Alberta,18000
2020,Kia,Soul EV,EV Limited,E,Electric,42698.0,10/12/2025,Ontario,10200
2022,Kia,Soul EV,EV Limited,E,Electric,76558.0,10/12/2025,Quebec,14500
2022,Kia,Soul EV,EV Limited,E,Electric,61928.0,10/12/2025,Quebec,15400
2022,Kia,Soul,EX5D Hatchback at,4,Gasoline,34497.0,10/12/2025,Quebec,15000
2020,Kia,Soul,EX,4,Gasoline,156569.0,10/12/2025,Ontario,4200
2016,Kia,Soul,EX,4,Gasoline,146541.0,10/12/2025,Ontario,3700
2024,Kia,Carnival,LX,6,Gasoline,12263.0,10/12/2025,Ontario,37800
2022,Kia,Carnival,LX+,6,Gasoline,60794.0,10/12/2025,Ontario,29500
2018,Kia,Sportage,LX,4,Gasoline,90343.0,10/12/2025,Quebec,10800
2017,Kia,Sportage,LX,4,Gasoline,203204.0,10/12/2025,Quebec,5000
2018,Kia,Sportage,LX,4,Gasoline,158226.0,10/12/2025,Quebec,7900
2022,Kia,Sportage,EX,4,Gasoline,57276.0,10/12/2025,Quebec,20200
2020,Kia,Sportage,EX,4,Gasoline,108962.0,10/12/2025,Ontario,13500
2019,Kia,Sportage,EX,4,Gasoline,48477.0,10/12/2025,Quebec,17400
2022,Kia,Sportage,SX,4,Gasoline,64012.0,10/12/2025,Ontario,20500
2023,Kia,Sportage,EX,4,Gasoline,42803.0,10/12/2025,Quebec,25000
2023,Kia,Forte,LX,4,Gasoline,61087.0,09/12/2025,Alberta,11600
2018,Kia,Sorento,LX,4,Gasoline,192945.0,09/12/2025,Nova Scotia,4000
2021,Kia,Sorento,LX+4D UTILITY AT AWD,4,Gasoline,106904.0,09/12/2025,Alberta,17500
2013,Kia,Sorento,LX,4,Gasoline,172409.0,09/12/2025,Nova Scotia,500
2023,Kia,Forte,LX,4,Gasoline,61087.0,09/12/2025,Alberta,11600
2023,Kia,Forte,EX,4,Gasoline,84612.0,09/12/2025,Alberta,15100
2019,Kia,Forte,EX,4,Gasoline,167582.0,09/12/2025,Alberta,3900
2025,Kia,K4,LX,4,Gasoline,7046.0,09/12/2025,Alberta,20200
2023,Kia,Seltos,EX Premium,4,Gasoline,55757.0,09/12/2025,Alberta,21000
2022,Kia,Sportage,EX,4,Gasoline,134401.0,09/12/2025,Alberta,15200
2019,Kia,Sportage,EX,4,Gasoline,116956.0,09/12/2025,Nova Scotia,9000
2024,Kia,Sportage,EX,4,Gasoline,16776.0,09/12/2025,Alberta,28400
2023,Kia,Sportage,XLine Limited,4,Gasoline,33001.0,08/12/2025,Quebec,31700
2021,Kia,Seltos,LX,4,Gasoline,84959.0,08/12/2025,Newfoundland and Labrador,13400
2019,Kia,Sorento,SX LIMITED V6,6,Gasoline,97345.0,05/12/2025,Newfoundland and Labrador,15000
2020,Kia,Sorento,SX V6,6,Gasoline,98164.0,05/12/2025,Newfoundland and Labrador,15500
2016,Kia,Optima,SXL Turbo,4,Gasoline,73337.0,05/12/2025,British Columbia,10000
2018,Kia,Rio,LX+,4,Gasoline,43277.0,05/12/2025,Manitoba,7300
2019,Kia,Rio 5door,LX+,4,Gasoline,134838.0,05/12/2025,Newfoundland and Labrador,4900
2022,Kia,Forte,LX,4,Gasoline,28382.0,05/12/2025,Newfoundland and Labrador,14700
2016,Kia,Rio,EX,4,Gasoline,142229.0,05/12/2025,Newfoundland and Labrador,3200
2019,Kia,Soul,EX,4,Gasoline,135679.0,05/12/2025,Manitoba,4500
2020,Kia,Sedona,LX,6,Gasoline,90383.0,05/12/2025,Newfoundland and Labrador,17000
2022,Kia,Sportage,EX S,4,Gasoline,119102.0,05/12/2025,Saskatchewan,13600
2025,Kia,Sportage,LX,4,Gasoline,15579.0,05/12/2025,Newfoundland and Labrador,23000
2023,Kia,Sportage,LX,4,Gasoline,53089.0,05/12/2025,Saskatchewan,18200
2023,Kia,Sportage,EX,4,Gasoline,97563.0,05/12/2025,Newfoundland and Labrador,21300
2023,Kia,Sportage,EX Premium,4,Gasoline,40578.0,05/12/2025,Newfoundland and Labrador,25000
2024,Kia,Sportage,EX,4,Gasoline,53422.0,05/12/2025,British Columbia,24500
2023,Kia,Forte,EX,4,Gasoline,29134.0,04/12/2025,Quebec,18200
2023,Kia,Forte,EX,4,Gasoline,31933.0,04/12/2025,British Columbia,16750
2023,Kia,Forte,EX,4,Gasoline,33606.0,04/12/2025,British Columbia,18000
2023,Kia,Forte,EX PLUS4D SEDAN AT,4,Gasoline,63398.0,04/12/2025,Quebec,17700
2021,Kia,Forte,Other,4,Gasoline,113823.0,04/12/2025,New Brunswick,12000
2018,Kia,Forte,EX,4,Gasoline,103122.0,04/12/2025,New Brunswick,6000
2025,Kia,K4,EX,4,Gasoline,4354.0,04/12/2025,Alberta,24000
2025,Kia,K4,4D SEDAN AT | EX+,4,Gasoline,1743.0,04/12/2025,British Columbia,23900
2019,Kia,Sorento,LX,4,Gasoline,153897.0,04/12/2025,Manitoba,8000
2023,Kia,Telluride,EX,6,Gasoline,62553.0,04/12/2025,Quebec,34200
2023,Kia,Telluride,EX,6,Gasoline,45862.0,04/12/2025,Quebec,36000
2023,Kia,Telluride,XLine,6,Gasoline,63318.0,04/12/2025,Quebec,39200
2023,Kia,Telluride,XLINE4D UTILITY AWD,6,Gasoline,68130.0,04/12/2025,Quebec,39200
2023,Kia,Telluride,SX4D UTILITY AWD,6,Gasoline,63102.0,04/12/2025,Quebec,40100
2023,Kia,Telluride,XLINE4D UTILITY AWD,6,Gasoline,57434.0,04/12/2025,Quebec,40200
2023,Kia,Telluride,XPRO4D UTILITY AWD,6,Gasoline,52079.0,04/12/2025,Quebec,40000
2023,Kia,Telluride,XLINE4D UTILITY AWD,6,Gasoline,59891.0,04/12/2025,Quebec,39700
2024,Kia,Telluride,XLINE4D UTILITY AWD,6,Gasoline,49983.0,04/12/2025,Ontario,47500
2022,Kia,Telluride,SX LIMITED4D UTILITY AWD,6,Gasoline,59761.0,04/12/2025,Quebec,36200
2023,Kia,Forte,EX,4,Gasoline,29134.0,04/12/2025,Quebec,18200
2023,Kia,Forte,EX,4,Gasoline,31933.0,04/12/2025,British Columbia,16750
2023,Kia,Forte,EX,4,Gasoline,33606.0,04/12/2025,British Columbia,18000
2023,Kia,Forte,EX PLUS4D SEDAN AT,4,Gasoline,63398.0,04/12/2025,Quebec,17700
2021,Kia,Forte,Other,4,Gasoline,113823.0,04/12/2025,New Brunswick,12000
2018,Kia,Forte,EX,4,Gasoline,103122.0,04/12/2025,New Brunswick,6000
2025,Kia,K4,EX,4,Gasoline,4354.0,04/12/2025,Alberta,24000
2025,Kia,K4,4D SEDAN AT | EX+,4,Gasoline,1743.0,04/12/2025,British Columbia,23900
2022,Kia,Soul EV,EV Limited,E,Electric,53909.0,04/12/2025,Quebec,15600
2020,Kia,Forte5,GT,4,Gasoline,57603.0,04/12/2025,British Columbia,12000
2011,Kia,Forte 5Door,EX,4,Gasoline,178402.0,04/12/2025,Quebec,2500
2015,Kia,Optima,SX Turbo,4,Gasoline,160433.0,04/12/2025,Quebec,5700
2022,Kia,EV6,Long Range,7,Electric,55594.0,04/12/2025,British Columbia,30800
2022,Kia,EV6,Long Range,7,Electric,18705.0,04/12/2025,British Columbia,30000
2023,Kia,Niro EV,Premium,E,Electric,26782.0,04/12/2025,British Columbia,23500
2024,Kia,Niro EV,Wind,E,Electric,11912.0,04/12/2025,Quebec,25200
2023,Kia,Niro EV,EV PREMIUM+4D UTILITY,6,Electric,44974.0,04/12/2025,Quebec,21300
2024,Kia,Seltos,LX,4,Gasoline,11139.0,04/12/2025,British Columbia,19500
2022,Kia,Seltos,EX,4,Gasoline,105991.0,04/12/2025,Ontario,14250
2021,Kia,Seltos,SX Turbo,4,Gasoline,101481.0,04/12/2025,British Columbia,15000
2023,Kia,Seltos,SX Turbo,4,Gasoline,48400.0,04/12/2025,Quebec,23700
2023,Kia,Seltos,SX Turbo,4,Gasoline,47457.0,04/12/2025,Quebec,23700
2021,Kia,Seltos,EX,4,Gasoline,51391.0,04/12/2025,British Columbia,18100
2022,Kia,Soul EV,EV Premium,E,Electric,96615.0,04/12/2025,Quebec,13100
2021,Kia,Soul EV,EV Limited,E,Electric,46384.0,04/12/2025,Quebec,14100
2022,Kia,Soul EV,EV Limited,E,Electric,53909.0,04/12/2025,Quebec,15600
2023,Kia,Soul EV,EV Limited,E,Electric,56964.0,04/12/2025,Quebec,17100
2023,Kia,Soul EV,EV Limited,E,Electric,70045.0,04/12/2025,Quebec,17400
2023,Kia,Soul,EX5D HATCHBACK AT,4,Gasoline,77320.0,04/12/2025,Ontario,14400
2015,Kia,Soul,EX,4,Gasoline,147711.0,04/12/2025,Quebec,3000
2018,Kia,Soul EV,EV Luxury,3,Electric,135253.0,04/12/2025,Quebec,3300
2023,Kia,Carnival,EX,6,Gasoline,79442.0,04/12/2025,Ontario,32000
2019,Kia,Sportage,LX,4,Gasoline,168136.0,04/12/2025,Quebec,8800
2022,Kia,Sportage,EX,4,Gasoline,90433.0,04/12/2025,Ontario,18100
2022,Kia,Sportage,EX,4,Gasoline,72575.0,04/12/2025,Ontario,17300
2022,Kia,Sportage,EX S,4,Gasoline,50571.0,04/12/2025,Ontario,18250
2022,Kia,Sportage,SX,4,Gasoline,84152.0,04/12/2025,Ontario,20000
2023,Kia,Sportage,XLine,4,Gasoline,49232.0,04/12/2025,Quebec,26600
2024,Kia,Sportage,LX,4,Gasoline,35670.0,04/12/2025,Ontario,25600
2025,Kia,Sportage,LX,4,Gasoline,15044.0,04/12/2025,Ontario,25750
2023,Kia,Sportage,EX,4,Gasoline,43991.0,04/12/2025,Quebec,25400
2023,Kia,Sportage,EX,4,Gasoline,45756.0,04/12/2025,British Columbia,25700
2023,Kia,Sportage Hybrid,EX,4,Hybrid,162444.0,04/12/2025,British Columbia,17750
2021,Kia,Rio 5door,LX Premium,4,Gasoline,102936.0,03/12/2025,Ontario,9800
2018,Kia,Rio 5door,EX,4,Gasoline,146027.0,03/12/2025,Quebec,6800
2020,Kia,Forte,LX,4,Gasoline,147964.0,03/12/2025,Quebec,6100
2023,Kia,Forte,4D SEDAN AT | EX,4,Gasoline,43482.0,03/12/2025,Quebec,17200
2022,Kia,Forte,EX,4,Gasoline,95975.0,03/12/2025,Ontario,13600
2023,Kia,Forte,EX,4,Gasoline,90204.0,03/12/2025,Ontario,11500
2023,Kia,Forte,EX+,4,Gasoline,15024.0,03/12/2025,Ontario,19750
2019,Kia,Forte,EX,4,Gasoline,94851.0,03/12/2025,Ontario,9800
2021,Kia,Forte,EX,4,Gasoline,95898.0,03/12/2025,Ontario,13750
2025,Kia,K4,EX,4,Gasoline,10357.0,03/12/2025,Alberta,24000
2023,Kia,Telluride,XLINE4D UTILITY AWD,6,Gasoline,20245.0,03/12/2025,Quebec,45000
2023,Kia,Telluride,XLine,6,Gasoline,46968.0,03/12/2025,Quebec,41800
2023,Kia,Telluride,SX,6,Gasoline,74819.0,03/12/2025,Quebec,34300
2023,Kia,Telluride,SX LIMITED4D UTILITY AWD,6,Gasoline,39917.0,03/12/2025,Quebec,42100
2023,Kia,Telluride,XLINE,6,Gasoline,119225.0,03/12/2025,Quebec,33200
2023,Kia,Telluride,XLine,6,Gasoline,33199.0,03/12/2025,Ontario,38700
2023,Kia,Telluride,SX LIMITED4D UTILITY AWD,6,Gasoline,28482.0,03/12/2025,Ontario,43500
2023,Kia,Telluride,XLINE4D UTILITY AWD,6,Gasoline,80618.0,03/12/2025,Quebec,34500
2023,Kia,Telluride,SX Limited,6,Gasoline,52256.0,03/12/2025,Ontario,42500
2023,Kia,Telluride,XLine,6,Gasoline,58092.0,03/12/2025,Ontario,43750
2023,Kia,Telluride,EX,6,Gasoline,66566.0,03/12/2025,Quebec,36000
2023,Kia,Telluride,SX4D Utility AWD,6,Gasoline,70131.0,03/12/2025,Quebec,41600
2023,Kia,Telluride,XLINE4D UTILITY AWD,6,Gasoline,20245.0,03/12/2025,Quebec,45000
2023,Kia,Telluride,XLine,6,Gasoline,46968.0,03/12/2025,Quebec,41800
2023,Kia,Telluride,SX,6,Gasoline,74819.0,03/12/2025,Quebec,34300
2023,Kia,Telluride,SX LIMITED4D UTILITY AWD,6,Gasoline,39917.0,03/12/2025,Quebec,42100
2023,Kia,Telluride,XLINE,6,Gasoline,119225.0,03/12/2025,Quebec,33200
2023,Kia,Telluride,XLine,6,Gasoline,33199.0,03/12/2025,Ontario,38700
2023,Kia,Telluride,SX LIMITED4D UTILITY AWD,6,Gasoline,28482.0,03/12/2025,Ontario,43500
2023,Kia,Telluride,XLINE4D UTILITY AWD,6,Gasoline,80618.0,03/12/2025,Quebec,34500
2023,Kia,Forte,EX,4,Gasoline,90204.0,03/12/2025,Ontario,11500
2023,Kia,Forte,EX+,4,Gasoline,15024.0,03/12/2025,Ontario,19750
2019,Kia,Forte,EX,4,Gasoline,94851.0,03/12/2025,Ontario,9800
2021,Kia,Forte,EX,4,Gasoline,95898.0,03/12/2025,Ontario,13750
2025,Kia,K4,EX,4,Gasoline,10357.0,03/12/2025,Alberta,24000
2022,Kia,Soul EV,EV Limited,E,Electric,74355.0,03/12/2025,Quebec,12800
2022,Kia,Soul EV,EV Limited,E,Electric,90537.0,03/12/2025,Quebec,14800
2022,Kia,Soul EV,EV Limited,E,Electric,32478.0,03/12/2025,Quebec,16600
2022,Kia,Soul EV,EV Limited,E,Electric,90592.0,03/12/2025,Quebec,14800
2020,Kia,Soul,EX,4,Gasoline,117319.0,03/12/2025,Ontario,5500
2022,Kia,Niro EV,EX,E,Electric,62461.0,03/12/2025,Quebec,17600
2022,Kia,Niro EV,EX,E,Electric,65082.0,03/12/2025,Quebec,17400
2022,Kia,Niro EV,EX,6,Electric,68769.0,03/12/2025,Quebec,16200
2024,Kia,Seltos,LX,4,Gasoline,15078.0,03/12/2025,Ontario,23000
2022,Kia,Seltos,LX,4,Gasoline,69519.0,03/12/2025,Quebec,16400
2023,Kia,Seltos,EX,4,Gasoline,71269.0,03/12/2025,Ontario,20250
2023,Kia,Seltos,EX,4,Gasoline,57028.0,03/12/2025,Quebec,21100
2023,Kia,Seltos,EX,4,Gasoline,42455.0,03/12/2025,Ontario,22900
2023,Kia,Seltos,SX Turbo,4,Gasoline,70437.0,03/12/2025,Quebec,19800
2023,Kia,Seltos,SX Turbo,4,Gasoline,45714.0,03/12/2025,Quebec,22100
2023,Kia,Seltos,SX Turbo,4,Gasoline,60083.0,03/12/2025,Quebec,20900
2024,Kia,Seltos,SX4D UTILITY AWD,4,Gasoline,101268.0,03/12/2025,Ontario,20000
2023,Kia,Seltos,EX,4,Gasoline,49258.0,03/12/2025,Quebec,21000
2022,Kia,Soul EV,EV Premium,E,Electric,27913.0,03/12/2025,Quebec,15200
2022,Kia,Soul EV,EV Premium,0,Electric,109858.0,03/12/2025,Quebec,11800
2022,Kia,Soul EV,EV Premium,E,Electric,42883.0,03/12/2025,Quebec,14600
2022,Kia,Soul EV,EV Premium,E,Electric,70959.0,03/12/2025,Quebec,13000
2022,Kia,Soul EV,EV Premium,E,Electric,9028.0,03/12/2025,Quebec,18200
2022,Kia,Soul EV,EV Limited,E,Electric,74355.0,03/12/2025,Quebec,12800
2022,Kia,Soul EV,EV Limited,E,Electric,90537.0,03/12/2025,Quebec,14800
2022,Kia,Soul EV,EV Premium,E,Electric,42883.0,03/12/2025,Quebec,14600
2022,Kia,Soul EV,EV Premium,E,Electric,70959.0,03/12/2025,Quebec,13000
2022,Kia,Soul EV,EV Premium,E,Electric,9028.0,03/12/2025,Quebec,18200
2022,Kia,Sportage,EX,4,Gasoline,94910.0,03/12/2025,Quebec,17500
2021,Kia,Sportage,EX S,4,Gasoline,120308.0,03/12/2025,Ontario,16500
2020,Kia,Sportage,EX,4,Gasoline,64903.0,03/12/2025,Ontario,15600
2022,Kia,Sportage,EX,4,Gasoline,106633.0,03/12/2025,Quebec,16500
2022,Kia,Sportage,EX,4,Gasoline,64051.0,03/12/2025,Ontario,20600
2023,Kia,Sportage,EX,4,Gasoline,57327.0,03/12/2025,Quebec,27800
2023,Kia,Sportage,EX,4,Gasoline,60076.0,03/12/2025,Quebec,24600
2023,Kia,Sportage,EX Premium,4,Gasoline,77820.0,03/12/2025,Ontario,23600
2023,Kia,Sportage Hybrid,EX,4,Hybrid,117055.0,03/12/2025,Quebec,22900
2023,Kia,Sportage,XLine Limited,4,Gasoline,62878.0,03/12/2025,Ontario,24000
2015,MercedesBenz,CClass,C 400,6,Gasoline,176579.0,02/01/2026,Saskatchewan,9700
2011,MercedesBenz,GLKClass,GLK 350,6,Gasoline,136192.0,02/01/2026,Saskatchewan,6900
2019,MercedesBenz,CClass,AMG C 63 S,8,Gasoline,62601.0,31/12/2025,British Columbia,52000
2020,MercedesBenz,GLE,GLE 450,6,Hybrid,39010.0,30/12/2025,Quebec,47800
2016,MercedesBenz,CClass,C 300,4,Gasoline,76685.0,30/12/2025,British Columbia,9100
2012,MercedesBenz,MClass,ML 350,6,Gasoline,154986.0,30/12/2025,Alberta,6100
2023,MercedesBenz,CClass,C 300,4,Hybrid,22603.0,30/12/2025,British Columbia,40000
2023,MercedesBenz,Metris Cargo Van,"126"" WB",4,Gasoline,66475.0,30/12/2025,New Brunswick,29500
2023,MercedesBenz,Metris Cargo Van,Other,4,Gasoline,61673.0,30/12/2025,Nova Scotia,30000
2018,MercedesBenz,GLC,GLC 300,4,Gasoline,164023.0,30/12/2025,Quebec,17300
2020,MercedesBenz,GLC,GLC 300,4,Gasoline,60241.0,30/12/2025,British Columbia,27250
2019,MercedesBenz,GLA,GLA 250,4,Flex,117670.0,30/12/2025,Quebec,14400
2018,MercedesBenz,GLC,GLC 300,4,Gasoline,94804.0,29/12/2025,Quebec,21500
2021,MercedesBenz,GLE,GLE 350,4,Gasoline,110161.0,23/12/2025,Ontario,36500
2018,MercedesBenz,CClass,C 300,4,Gasoline,139921.0,23/12/2025,Ontario,14200
2012,MercedesBenz,MClass,ML 350 BlueTEC,6,Diesel,143868.0,23/12/2025,Ontario,10800
2024,MercedesBenz,CLE,CLE 300,4,Hybrid,5205.0,23/12/2025,Ontario,57500
2020,MercedesBenz,GLB,GLB 250,4,Gasoline,76967.0,23/12/2025,Quebec,23000
2023,MercedesBenz,GLB,GLB 250,4,Gasoline,78823.0,23/12/2025,Nova Scotia,27000
2023,MercedesBenz,Sprinter Cargo Van,Other,4,Gasoline,40649.0,23/12/2025,Alberta,38600
2023,MercedesBenz,Metris Cargo Van,Other,4,Gasoline,68119.0,23/12/2025,Nova Scotia,29000
2023,MercedesBenz,Metris Cargo Van,Other,4,Gasoline,54783.0,23/12/2025,Nova Scotia,30000
2023,MercedesBenz,Sprinter Passenger Van,"2500 HIGH ROOF I4 DIESEL HO 170"" 15 PASSENGERS",4,Diesel,91299.0,23/12/2025,Alberta,49400
2022,MercedesBenz,EClass,AMG E 53,6,Hybrid,29135.0,23/12/2025,Quebec,63250
2018,MercedesBenz,GLC,GLC 300,4,Gasoline,54959.0,23/12/2025,British Columbia,16900
2018,MercedesBenz,GLC,GLC 300,4,Gasoline,123308.0,23/12/2025,Quebec,23800
2018,MercedesBenz,GLC,AMG GLC 43,6,Gasoline,88036.0,23/12/2025,British Columbia,27500
2019,MercedesBenz,GLE,AMG GLE 43,6,Gasoline,112307.0,18/12/2025,Quebec,36200
2021,MercedesBenz,GLE,GLE 350,4,Gasoline,46422.0,18/12/2025,Manitoba,44800
2017,MercedesBenz,CClass,C 300,4,Gasoline,137986.0,18/12/2025,Ontario,13200
2019,MercedesBenz,CClass,AMG C 43,6,Gasoline,63082.0,18/12/2025,Quebec,34800
2019,MercedesBenz,CClass,AMG C 43,6,Gasoline,53093.0,18/12/2025,New Brunswick,34200
2020,MercedesBenz,CClass,AMG C 43,6,Gasoline,72336.0,18/12/2025,Quebec,39200
2021,MercedesBenz,GLE,AMG GLE 53,6,Hybrid,99512.0,18/12/2025,British Columbia,52400
2022,MercedesBenz,AMG GT,AMG GT 53,6,Hybrid,85695.0,18/12/2025,Ontario,79800
2025,MercedesBenz,CLE,CLE 300,4,Hybrid,5104.0,18/12/2025,British Columbia,73250
2023,MercedesBenz,EQB,EQB 350,E,Electric,7089.0,18/12/2025,British Columbia,43750
2019,MercedesBenz,Sprinter Cargo Van,"2500 HIGH ROOF V6 170""",6,Diesel,165776.0,18/12/2025,British Columbia,21900
2020,MercedesBenz,GLC,GLC 300,4,Gasoline,85188.0,18/12/2025,Ontario,22200
2019,MercedesBenz,GLC,GLC 300,4,Gasoline,103903.0,18/12/2025,Ontario,26400
2018,MercedesBenz,GLA,GLA 250,4,Flex,105053.0,18/12/2025,Ontario,15000
2019,MercedesBenz,GClass,AMG G 63,8,Gasoline,75219.0,18/12/2025,British Columbia,145250
2016,MercedesBenz,EClass,E 400,6,Gasoline,117008.0,18/12/2025,Quebec,12800
2018,MercedesBenz,CLA,CLA 250,4,Gasoline,103797.0,18/12/2025,Quebec,14700
2019,MercedesBenz,CLA,CLA 250,4,Gasoline,49527.0,18/12/2025,Ontario,20200
2019,MercedesBenz,CClass,C 300,4,Gasoline,89004.0,18/12/2025,British Columbia,25200
2024,MercedesBenz,GLE,GLE 350,4,Hybrid,27646.0,17/12/2025,Alberta,56750
2021,MercedesBenz,GLE,GLE 450,6,Hybrid,84457.0,17/12/2025,Ontario,45000
2019,MercedesBenz,CClass,C 300,4,Gasoline,108559.0,17/12/2025,Ontario,22250
2019,MercedesBenz,CClass,C 300,4,Gasoline,78242.0,17/12/2025,Alberta,18600
2019,MercedesBenz,CClass,C 300,4,Gasoline,89615.0,17/12/2025,Ontario,24300
2019,MercedesBenz,CClass,C 300,4,Gasoline,158776.0,17/12/2025,Ontario,15250
2016,MercedesBenz,GLE,GLE 450 AMG,6,Gasoline,38915.0,17/12/2025,Quebec,25900
2023,MercedesBenz,GLE,GLE 450,6,Hybrid,27480.0,17/12/2025,Quebec,65600
2024,MercedesBenz,GLS,GLS 450,6,Hybrid,66290.0,17/12/2025,Ontario,82500
2020,MercedesBenz,GLS,GLS 450,6,Hybrid,96580.0,17/12/2025,Ontario,50250
2024,MercedesBenz,EQE,EQE 350,E,Electric,20826.0,17/12/2025,Ontario,58000
2024,MercedesBenz,EQE,EQE 350,E,Electric,16037.0,17/12/2025,Ontario,64250
2024,MercedesBenz,EQE,EQE 350,E,Electric,14490.0,17/12/2025,Ontario,64750
2024,MercedesBenz,EQE,EQE 350,E,Electric,10426.0,17/12/2025,Ontario,62750
2020,MercedesBenz,AMG GT,AMG GT 53,6,Hybrid,51117.0,17/12/2025,Ontario,71000
2022,MercedesBenz,EQS,EQS 580 Edition 1,1,Electric,92824.0,17/12/2025,Ontario,47000
2023,MercedesBenz,SL,AMG SL 63,8,Gasoline,17471.0,17/12/2025,Ontario,138500
2021,MercedesBenz,CClass,C 300,4,Gasoline,68981.0,17/12/2025,Ontario,28500
2021,MercedesBenz,CClass,C 300,4,Gasoline,117758.0,17/12/2025,Ontario,23500
2022,MercedesBenz,EClass,E 350,4,Gasoline,75273.0,17/12/2025,Ontario,37200
2020,MercedesBenz,GLC,GLC 300,4,Gasoline,81496.0,17/12/2025,Quebec,26500
2020,MercedesBenz,GLC,GLC 300,4,Gasoline,93949.0,17/12/2025,Ontario,22500
2021,MercedesBenz,GLC,GLC 300,4,Gasoline,99854.0,17/12/2025,Ontario,26250
2023,MercedesBenz,GLC,GLC 300,4,Gasoline,91768.0,17/12/2025,Ontario,36250
2022,MercedesBenz,GLB,GLB 250,4,Gasoline,59355.0,17/12/2025,Alberta,28000
2022,MercedesBenz,GLA,GLA 250,4,Gasoline,12769.0,17/12/2025,Quebec,26800
2021,MercedesBenz,GLA,GLA 250,4,Gasoline,37994.0,17/12/2025,Ontario,30000
2024,MercedesBenz,Sprinter Cargo Van,"2500 HIGH ROOF I4 DIESEL 170""",4,Diesel,21073.0,17/12/2025,Ontario,49750
2024,MercedesBenz,Sprinter Cargo Van,"2500 HIGH ROOF I4 DIESEL 170""",4,Diesel,33625.0,17/12/2025,Ontario,48000
2023,MercedesBenz,Sprinter Cargo Van,"2500 HIGH ROOF I4 DIESEL 170""",4,Diesel,52569.0,17/12/2025,Ontario,40250
2024,MercedesBenz,Sprinter Cargo Van,"2500 HIGH ROOF I4 DIESEL 170""",4,Diesel,41603.0,17/12/2025,Ontario,46000
2021,MercedesBenz,AClass,AMG A 35,4,Gasoline,42758.0,17/12/2025,Ontario,31500
2025,MercedesBenz,CLA,CLA 250,4,Hybrid,15220.0,17/12/2025,Ontario,40000
2021,MercedesBenz,SClass,S 580,8,Hybrid,18228.0,17/12/2025,Ontario,95500
2020,MercedesBenz,CClass,AMG C 43,6,Gasoline,92012.0,17/12/2025,Quebec,37200
2020,MercedesBenz,EClass,E 350,4,Gasoline,81643.0,17/12/2025,Ontario,30000
2020,MercedesBenz,EClass,E 350,4,Gasoline,84607.0,17/12/2025,Ontario,31250
2018,MercedesBenz,GLC,GLC 300,4,Gasoline,89185.0,17/12/2025,Ontario,20250
2017,MercedesBenz,GLC,GLC 300,4,Gasoline,155308.0,17/12/2025,Quebec,16000
2010,MercedesBenz,GLKClass,GLK 350,6,Gasoline,168263.0,17/12/2025,Ontario,2400
2016,MercedesBenz,GLA,GLA 250,4,Flex,95245.0,17/12/2025,Ontario,12300
2019,MercedesBenz,EClass,E 450,6,Gasoline,73590.0,17/12/2025,Ontario,35250
2019,MercedesBenz,AClass,A 250,4,Gasoline,83981.0,17/12/2025,Ontario,16400
2010,MercedesBenz,CClass,C 63,8,Gasoline,84148.0,17/12/2025,Alberta,20300
2014,MercedesBenz,BClass,B 250 Sports Tourer,4,Gasoline,119171.0,17/12/2025,Ontario,7000
2018,MercedesBenz,CLA,AMG CLA 45,4,Gasoline,157395.0,17/12/2025,Quebec,13600
2020,MercedesBenz,CClass,AMG C 43,6,Gasoline,93333.0,17/12/2025,Quebec,35500
2017,MercedesBenz,CClass,C 300,4,Gasoline,114693.0,16/12/2025,Nova Scotia,12500
2024,MercedesBenz,GLB,GLB 250,4,Gasoline,53401.0,16/12/2025,Nova Scotia,35100
2018,MercedesBenz,CLA,CLA 250,4,Gasoline,131942.0,16/12/2025,Ontario,11500
2025,MercedesBenz,GLB,GLB 250,4,Gasoline,15677.0,15/12/2025,Ontario,43900
2018,MercedesBenz,CClass,C 300,4,Gasoline,31195.0,11/12/2025,Quebec,22700
2016,MercedesBenz,CClass,AMG C 63 S,8,Gasoline,186412.0,11/12/2025,Ontario,20250
2023,MercedesBenz,GLE,AMG GLE 63 S,8,Hybrid,56642.0,11/12/2025,Ontario,102500
2023,MercedesBenz,GLC,GLC 300,4,Gasoline,94251.0,11/12/2025,Ontario,37400
2020,MercedesBenz,Sprinter Cargo Van,"2500 STANDARD ROOF V6 144"" 4X4",6,Diesel,83512.0,11/12/2025,Quebec,27500
2022,MercedesBenz,AClass,A 250,4,Gasoline,56664.0,11/12/2025,British Columbia,24700
2017,MercedesBenz,EClass,E 300,4,Gasoline,67913.0,11/12/2025,Ontario,25750
2019,MercedesBenz,GLC,GLC 300,4,Gasoline,106870.0,11/12/2025,Ontario,19750
2016,MercedesBenz,GLA,GLA 250,4,Flex,169900.0,11/12/2025,Ontario,7400
2020,MercedesBenz,GLA,GLA 250,4,Flex,153137.0,11/12/2025,Ontario,13700
2014,MercedesBenz,EClass,E 300,6,Gasoline,134852.0,11/12/2025,Ontario,9200
2017,MercedesBenz,CLA,AMG CLA 45,4,Gasoline,63888.0,11/12/2025,British Columbia,15800
2018,MercedesBenz,GLS,GLS 450,6,Gasoline,156431.0,10/12/2025,Ontario,25300
2018,MercedesBenz,GLE,AMG GLE 63 S,8,Gasoline,74768.0,10/12/2025,Ontario,51750
2020,MercedesBenz,GLE,GLE 450,6,Hybrid,96085.0,10/12/2025,Ontario,40000
2024,MercedesBenz,GLE,GLE 450,6,Hybrid,29343.0,10/12/2025,Ontario,74750
2022,MercedesBenz,GLE,GLE 450,6,Hybrid,85796.0,10/12/2025,Ontario,48000
2017,MercedesBenz,CClass,C 300,4,Gasoline,194343.0,10/12/2025,Ontario,9500
2017,MercedesBenz,CClass,AMG C 43,6,Gasoline,129839.0,10/12/2025,Ontario,18000
2019,MercedesBenz,CClass,AMG C 43,6,Gasoline,123790.0,10/12/2025,Ontario,32250
2015,MercedesBenz,MClass,ML 350 BlueTEC,6,Diesel,89984.0,10/12/2025,Ontario,16500
2014,MercedesBenz,MClass,ML 350 BlueTEC,6,Diesel,164012.0,10/12/2025,Quebec,13500
2018,MercedesBenz,GLE,AMG GLE 43,6,Gasoline,134098.0,10/12/2025,Quebec,26000
2024,MercedesBenz,GLE,AMG GLE 53,6,Hybrid,24064.0,10/12/2025,Ontario,103750
2024,MercedesBenz,AMG GT,AMG GT 53,6,Hybrid,9698.0,10/12/2025,Quebec,115200
2024,MercedesBenz,CClass,C 300,4,Hybrid,12971.0,10/12/2025,Quebec,49000
2023,MercedesBenz,EQE,EQE 500,E,Electric,31852.0,10/12/2025,Quebec,57000
2024,MercedesBenz,CLE,CLE 300,4,Hybrid,9725.0,10/12/2025,Ontario,65500
2021,MercedesBenz,CClass,C 300,4,Gasoline,48992.0,10/12/2025,Ontario,31600
2022,MercedesBenz,GLB,GLB 250,4,Gasoline,109218.0,10/12/2025,Ontario,27000
2021,MercedesBenz,GClass,AMG G 63,8,Gasoline,93818.0,10/12/2025,Ontario,145750
2022,MercedesBenz,GClass,AMG G 63,8,Gasoline,42620.0,10/12/2025,Ontario,177000
2022,MercedesBenz,Sprinter Crew Van,"2500 HIGH ROOF V6 144""",6,Diesel,48434.0,10/12/2025,Quebec,41600
2020,MercedesBenz,Sprinter Crew Van,"2500 HIGH ROOF V6 144"" 4X4",6,Diesel,85477.0,10/12/2025,Quebec,33000
2021,MercedesBenz,EClass,AMG E 53,6,Hybrid,59885.0,10/12/2025,Ontario,64500
2023,MercedesBenz,CLA,CLA 250,4,Gasoline,66320.0,10/12/2025,Ontario,31500
2020,MercedesBenz,GLC,GLC 300,4,Gasoline,147433.0,10/12/2025,Quebec,21000
2019,MercedesBenz,AClass,A 250,4,Gasoline,64199.0,10/12/2025,Quebec,19200
2012,MercedesBenz,CClass,C 300,6,Gasoline,121041.0,10/12/2025,Ontario,7750
2018,MercedesBenz,BClass,B 250,4,Gasoline,122342.0,10/12/2025,Quebec,10600
2018,MercedesBenz,BClass,B 250,4,Gasoline,143939.0,10/12/2025,Ontario,7750
2018,MercedesBenz,BClass,B 250,4,Gasoline,143939.0,10/12/2025,Ontario,7750
2024,MercedesBenz,GLB,GLB 250,4,Gasoline,35832.0,09/12/2025,Nova Scotia,37100
2014,MercedesBenz,EClass,E 350,6,Gasoline,100439.0,09/12/2025,Alberta,10300
2023,Nissan,Rogue,SV Moonroof,3,Gasoline,62488.0,02/01/2026,Ontario,23300
2024,Nissan,Kicks,SV,4,Gasoline,13232.0,02/01/2026,Ontario,20300
2023,Nissan,Rogue,SV,3,Gasoline,47278.0,02/01/2026,British Columbia,23500
2023,Nissan,Qashqai,S,4,Gasoline,17631.0,02/01/2026,Quebec,17700
2024,Nissan,Rogue,SV Moonroof,3,Gasoline,37977.0,02/01/2026,Quebec,27000
2023,Nissan,Rogue,SV,3,Gasoline,28510.0,02/01/2026,Ontario,24900
2023,Nissan,Rogue,SV Moonroof,3,Gasoline,19242.0,02/01/2026,Ontario,25200
2023,Nissan,Rogue,SV Moonroof,3,Gasoline,48843.0,02/01/2026,Ontario,23500
2023,Nissan,Rogue,SV Moonroof,3,Gasoline,25881.0,02/01/2026,Ontario,25100
2023,Nissan,Rogue,SV Midnight Edition,3,Gasoline,29653.0,02/01/2026,Ontario,26300
2023,Nissan,Rogue,S,4,Gasoline,42765.0,02/01/2026,Quebec,22700
2023,Nissan,Qashqai,SV,4,Gasoline,28552.0,02/01/2026,Ontario,20800
2024,Nissan,Kicks,S,4,Gasoline,13829.0,02/01/2026,Ontario,17900
2023,Nissan,Qashqai,S,4,Gasoline,20530.0,02/01/2026,Quebec,18600
2024,Nissan,Sentra,SV,4,Gasoline,20794.0,02/01/2026,British Columbia,17900
2020,Nissan,Sentra,SV,4,Gasoline,28206.0,02/01/2026,Saskatchewan,13300
2024,Nissan,Versa,SV,4,Gasoline,40074.0,02/01/2026,Saskatchewan,15500
2019,Nissan,Kicks,SV,4,Gasoline,64195.0,02/01/2026,Saskatchewan,11000
2020,Nissan,Kicks,SR,4,Gasoline,115201.0,02/01/2026,Saskatchewan,12200
2020,Nissan,Rogue,SV,4,Gasoline,132781.0,02/01/2026,Saskatchewan,15800
2025,Nissan,Kicks Play,S,4,Gasoline,7657.0,31/12/2025,British Columbia,17200
2020,Nissan,Kicks,S,4,Gasoline,68387.0,31/12/2025,Quebec,13000
2024,Nissan,Kicks,SV,4,Gasoline,14420.0,30/12/2025,Quebec,19500
2024,Nissan,Sentra,SV,4,Gasoline,42266.0,30/12/2025,Ontario,18500
2024,Nissan,Kicks,SV,4,Gasoline,13931.0,30/12/2025,Quebec,19700
2023,Nissan,Kicks,SV,4,Gasoline,38764.0,30/12/2025,Quebec,16200
2024,Nissan,Kicks,S,4,Gasoline,14097.0,30/12/2025,Quebec,16800
2023,Nissan,Qashqai,S,4,Gasoline,10803.0,30/12/2025,Quebec,19500
2024,Nissan,Sentra,SV,4,Gasoline,30607.0,30/12/2025,Ontario,18300
2023,Nissan,Qashqai,S,4,Gasoline,8538.0,30/12/2025,Quebec,20000
2023,Nissan,LEAF,SV,E,Electric,28485.0,30/12/2025,Quebec,19600
2019,Nissan,Altima,2.5 Platinum,4,Gasoline,100152.0,30/12/2025,British Columbia,13800
2021,Nissan,Sentra,SV,4,Gasoline,98188.0,30/12/2025,Quebec,13600
2017,Nissan,Micra,S,4,Gasoline,111432.0,30/12/2025,Quebec,2800
2025,Nissan,Kicks,SR,4,Gasoline,15137.0,30/12/2025,British Columbia,25750
2021,Nissan,Kicks,S,4,Gasoline,104345.0,30/12/2025,Manitoba,10200
2019,Nissan,Kicks,SV,4,Gasoline,122100.0,30/12/2025,Quebec,8600
2024,Nissan,Kicks,SV,4,Gasoline,33968.0,30/12/2025,Alberta,14900
2018,Nissan,Sentra,S,4,Gasoline,136642.0,30/12/2025,Quebec,4100
2020,Nissan,Qashqai,SV,4,Gasoline,89825.0,30/12/2025,Newfoundland and Labrador,10700
2019,Nissan,Qashqai,SL,4,Gasoline,115990.0,30/12/2025,Alberta,11600
2024,Nissan,Rogue,S,3,Gasoline,42073.0,30/12/2025,Alberta,23700
2023,Nissan,Rogue,SV,3,Gasoline,10547.0,30/12/2025,British Columbia,24900
2023,Nissan,Rogue,SV,3,Gasoline,28712.0,30/12/2025,New Brunswick,24600
2018,Nissan,Rogue,SL,4,Gasoline,142994.0,30/12/2025,Nova Scotia,6800
2023,Nissan,Rogue,Platinum,3,Gasoline,8316.0,30/12/2025,British Columbia,26800
2021,Nissan,Rogue,SV,4,Gasoline,67867.0,30/12/2025,New Brunswick,17000
2022,Nissan,LEAF,SV,O,Electric,57128.0,29/12/2025,British Columbia,16600
2023,Nissan,Qashqai,SV,4,Gasoline,29580.0,23/12/2025,Alberta,18900
2024,Nissan,Sentra,SV,4,Gasoline,21188.0,23/12/2025,Quebec,18000
2024,Nissan,Sentra,SV,4,Gasoline,21345.0,23/12/2025,Ontario,18100
2024,Nissan,Kicks,SV,4,Gasoline,16966.0,23/12/2025,Quebec,18200
2024,Nissan,Sentra,SV,4,Gasoline,9781.0,23/12/2025,British Columbia,18200
2016,Nissan,Altima,2.5,4,Gasoline,162416.0,23/12/2025,Nova Scotia,3900
2018,Nissan,Altima,2.5,4,Gasoline,151788.0,23/12/2025,Ontario,4600
2015,Nissan,Altima,2.5 S,4,Gasoline,211498.0,23/12/2025,Ontario,1100
2018,Nissan,LEAF,SL,4,Electric,157511.0,23/12/2025,British Columbia,6400
2023,Nissan,Altima,SR,4,Gasoline,98569.0,23/12/2025,Alberta,18500
2023,Nissan,Altima,Platinum,4,Gasoline,68162.0,23/12/2025,Ontario,21500
2023,Nissan,LEAF,SL PLUS,E,Electric,35333.0,23/12/2025,Ontario,21500
2021,Nissan,Sentra,SV,4,Gasoline,31910.0,23/12/2025,Quebec,11500
2020,Nissan,Sentra,SV,4,Gasoline,106104.0,23/12/2025,Ontario,5400
2025,Nissan,Sentra,SV,4,Gasoline,25653.0,23/12/2025,Quebec,18000
2018,Nissan,Micra,S,4,Gasoline,20840.0,23/12/2025,Quebec,9700
2017,Nissan,Micra,S,4,Gasoline,117588.0,23/12/2025,Quebec,2800
2021,Nissan,Versa,SV,4,Gasoline,119726.0,23/12/2025,Manitoba,10300
2021,Nissan,Kicks,SV,4,Gasoline,147259.0,23/12/2025,Alberta,6700
2018,Nissan,Sentra,SV,4,Gasoline,150747.0,23/12/2025,Ontario,3700
2018,Nissan,Sentra,SV,4,Gasoline,159240.0,23/12/2025,Quebec,3100
2023,Nissan,Pathfinder,ROCK CREEK,6,Gasoline,48093.0,23/12/2025,British Columbia,33750
2014,Nissan,370Z,Touring,6,Gasoline,117316.0,23/12/2025,Ontario,10500
2023,Nissan,Qashqai,S,4,Gasoline,31961.0,23/12/2025,Quebec,16200
2021,Nissan,Qashqai,SV,4,Gasoline,40573.0,23/12/2025,Quebec,16600
2019,Nissan,Qashqai,S,4,Gasoline,132682.0,23/12/2025,Quebec,7000
2020,Nissan,Rogue,SV,4,Gasoline,119313.0,23/12/2025,Alberta,14250
2020,Nissan,Rogue,SV,4,Gasoline,115538.0,23/12/2025,Ontario,13600
2020,Nissan,Rogue,SL SPORT UTILITY 4D,4,Gasoline,205950.0,23/12/2025,British Columbia,8100
2021,Nissan,Rogue,S,4,Gasoline,69833.0,23/12/2025,Quebec,18000
2023,Nissan,Rogue,S,4,Gasoline,35955.0,23/12/2025,Quebec,21000
2020,Nissan,Rogue,S,4,Gasoline,94540.0,23/12/2025,Quebec,14700
2018,Nissan,Rogue,SV,4,Gasoline,131721.0,23/12/2025,Ontario,7500
2020,Nissan,Murano,SL,6,Gasoline,60653.0,23/12/2025,Quebec,22800
2020,Nissan,Murano,SL,6,Gasoline,69798.0,23/12/2025,Ontario,22400
2024,Nissan,Rogue,SV Moonroof,3,Gasoline,17152.0,23/12/2025,British Columbia,26250
2024,Nissan,Rogue,Platinum,3,Gasoline,79764.0,23/12/2025,Nova Scotia,25800
2014,Nissan,370Z,Touring,6,Gasoline,117316.0,23/12/2025,Ontario,10500
2023,Nissan,Qashqai,S,4,Gasoline,31961.0,23/12/2025,Quebec,16200
2021,Nissan,Qashqai,SV,4,Gasoline,40573.0,23/12/2025,Quebec,16600
2019,Nissan,Qashqai,S,4,Gasoline,132682.0,23/12/2025,Quebec,7000
2023,Nissan,Qashqai,SV,4,Gasoline,28495.0,22/12/2025,Newfoundland and Labrador,18800
2023,Nissan,Qashqai,Other,4,Gasoline,18151.0,22/12/2025,Newfoundland and Labrador,19200
2023,Nissan,Rogue,SV Moonroof,3,Gasoline,46140.0,22/12/2025,Ontario,23400
2023,Nissan,Rogue,SV Moonroof,3,Gasoline,37166.0,22/12/2025,Ontario,24400
2024,Nissan,Sentra,SV,4,Gasoline,18937.0,22/12/2025,Quebec,18900
2024,Nissan,Sentra,SV,4,Gasoline,31999.0,22/12/2025,Ontario,17700
2021,Nissan,Sentra,SV,4,Gasoline,53103.0,19/12/2025,Quebec,14800
2024,Nissan,Sentra,SR,4,Gasoline,17335.0,19/12/2025,Quebec,20800
2024,Nissan,Kicks,SR,4,Gasoline,10423.0,19/12/2025,Quebec,21100
2023,Nissan,Rogue,S,4,Gasoline,56164.0,19/12/2025,Quebec,20900
2023,Nissan,Rogue,SV Moonroof,3,Gasoline,35472.0,19/12/2025,Ontario,24100
2022,Nissan,Sentra,SV,4,Gasoline,34565.0,19/12/2025,Saskatchewan,13900
2021,Nissan,Kicks,SV,4,Gasoline,195113.0,19/12/2025,Saskatchewan,5200
2018,Nissan,Rogue,SV,4,Gasoline,61982.0,19/12/2025,Manitoba,12200
2016,Nissan,Pathfinder,SV,6,Gasoline,191132.0,19/12/2025,Manitoba,2200
2017,Nissan,Rogue,SV,4,Gasoline,140319.0,19/12/2025,Newfoundland and Labrador,5600
2018,Nissan,Murano,PLATINUM,6,Gasoline,131978.0,19/12/2025,Newfoundland and Labrador,14400
2023,Nissan,Rogue,SV,3,Gasoline,57768.0,19/12/2025,Newfoundland and Labrador,22000
2023,Nissan,Qashqai,S,4,Gasoline,28867.0,18/12/2025,Quebec,17200
2024,Nissan,Kicks,SV,4,Gasoline,15007.0,18/12/2025,New Brunswick,18800
2024,Nissan,Kicks,SV,4,Gasoline,21809.0,18/12/2025,Newfoundland and Labrador,18600
2023,Nissan,Qashqai,S,4,Gasoline,16278.0,18/12/2025,Newfoundland and Labrador,18000
2021,Nissan,Murano,SV,6,Gasoline,97564.0,18/12/2025,Ontario,17600
2023,Nissan,Rogue,SV,3,Gasoline,74902.0,18/12/2025,Ontario,21400
2024,Nissan,Kicks,SV,4,Gasoline,16440.0,18/12/2025,Ontario,17400
2021,Nissan,Maxima,SR,6,Gasoline,60671.0,18/12/2025,Ontario,24800
2021,Nissan,Altima,2.5 SE,4,Gasoline,92845.0,18/12/2025,British Columbia,14500
2024,Nissan,Altima,S,4,Gasoline,101550.0,18/12/2025,Ontario,18000
2024,Nissan,Altima,SR,4,Gasoline,27331.0,18/12/2025,Ontario,26800
2022,Nissan,LEAF,SV PLUS,6,Electric,71227.0,18/12/2025,Ontario,14700
2022,Nissan,LEAF,SL PLUS,6,Electric,114647.0,18/12/2025,Ontario,11300
2019,Nissan,Titan,S CREW CAB SHORT BED,8,Gasoline,82526.0,18/12/2025,Ontario,22500
2021,Nissan,Sentra,SV,4,Gasoline,119735.0,18/12/2025,Ontario,9200
2021,Nissan,Sentra,SV,4,Gasoline,45523.0,18/12/2025,Quebec,15500
2024,Nissan,Sentra,SR,4,Gasoline,8948.0,18/12/2025,British Columbia,22250
2021,Nissan,Sentra,SR,4,Gasoline,102613.0,18/12/2025,Ontario,12000
2024,Nissan,Kicks,SR,4,Gasoline,31828.0,18/12/2025,New Brunswick,18600
2018,Nissan,NV200 Compact Cargo,SV,4,Gasoline,144099.0,18/12/2025,Ontario,7000
2025,Nissan,Kicks,SR,4,Gasoline,2678.0,18/12/2025,Quebec,31200
2023,Nissan,Versa,SV,4,Gasoline,38390.0,18/12/2025,British Columbia,13000
2023,Nissan,Kicks,S,4,Gasoline,20930.0,18/12/2025,Ontario,15300
2022,Nissan,Kicks,S,4,Gasoline,108226.0,18/12/2025,Ontario,9250
2019,Nissan,Kicks,S,4,Gasoline,64243.0,18/12/2025,Quebec,10600
2019,Nissan,Kicks,SV,4,Gasoline,135304.0,18/12/2025,Nova Scotia,7000
2024,Nissan,Kicks,SV,4,Gasoline,10066.0,18/12/2025,Ontario,19500
2024,Nissan,Kicks,SV,4,Gasoline,12093.0,18/12/2025,Ontario,19500
2024,Nissan,Kicks,SV,4,Gasoline,30704.0,18/12/2025,Manitoba,17400
2024,Nissan,Kicks,SV,4,Gasoline,9820.0,18/12/2025,Ontario,19500
2024,Nissan,Kicks,SV,4,Gasoline,10297.0,18/12/2025,Ontario,19500
2020,Nissan,Kicks,SR,4,Gasoline,59237.0,18/12/2025,Ontario,15600
2017,Nissan,Sentra,SV,4,Gasoline,123548.0,18/12/2025,Ontario,6100
2019,Nissan,Sentra,SV,4,Gasoline,75479.0,18/12/2025,Quebec,11200
2023,Nissan,Rogue,S,4,Gasoline,19026.0,18/12/2025,Quebec,22400
2024,Nissan,Pathfinder,SV,6,Gasoline,51326.0,18/12/2025,Ontario,34500
2017,Nissan,Rogue,SV,4,Gasoline,181512.0,18/12/2025,British Columbia,6900
2020,Nissan,Rogue,SV,4,Gasoline,139993.0,18/12/2025,Quebec,10750
2016,Nissan,Rogue,SL SPORT UTILITY 4D,4,Gasoline,128924.0,18/12/2025,Ontario,6800
2018,Nissan,Rogue,S SPORT UTILITY 4D,4,Gasoline,65597.0,18/12/2025,British Columbia,15100
2019,Nissan,Rogue,SV,4,Gasoline,123645.0,18/12/2025,New Brunswick,11400
2020,Nissan,Rogue,SL SPORT UTILITY,4,Gasoline,259375.0,18/12/2025,British Columbia,6200
2023,Nissan,Rogue,S,4,Gasoline,136741.0,18/12/2025,New Brunswick,17500
2022,Nissan,Rogue,S,4,Gasoline,114994.0,18/12/2025,Ontario,16500
2022,Nissan,Rogue,S,4,Gasoline,56906.0,18/12/2025,British Columbia,17750
2015,Nissan,Pathfinder,SL,6,Gasoline,194481.0,18/12/2025,Ontario,4100
2018,Nissan,Rogue,SV,4,Gasoline,156130.0,18/12/2025,Ontario,4400
2020,Nissan,Rogue,S,4,Gasoline,120986.0,18/12/2025,Manitoba,13800
2017,Nissan,Rogue,SV,4,Gasoline,148125.0,18/12/2025,British Columbia,8200
2019,Nissan,Rogue,4D UTILITY AWD | SV,4,Gasoline,96757.0,18/12/2025,Quebec,11900
2015,Nissan,Rogue,SV,4,Gasoline,230138.0,18/12/2025,Ontario,2600
2017,Nissan,Murano,Platinum,6,Gasoline,82733.0,18/12/2025,British Columbia,18200
2023,Nissan,Rogue,SV Midnight Edition,3,Gasoline,39153.0,18/12/2025,Quebec,23200
2022,Nissan,Armada,SL,8,Gasoline,82663.0,18/12/2025,Quebec,34400
2012,Nissan,Murano,SV,6,Gasoline,156755.0,18/12/2025,Ontario,2700
2023,Nissan,ARIYA,PREMIERE,E,Electric,7795.0,18/12/2025,Quebec,38600
2023,Nissan,Rogue,SL,3,Gasoline,27929.0,18/12/2025,Quebec,25000
2023,Nissan,Rogue,SL,3,Gasoline,32740.0,18/12/2025,Ontario,26200
2023,Nissan,Rogue,SL,3,Gasoline,26762.0,18/12/2025,Quebec,26200
2023,Nissan,Rogue,Platinum,3,Gasoline,70300.0,18/12/2025,Quebec,23800
2018,Nissan,Rogue,SV,4,Gasoline,156130.0,18/12/2025,Ontario,4400
2020,Nissan,Rogue,S,4,Gasoline,120986.0,18/12/2025,Manitoba,13800
2017,Nissan,Rogue,SV,4,Gasoline,148125.0,18/12/2025,British Columbia,8200
2019,Nissan,Rogue,4D UTILITY AWD | SV,4,Gasoline,96757.0,18/12/2025,Quebec,11900
2015,Nissan,Rogue,SV,4,Gasoline,230138.0,18/12/2025,Ontario,2600
2023,Nissan,Rogue,SL,3,Gasoline,27929.0,18/12/2025,Quebec,25000
2023,Nissan,Rogue,SL,3,Gasoline,32740.0,18/12/2025,Ontario,26200
2023,Nissan,Rogue,SL,3,Gasoline,26762.0,18/12/2025,Quebec,26200
2023,Nissan,Rogue,Platinum,3,Gasoline,70300.0,18/12/2025,Quebec,23800
2023,Nissan,Rogue,Platinum,3,Gasoline,13867.0,18/12/2025,Quebec,28000
2023,Nissan,Rogue,Platinum,3,Gasoline,19773.0,18/12/2025,Quebec,27200
2023,Nissan,Rogue,Platinum,3,Gasoline,13114.0,18/12/2025,Ontario,28400
2023,Nissan,Rogue,Platinum,3,Gasoline,60085.0,18/12/2025,Quebec,23600
2024,Nissan,Pathfinder,SV,6,Gasoline,51326.0,18/12/2025,Ontario,34500
2017,Nissan,Murano,Platinum,6,Gasoline,82733.0,18/12/2025,British Columbia,18200
2024,Nissan,Kicks,SV,4,Gasoline,15151.0,17/12/2025,Quebec,21400
2023,Nissan,Qashqai,SV,4,Gasoline,35400.0,17/12/2025,Manitoba,17800
2023,Nissan,Rogue,SL,3,Gasoline,28294.0,17/12/2025,Quebec,26900
2024,Nissan,Kicks,SV,4,Gasoline,19487.0,17/12/2025,Ontario,18100
2023,Nissan,Maxima,SR,6,Gasoline,40594.0,17/12/2025,Quebec,33200
2022,Nissan,Altima,2.5 SE,4,Gasoline,58631.0,17/12/2025,Quebec,17600
2024,Nissan,Altima,S,4,Gasoline,105111.0,17/12/2025,Ontario,19000
2024,Nissan,Altima,SR,4,Gasoline,15823.0,17/12/2025,Quebec,25000
2024,Nissan,Altima,SR,4,Gasoline,26699.0,17/12/2025,Ontario,22000
2024,Nissan,Altima,Platinum,4,Gasoline,26871.0,17/12/2025,Ontario,19500
2020,Nissan,LEAF,PLUS,6,Electric,88055.0,17/12/2025,Quebec,11200
2016,Nissan,Frontier,"SL 4 X 4, CREW CAB",6,Gasoline,147545.0,17/12/2025,Quebec,12900
2018,Nissan,Frontier,S,4,Gasoline,137279.0,17/12/2025,Alberta,7500
2020,Nissan,Sentra,SV,4,Gasoline,66521.0,17/12/2025,Quebec,13700
2024,Nissan,Sentra,SV,4,Gasoline,45341.0,17/12/2025,Ontario,15000
2020,Nissan,Sentra,SV,4,Gasoline,83841.0,17/12/2025,Ontario,10500
2021,Nissan,Sentra,SV,4,Gasoline,87189.0,17/12/2025,Ontario,11500
2021,Nissan,Sentra,SV,4,Gasoline,136484.0,17/12/2025,Ontario,7750
2024,Nissan,Sentra,SR,4,Gasoline,7298.0,17/12/2025,Quebec,20400
2022,Nissan,Sentra,SR,4,Gasoline,141502.0,17/12/2025,Ontario,9250
2022,Nissan,Sentra,SR,4,Gasoline,53112.0,17/12/2025,Quebec,16200
2021,Nissan,Sentra,SR,4,Gasoline,70274.0,17/12/2025,Ontario,6300
2021,Nissan,Sentra,SR,4,Gasoline,80766.0,17/12/2025,Ontario,8500
2022,Nissan,Sentra,SR,4,Gasoline,35790.0,17/12/2025,Quebec,17400
2021,Nissan,Kicks,SR,4,Gasoline,29228.0,17/12/2025,Quebec,17000
2017,Nissan,NV200,SV,4,Gasoline,75443.0,17/12/2025,Alberta,11700
2020,Nissan,NV200 Compact Cargo,S,4,Gasoline,168069.0,17/12/2025,Alberta,8000
2017,Nissan,NV200,SV,4,Gasoline,63265.0,17/12/2025,Alberta,11200
2017,Nissan,Micra,SR,4,Gasoline,145125.0,17/12/2025,Ontario,4200
2021,Nissan,Versa,S,4,Gasoline,121593.0,17/12/2025,Quebec,5100
2025,Nissan,Kicks Play,S,4,Gasoline,526.0,17/12/2025,Quebec,23800
2024,Nissan,Kicks,S,4,Gasoline,6581.0,17/12/2025,Quebec,20800
2020,Nissan,Kicks,SV,4,Gasoline,90576.0,17/12/2025,Quebec,11500
2024,Nissan,Kicks,SV,4,Gasoline,14430.0,17/12/2025,Ontario,15750
2017,Nissan,Sentra,S,4,Gasoline,154119.0,17/12/2025,Ontario,2700
2017,Nissan,Sentra,SV,4,Gasoline,105358.0,17/12/2025,Ontario,8500
2023,Nissan,Rogue,SV,3,Gasoline,36862.0,17/12/2025,Quebec,23300
2023,Nissan,Rogue,SV Moonroof,3,Gasoline,71726.0,17/12/2025,Ontario,20800
2023,Nissan,Rogue,SV Midnight Edition,3,Gasoline,22474.0,17/12/2025,Quebec,26200
2018,Nissan,Rogue,S,4,Gasoline,144483.0,17/12/2025,Ontario,7750
2023,Nissan,Armada,Platinum,8,Gasoline,36731.0,17/12/2025,Ontario,48000
2023,Nissan,ARIYA,VENTURE+,8,Electric,101650.0,17/12/2025,Ontario,21250
2023,Nissan,Qashqai,S,4,Gasoline,20037.0,17/12/2025,Quebec,17600
2023,Nissan,Qashqai,S,4,Gasoline,14673.0,17/12/2025,Alberta,19400
2021,Nissan,Qashqai,S,4,Gasoline,58480.0,17/12/2025,Ontario,14500
2023,Nissan,Qashqai,S,4,Gasoline,37313.0,17/12/2025,Ontario,18000
2023,Nissan,Qashqai,S,4,Gasoline,42226.0,17/12/2025,Quebec,18000
2021,Nissan,Qashqai,SV,4,Gasoline,34855.0,17/12/2025,Quebec,15800
2023,Nissan,Qashqai,SV AWD,4,Gasoline,64478.0,17/12/2025,Ontario,16000
2023,Nissan,Qashqai,SV AWD,4,Gasoline,25854.0,17/12/2025,Quebec,20000
2023,Nissan,Qashqai,SV AWD,4,Gasoline,15787.0,17/12/2025,Ontario,18500
2023,Nissan,Qashqai,SV AWD,4,Gasoline,39382.0,17/12/2025,Quebec,17000
2023,Nissan,Qashqai,SL,4,Gasoline,20845.0,17/12/2025,Ontario,20500
2023,Nissan,Rogue,SV Moonroof,3,Gasoline,44037.0,17/12/2025,Ontario,21250
2023,Nissan,Rogue,SV,3,Gasoline,42173.0,17/12/2025,Quebec,23400
2021,Nissan,Rogue,SV,4,Gasoline,115584.0,17/12/2025,Quebec,17200
2020,Nissan,Murano,S,6,Gasoline,54036.0,17/12/2025,Ontario,16500
2020,Nissan,Murano,SV,6,Gasoline,94323.0,17/12/2025,Ontario,15500
2024,Nissan,Murano,SV,6,Gasoline,12484.0,17/12/2025,Quebec,32800
2020,Nissan,Murano,SV,6,Gasoline,108102.0,17/12/2025,Quebec,14300
2020,Nissan,Murano,SL,6,Gasoline,91856.0,17/12/2025,Quebec,18200
2023,Nissan,Murano,SL AWD,6,Gasoline,40678.0,17/12/2025,Ontario,28000
2023,Nissan,Murano,SL,6,Gasoline,32063.0,17/12/2025,Ontario,30250
2021,Nissan,Murano,SL,6,Gasoline,24323.0,17/12/2025,Quebec,28400
2016,Nissan,Murano,Platinum,6,Gasoline,121734.0,17/12/2025,Ontario,10200
2019,Nissan,Murano,SV,6,Gasoline,150003.0,17/12/2025,Quebec,9900
2023,Nissan,Rogue,SV,3,Gasoline,36862.0,17/12/2025,Quebec,23300
2023,Nissan,Rogue,SV Moonroof,3,Gasoline,71726.0,17/12/2025,Ontario,20800
2023,Nissan,Rogue,SV Midnight Edition,3,Gasoline,22474.0,17/12/2025,Quebec,26200
2018,Nissan,Rogue,S,4,Gasoline,144483.0,17/12/2025,Ontario,7750
2023,Nissan,Armada,Platinum,8,Gasoline,36731.0,17/12/2025,Ontario,48000
2023,Nissan,Rogue,SL,3,Gasoline,43638.0,17/12/2025,Ontario,20250
2023,Nissan,Rogue,SL,3,Gasoline,49296.0,17/12/2025,Ontario,23250
2023,Nissan,Rogue,SL,3,Gasoline,21854.0,17/12/2025,Ontario,25500
2023,Nissan,Rogue,SL,3,Gasoline,24929.0,17/12/2025,Ontario,26500
2023,Nissan,Rogue,SV,3,Gasoline,52824.0,17/12/2025,Ontario,22000
2023,Nissan,Rogue,SV,3,Gasoline,13318.0,17/12/2025,Quebec,24800
2023,Nissan,Rogue,SV Moonroof,3,Gasoline,24160.0,17/12/2025,Quebec,25500
2023,Nissan,Rogue,SV Midnight Edition,3,Gasoline,40030.0,17/12/2025,Ontario,25250
2023,Nissan,Rogue,SV,3,Gasoline,44706.0,17/12/2025,Ontario,24250
2023,Nissan,Rogue,SV,3,Gasoline,19875.0,17/12/2025,Ontario,21500
2020,Nissan,Rogue,SV,4,Gasoline,74155.0,17/12/2025,Quebec,15400
2020,Nissan,Rogue,SV,4,Gasoline,79863.0,17/12/2025,Ontario,15250
2020,Nissan,Rogue,SV,4,Gasoline,59817.0,17/12/2025,Alberta,18200
2020,Nissan,Rogue,S SPECIAL EDITION AWD,4,Gasoline,94159.0,17/12/2025,Quebec,13800
2019,Nissan,Rogue,SV,4,Gasoline,94246.0,17/12/2025,Ontario,8000
2021,Nissan,Rogue,S,4,Gasoline,87828.0,17/12/2025,Quebec,14900
2022,Nissan,Rogue,S,4,Gasoline,75577.0,17/12/2025,Quebec,19400
2023,Nissan,Rogue,S,4,Gasoline,57506.0,17/12/2025,Quebec,19500
2021,Nissan,Rogue,SV,4,Gasoline,62625.0,17/12/2025,Quebec,19800
2021,Nissan,Rogue,SV,4,Gasoline,92119.0,17/12/2025,Ontario,19000
2021,Nissan,Rogue,SV,4,Gasoline,121063.0,17/12/2025,Ontario,16900
2020,Nissan,Rogue,SV,4,Gasoline,120937.0,17/12/2025,Ontario,11500
2023,Nissan,Qashqai,S,4,Gasoline,14673.0,17/12/2025,Alberta,19400
2021,Nissan,Qashqai,S,4,Gasoline,58480.0,17/12/2025,Ontario,14500
2023,Nissan,Qashqai,S,4,Gasoline,37313.0,17/12/2025,Ontario,18000
2023,Nissan,Qashqai,S,4,Gasoline,42226.0,17/12/2025,Quebec,18000
2021,Nissan,Qashqai,SV,4,Gasoline,34855.0,17/12/2025,Quebec,15800
2023,Nissan,Qashqai,SV AWD,4,Gasoline,64478.0,17/12/2025,Ontario,16000
2023,Nissan,Qashqai,SV AWD,4,Gasoline,25854.0,17/12/2025,Quebec,20000
2023,Nissan,Qashqai,SV AWD,4,Gasoline,15787.0,17/12/2025,Ontario,18500
2023,Nissan,Qashqai,SV AWD,4,Gasoline,39382.0,17/12/2025,Quebec,17000
2023,Nissan,Qashqai,SL,4,Gasoline,20845.0,17/12/2025,Ontario,20500
2023,Nissan,Rogue,SV Moonroof,3,Gasoline,44037.0,17/12/2025,Ontario,21250
2023,Nissan,Rogue,SV,3,Gasoline,42173.0,17/12/2025,Quebec,23400
2023,Nissan,Rogue,SV Moonroof,3,Gasoline,34606.0,17/12/2025,Quebec,23000
2022,Nissan,Rogue,SV,3,Gasoline,62911.0,17/12/2025,Ontario,18250
2023,Nissan,Rogue,SV Midnight Edition,3,Gasoline,47410.0,17/12/2025,Ontario,24250
2023,Nissan,Rogue,SV,3,Gasoline,57169.0,17/12/2025,Ontario,24000
2023,Nissan,Rogue,SV Moonroof,3,Gasoline,39761.0,17/12/2025,Quebec,22600
2023,Nissan,Rogue,SV,3,Gasoline,48452.0,17/12/2025,Quebec,22500
2023,Nissan,Rogue,SV Midnight Edition,3,Gasoline,34530.0,17/12/2025,Quebec,25000
2023,Nissan,Rogue,SV,3,Gasoline,34260.0,17/12/2025,Ontario,23250
2023,Nissan,Rogue,SV,3,Gasoline,49354.0,17/12/2025,Ontario,22750
2023,Nissan,Rogue,SV,3,Gasoline,41345.0,17/12/2025,Quebec,22800
2023,Nissan,Rogue,SV Moonroof,3,Gasoline,31901.0,17/12/2025,Ontario,23250
2023,Nissan,Rogue,SV,3,Gasoline,42686.0,17/12/2025,Quebec,22800
2023,Nissan,Rogue,SV,3,Gasoline,40070.0,17/12/2025,Ontario,23250
2023,Nissan,Rogue,SV,3,Gasoline,52202.0,17/12/2025,Ontario,23250
2023,Nissan,Rogue,SV,3,Gasoline,26608.0,17/12/2025,Quebec,23600
2023,Nissan,Rogue,SV,3,Gasoline,62635.0,17/12/2025,Quebec,21000
2023,Nissan,Rogue,SV,3,Gasoline,121206.0,17/12/2025,Ontario,16750
2023,Nissan,Rogue,SV Moonroof,3,Gasoline,29736.0,17/12/2025,Quebec,23200
2024,Nissan,Murano,SV,6,Gasoline,12484.0,17/12/2025,Quebec,32800
2020,Nissan,Murano,SV,6,Gasoline,108102.0,17/12/2025,Quebec,14300
2020,Nissan,Murano,SL,6,Gasoline,91856.0,17/12/2025,Quebec,18200
2023,Nissan,Murano,SL AWD,6,Gasoline,40678.0,17/12/2025,Ontario,28000
2023,Nissan,Murano,SL,6,Gasoline,32063.0,17/12/2025,Ontario,30250
2021,Nissan,Murano,SL,6,Gasoline,24323.0,17/12/2025,Quebec,28400
2016,Nissan,Murano,Platinum,6,Gasoline,121734.0,17/12/2025,Ontario,10200
2019,Nissan,Murano,SV,6,Gasoline,150003.0,17/12/2025,Quebec,9900
2023,Nissan,Maxima,SL,6,Gasoline,75348.0,16/12/2025,Nova Scotia,20000
2018,Nissan,Altima,2.5,4,Gasoline,158490.0,16/12/2025,Alberta,6600
2018,Nissan,Versa Note,SV,4,Gasoline,88827.0,16/12/2025,Alberta,7000
2021,Nissan,Versa,SV,4,Gasoline,100716.0,16/12/2025,Nova Scotia,11500
2019,Nissan,Kicks,SV,4,Gasoline,122011.0,16/12/2025,Nova Scotia,7100
2024,Nissan,Kicks,SV,4,Gasoline,21158.0,16/12/2025,Nova Scotia,17500
2024,Nissan,Kicks,SV,4,Gasoline,31762.0,16/12/2025,Nova Scotia,15600
2020,Nissan,Kicks,SV,4,Gasoline,118563.0,16/12/2025,Nova Scotia,9000
2020,Nissan,Kicks,SV,4,Gasoline,108029.0,16/12/2025,Nova Scotia,9400
2024,Nissan,Sentra,S,4,Gasoline,25683.0,16/12/2025,Alberta,16000
2021,Nissan,Rogue,SV,4,Gasoline,102699.0,16/12/2025,Nova Scotia,15900
2023,Nissan,Rogue,S,4,Gasoline,53549.0,16/12/2025,Nova Scotia,20000
2023,Nissan,Rogue,SV,3,Gasoline,32601.0,16/12/2025,Nova Scotia,22000
2022,Nissan,Qashqai,SL,4,Gasoline,64515.0,16/12/2025,Nova Scotia,18200
2022,Nissan,Qashqai,SL,4,Gasoline,57955.0,16/12/2025,Nova Scotia,16400
2023,Nissan,Qashqai,SV AWD,4,Gasoline,20346.0,16/12/2025,Nova Scotia,17600
2023,Nissan,Qashqai,SV AWD,4,Gasoline,20684.0,16/12/2025,Nova Scotia,20400
2023,Nissan,Rogue,SV,3,Gasoline,44645.0,16/12/2025,Nova Scotia,24300
2023,Nissan,Rogue,SV Moonroof,3,Gasoline,26222.0,16/12/2025,Nova Scotia,24800
2023,Nissan,Rogue,SV Moonroof,3,Gasoline,19234.0,16/12/2025,Nova Scotia,26000
2023,Nissan,Rogue,SV Moonroof,3,Gasoline,23019.0,16/12/2025,Nova Scotia,24600
2023,Nissan,Rogue,SV,3,Gasoline,30924.0,16/12/2025,Nova Scotia,24000
2023,Nissan,Rogue,SV,3,Gasoline,21076.0,16/12/2025,Nova Scotia,24000
2023,Nissan,Rogue,SV Moonroof,3,Gasoline,19234.0,16/12/2025,Nova Scotia,26000
2023,Nissan,Rogue,SV Moonroof,3,Gasoline,23019.0,16/12/2025,Nova Scotia,24600
2023,Nissan,Rogue,SV,3,Gasoline,30924.0,16/12/2025,Nova Scotia,24000
2023,Nissan,Rogue,SV,3,Gasoline,21076.0,16/12/2025,Nova Scotia,24000
2024,Nissan,Kicks,SV,4,Gasoline,15507.0,15/12/2025,Ontario,18800
2023,Nissan,Qashqai,S,4,Gasoline,31480.0,15/12/2025,Manitoba,16600
2024,Nissan,Kicks,SV,4,Gasoline,27802.0,15/12/2025,Quebec,19400
2020,Nissan,Qashqai,Other,4,Gasoline,122373.0,15/12/2025,Quebec,11600
2023,Nissan,Qashqai,Other,4,Gasoline,19873.0,15/12/2025,Quebec,21100
2023,Nissan,Qashqai,Other,4,Gasoline,24103.0,15/12/2025,Quebec,21500
2023,Nissan,Qashqai,SV,4,Gasoline,15889.0,15/12/2025,Quebec,22000
2024,Nissan,Rogue,S,3,Gasoline,25451.0,15/12/2025,Quebec,26000
2023,Nissan,Qashqai,S,4,Gasoline,15970.0,15/12/2025,Quebec,17700
2024,Nissan,Kicks,SV,4,Gasoline,12406.0,15/12/2025,Ontario,19300
2024,Nissan,Kicks,SV,4,Gasoline,22781.0,15/12/2025,Alberta,16600
2023,Nissan,Rogue,SV,3,Gasoline,15928.0,15/12/2025,Ontario,25400
2023,Nissan,Rogue,SV,3,Gasoline,47974.0,15/12/2025,Ontario,23400
2023,Nissan,Qashqai,SL,4,Gasoline,23861.0,15/12/2025,Ontario,20100
2023,Nissan,Rogue,SV Moonroof,3,Gasoline,45554.0,15/12/2025,Quebec,24200
2023,Nissan,Rogue,SV,3,Gasoline,10347.0,15/12/2025,Quebec,26900
2023,Nissan,Rogue,SV,3,Gasoline,26171.0,15/12/2025,Quebec,26900
2023,Nissan,Rogue,SV,3,Gasoline,48761.0,15/12/2025,Quebec,25300
2023,Nissan,Rogue,SV,3,Gasoline,39620.0,15/12/2025,Quebec,23900
2023,Nissan,Rogue,SV,3,Gasoline,33964.0,15/12/2025,Quebec,25900
2023,Nissan,Rogue,SV Midnight Edition,3,Gasoline,26167.0,15/12/2025,Quebec,27200
2023,Nissan,Rogue,SV Moonroof,3,Gasoline,43681.0,15/12/2025,Ontario,21400
2023,Nissan,Rogue,SV,3,Gasoline,16105.0,15/12/2025,Quebec,25400
2024,Nissan,Kicks,SR,4,Gasoline,15372.0,15/12/2025,Ontario,20800
2021,Nissan,Murano,Other,6,Gasoline,94618.0,15/12/2025,Quebec,21600
2020,Nissan,Qashqai,Other,4,Gasoline,71207.0,15/12/2025,New Brunswick,13800
2023,Nissan,Qashqai,S,4,Gasoline,28939.0,15/12/2025,Quebec,18600
2023,Nissan,Altima,SR,4,Gasoline,20173.0,15/12/2025,Ontario,24500
2023,Nissan,Qashqai,S,4,Gasoline,15763.0,15/12/2025,Quebec,18400
2021,Nissan,Qashqai,S,4,Gasoline,111854.0,15/12/2025,Ontario,10500
2023,Nissan,Qashqai,S,4,Gasoline,32014.0,15/12/2025,Quebec,18200
2023,Nissan,Qashqai,S,4,Gasoline,41319.0,15/12/2025,Quebec,18000
2024,Nissan,Kicks,SV,4,Gasoline,30632.0,15/12/2025,Ontario,18800
2023,Nissan,Qashqai,Other,4,Gasoline,35151.0,15/12/2025,Alberta,18300
2024,Nissan,Kicks,S,4,Gasoline,7463.0,15/12/2025,Ontario,18200
2023,Nissan,Rogue,SV,3,Gasoline,46211.0,12/12/2025,Quebec,23400
2023,Nissan,Rogue,SV Moonroof,3,Gasoline,42969.0,12/12/2025,Quebec,23900
2023,Nissan,Rogue,SV,3,Gasoline,33764.0,12/12/2025,Quebec,24900
2023,Nissan,Rogue,SV Moonroof,3,Gasoline,27799.0,12/12/2025,Quebec,25400
2023,Nissan,Rogue,SV,3,Gasoline,20649.0,12/12/2025,Quebec,27300
2023,Nissan,Rogue,SV,3,Gasoline,44854.0,12/12/2025,New Brunswick,23900
2023,Nissan,Rogue,SV Moonroof,3,Gasoline,22270.0,12/12/2025,British Columbia,25400
2023,Nissan,Rogue,SV,3,Gasoline,12648.0,12/12/2025,Ontario,26200
2023,Nissan,Rogue,SV,3,Gasoline,12425.0,12/12/2025,Ontario,27800
2023,Nissan,Qashqai,S,4,Gasoline,14633.0,12/12/2025,Alberta,17400
2021,Nissan,Kicks,SR,4,Gasoline,58811.0,12/12/2025,Ontario,15300
2024,Nissan,Kicks,SV,4,Gasoline,10688.0,12/12/2025,Ontario,20900
2024,Nissan,Sentra,SV,4,Gasoline,10356.0,12/12/2025,Ontario,19900
2023,Nissan,Maxima,Platinum,6,Gasoline,26734.0,12/12/2025,Ontario,35000
2019,Nissan,Kicks,SV,4,Gasoline,119189.0,12/12/2025,Newfoundland and Labrador,6200
2019,Nissan,Kicks,SV,4,Gasoline,54150.0,12/12/2025,Newfoundland and Labrador,7000
2016,Nissan,Pathfinder,SV,6,Gasoline,191132.0,12/12/2025,Manitoba,1000
2017,Nissan,Rogue,SV,4,Gasoline,93072.0,12/12/2025,Newfoundland and Labrador,7300
2016,Nissan,Murano,SL,6,Gasoline,172628.0,12/12/2025,Saskatchewan,8400
2018,Nissan,Pathfinder,Midnight Edition,6,Gasoline,179164.0,12/12/2025,Manitoba,5900
2010,Nissan,Rogue,SL,4,Gasoline,127110.0,12/12/2025,British Columbia,3800
2019,Nissan,Qashqai,S,4,Gasoline,86593.0,12/12/2025,Newfoundland and Labrador,9500
2018,Nissan,Qashqai,S,4,Gasoline,122021.0,12/12/2025,Newfoundland and Labrador,3000
2023,Nissan,Qashqai,SV,4,Gasoline,25688.0,11/12/2025,Quebec,18900
2020,Nissan,Murano,Platinum,6,Gasoline,96727.0,11/12/2025,Ontario,19300
2023,Nissan,Rogue,SV Midnight Edition,3,Gasoline,31753.0,11/12/2025,Quebec,26400
2024,Nissan,Kicks,SV,4,Gasoline,15790.0,11/12/2025,Quebec,18800
2024,Nissan,Kicks,SV,4,Gasoline,8591.0,11/12/2025,Ontario,20900
2024,Nissan,Kicks,S,4,Gasoline,11848.0,11/12/2025,Quebec,17700
2018,Nissan,LEAF,SV,E,Electric,111291.0,11/12/2025,British Columbia,7700
2024,Nissan,Altima,S,4,Gasoline,38986.0,11/12/2025,British Columbia,18800
2023,Nissan,Altima,SR,4,Gasoline,34038.0,11/12/2025,British Columbia,22300
2021,Nissan,LEAF,S PLUS,6,Electric,94950.0,11/12/2025,British Columbia,7450
2017,Nissan,Titan,Platinum Reserve,8,Gasoline,114773.0,11/12/2025,Ontario,16500
2019,Nissan,Frontier,SV CREW CAB LONG BED,6,Gasoline,91030.0,11/12/2025,Ontario,22000
2022,Nissan,Frontier,PRO4X,6,Gasoline,73572.0,11/12/2025,Ontario,35800
2023,Nissan,Frontier,PRO4X,6,Gasoline,114805.0,11/12/2025,New Brunswick,26500
2022,Nissan,Frontier,PRO4X CREW CAB SHORT BED,6,Gasoline,197011.0,11/12/2025,Quebec,23200
2022,Nissan,Frontier,PRO4X CREW CAB SHORT BED,6,Gasoline,94168.0,11/12/2025,New Brunswick,32000
2024,Nissan,Sentra,SV,4,Gasoline,11653.0,11/12/2025,British Columbia,18600
2022,Nissan,Sentra,SR,4,Gasoline,30722.0,11/12/2025,British Columbia,15500
2017,Nissan,Micra,S,4,Gasoline,50231.0,11/12/2025,Quebec,9000
2023,Nissan,Kicks,SR,4,Gasoline,51608.0,11/12/2025,British Columbia,17100
2024,Nissan,Kicks,SR,4,Gasoline,12969.0,11/12/2025,British Columbia,21100
2019,Nissan,Micra,S,4,Gasoline,51067.0,11/12/2025,Quebec,6400
2019,Nissan,Micra,S,4,Gasoline,82480.0,11/12/2025,Ontario,5300
2024,Nissan,Versa,SV,4,Gasoline,50184.0,11/12/2025,British Columbia,16300
2021,Nissan,Versa,SR,4,Gasoline,40899.0,11/12/2025,British Columbia,4900
2024,Nissan,Kicks,S,4,Gasoline,17770.0,11/12/2025,British Columbia,18000
2024,Nissan,Kicks,S,4,Gasoline,13149.0,11/12/2025,British Columbia,14500
2020,Nissan,Kicks,S,4,Gasoline,58000.0,11/12/2025,Quebec,12300
2018,Nissan,Kicks,S,4,Gasoline,110971.0,11/12/2025,Manitoba,9300
2024,Nissan,Kicks,SV,4,Gasoline,25909.0,11/12/2025,Manitoba,17900
2024,Nissan,Kicks,SV,4,Gasoline,33185.0,11/12/2025,Ontario,16600
2020,Nissan,Kicks,SV,4,Gasoline,64122.0,11/12/2025,Quebec,12600
2023,Nissan,Kicks,SV,4,Gasoline,38815.0,11/12/2025,Quebec,17000
2024,Nissan,Kicks,SV,4,Gasoline,4666.0,11/12/2025,Manitoba,17100
2024,Nissan,Kicks,SV,4,Gasoline,17615.0,11/12/2025,British Columbia,20200
2024,Nissan,Kicks,SV,4,Gasoline,31675.0,11/12/2025,Quebec,19000
2024,Nissan,Kicks,SV,4,Gasoline,6120.0,11/12/2025,Manitoba,19400
2020,Nissan,Kicks,SR,4,Gasoline,85421.0,11/12/2025,Ontario,12500
2023,Nissan,Kicks,SR,4,Gasoline,45919.0,11/12/2025,British Columbia,19200
2018,Nissan,Sentra,SV,4,Gasoline,199199.0,11/12/2025,Manitoba,4500
2020,Nissan,Rogue,S,4,Gasoline,102652.0,11/12/2025,Quebec,10400
2020,Nissan,Rogue,SV,4,Gasoline,132381.0,11/12/2025,Ontario,12200
2022,Nissan,Rogue,S,4,Gasoline,130827.0,11/12/2025,Ontario,17000
2022,Nissan,Rogue,S,4,Gasoline,47696.0,11/12/2025,British Columbia,20500
2021,Nissan,Rogue,S,4,Gasoline,55824.0,11/12/2025,Quebec,18100
2013,Nissan,Armada,Platinum Edition,8,Gasoline,192641.0,11/12/2025,British Columbia,10100
2019,Nissan,Rogue,S,4,Gasoline,70232.0,11/12/2025,British Columbia,17350
2018,Nissan,Rogue,SV,4,Gasoline,133601.0,11/12/2025,New Brunswick,7200
2021,Nissan,Murano,Midnight Edition,6,Gasoline,75328.0,11/12/2025,Manitoba,24600
2020,Nissan,Murano,SL,6,Gasoline,61634.0,11/12/2025,Quebec,18600
2020,Nissan,Murano,SL,6,Gasoline,84797.0,11/12/2025,Ontario,19500
2023,Nissan,Murano,Platinum,6,Gasoline,96682.0,11/12/2025,Ontario,25800
2023,Nissan,Murano,Platinum,6,Gasoline,94222.0,11/12/2025,Ontario,26000
2020,Nissan,Rogue,S,4,Gasoline,102652.0,11/12/2025,Quebec,10400
2020,Nissan,Rogue,SV,4,Gasoline,132381.0,11/12/2025,Ontario,12200
2022,Nissan,Rogue,S,4,Gasoline,130827.0,11/12/2025,Ontario,17000
2022,Nissan,Rogue,S,4,Gasoline,47696.0,11/12/2025,British Columbia,20500
2021,Nissan,Rogue,S,4,Gasoline,55824.0,11/12/2025,Quebec,18100
2013,Nissan,Armada,Platinum Edition,8,Gasoline,192641.0,11/12/2025,British Columbia,10100
2019,Nissan,Rogue,S,4,Gasoline,70232.0,11/12/2025,British Columbia,17350
2024,Nissan,ARIYA,EVOLVE,E,Electric,28020.0,11/12/2025,British Columbia,33000
2023,Nissan,Rogue,SL,3,Gasoline,43894.0,11/12/2025,British Columbia,26200
2023,Nissan,Rogue,SL,3,Gasoline,23754.0,11/12/2025,Quebec,26700
2023,Nissan,Rogue,SL,3,Gasoline,23959.0,11/12/2025,Quebec,27200
2023,Nissan,Rogue,Platinum,3,Gasoline,51674.0,11/12/2025,British Columbia,25000
2022,Nissan,Rogue,Platinum,3,Gasoline,41354.0,11/12/2025,Quebec,25400
2023,Nissan,Qashqai,S,4,Gasoline,18730.0,11/12/2025,Quebec,17600
2023,Nissan,Qashqai,S,4,Gasoline,169272.0,11/12/2025,Manitoba,8300
2023,Nissan,Qashqai,S,4,Gasoline,71697.0,11/12/2025,British Columbia,18600
2021,Nissan,Qashqai,SV,4,Gasoline,81563.0,11/12/2025,Ontario,15000
2017,Nissan,Qashqai,SV,4,Gasoline,124229.0,11/12/2025,New Brunswick,6000
2023,Nissan,Rogue,SV Moonroof,3,Gasoline,37079.0,11/12/2025,Manitoba,24600
2023,Nissan,Rogue,SV,3,Gasoline,20528.0,11/12/2025,Quebec,23300
2023,Nissan,Rogue,SV,3,Gasoline,8586.0,11/12/2025,British Columbia,28000
2023,Nissan,Rogue,SV,3,Gasoline,34590.0,11/12/2025,Quebec,22800
2023,Nissan,Rogue,SV Midnight Edition,3,Gasoline,39386.0,11/12/2025,Quebec,22500
2024,Nissan,Rogue,SV Moonroof,3,Gasoline,20530.0,11/12/2025,British Columbia,26500
2023,Nissan,Rogue,SV,3,Gasoline,32302.0,11/12/2025,British Columbia,24250
2023,Nissan,Rogue,SV,3,Gasoline,21367.0,11/12/2025,British Columbia,20750
2024,Nissan,Sentra,SV,4,Gasoline,21991.0,10/12/2025,Ontario,19000
2024,Nissan,Kicks,SV,4,Gasoline,20620.0,10/12/2025,Ontario,18500
2024,Nissan,Kicks,SR,4,Gasoline,32572.0,10/12/2025,Alberta,17900
2023,Nissan,Qashqai,S,4,Gasoline,6809.0,10/12/2025,Quebec,19300
2023,Nissan,Qashqai,Other,4,Gasoline,25492.0,10/12/2025,Quebec,20300
2024,Nissan,Sentra,SV,4,Gasoline,30701.0,10/12/2025,Ontario,17800
2024,Nissan,Kicks,S,4,Gasoline,19692.0,10/12/2025,Ontario,17700
2023,Nissan,Qashqai,S,4,Gasoline,19757.0,10/12/2025,Quebec,17500
2023,Nissan,Qashqai,SV,4,Gasoline,17888.0,10/12/2025,Ontario,19200
2024,Nissan,Kicks,SR,4,Gasoline,29749.0,10/12/2025,Ontario,19800
2024,Nissan,Kicks,S,4,Gasoline,9286.0,10/12/2025,Quebec,18100
2023,Nissan,Altima,SR,4,Gasoline,78070.0,10/12/2025,Ontario,18500
2020,Nissan,Altima,2.5 SV,4,Gasoline,83150.0,10/12/2025,Quebec,16400
2020,Nissan,Altima,2.5 Platinum,4,Gasoline,109845.0,10/12/2025,Ontario,13250
2020,Nissan,Sentra,SV,4,Gasoline,99501.0,10/12/2025,Ontario,8600
2021,Nissan,Sentra,SV,4,Gasoline,140872.0,10/12/2025,Ontario,8900
2024,Nissan,Sentra,SV,4,Gasoline,30676.0,10/12/2025,Ontario,16750
2020,Nissan,Sentra,SR,4,Gasoline,137176.0,10/12/2025,Alberta,8500
2021,Nissan,Sentra,SR,4,Gasoline,98573.0,10/12/2025,Ontario,12750
2021,Nissan,Sentra,SR,4,Gasoline,92383.0,10/12/2025,Ontario,13000
2021,Nissan,Sentra,SR,4,Gasoline,47728.0,10/12/2025,Quebec,14400
2010,Nissan,Versa,1.8 SL,4,Gasoline,142853.0,10/12/2025,Quebec,800
2015,Nissan,Versa Note,SV,4,Gasoline,147353.0,10/12/2025,Ontario,1900
2016,Nissan,Versa Note,SV,4,Gasoline,166187.0,10/12/2025,Quebec,300
2022,Nissan,Kicks,SR,4,Gasoline,58802.0,10/12/2025,Quebec,16500
2021,Nissan,NV200 Compact Cargo,S,4,Gasoline,110203.0,10/12/2025,Ontario,12250
2018,Nissan,NV200 Compact Cargo,S,4,Gasoline,124022.0,10/12/2025,Quebec,8000
2019,Nissan,Micra,SV,4,Gasoline,78400.0,10/12/2025,Quebec,8700
2018,Nissan,Micra,S,4,Gasoline,137494.0,10/12/2025,Quebec,4000
2021,Nissan,Versa,SV,4,Gasoline,89535.0,10/12/2025,Quebec,11200
2024,Nissan,Kicks,S,4,Gasoline,21384.0,10/12/2025,Ontario,17250
2024,Nissan,Kicks,S,4,Gasoline,37490.0,10/12/2025,Ontario,16000
2019,Nissan,Kicks,SV,4,Gasoline,112298.0,10/12/2025,Ontario,6800
2021,Nissan,Kicks,SV,4,Gasoline,89126.0,10/12/2025,Ontario,11250
2024,Nissan,Kicks,SV,4,Gasoline,67515.0,10/12/2025,Quebec,16750
2024,Nissan,Kicks,SV,4,Gasoline,22240.0,10/12/2025,Quebec,19300
2024,Nissan,Kicks,SV,4,Gasoline,49884.0,10/12/2025,Quebec,18000
2024,Nissan,Kicks,SV,4,Gasoline,9901.0,10/12/2025,Ontario,20000
2021,Nissan,Kicks,SV,4,Gasoline,28831.0,10/12/2025,Quebec,14800
2024,Nissan,Kicks,SV,4,Gasoline,13113.0,10/12/2025,Ontario,19750
2024,Nissan,Kicks,SV,4,Gasoline,11789.0,10/12/2025,Ontario,19750
2024,Nissan,Kicks,SV,4,Gasoline,33317.0,10/12/2025,Quebec,17100
2019,Nissan,Sentra,SV,4,Gasoline,244927.0,10/12/2025,Ontario,1000
2015,Nissan,Sentra,S,4,Gasoline,106778.0,10/12/2025,Ontario,1800
2024,Nissan,Sentra,S,4,Gasoline,38572.0,10/12/2025,Quebec,15000
2023,Nissan,Rogue,SV,3,Gasoline,101932.0,10/12/2025,Ontario,19500
2023,Nissan,Rogue,SV Midnight Edition,3,Gasoline,44595.0,10/12/2025,Ontario,22000
2023,Nissan,Rogue,SV,3,Gasoline,65284.0,10/12/2025,Quebec,23500
2023,Nissan,Armada,SL,8,Gasoline,101890.0,10/12/2025,Quebec,34000
2019,Nissan,Qashqai,S AWD,4,Gasoline,77151.0,10/12/2025,Quebec,13200
2014,Nissan,GTR,Premium,6,Gasoline,73658.0,10/12/2025,Ontario,84000
2023,Nissan,Qashqai,S,4,Gasoline,26412.0,10/12/2025,Ontario,16800
2023,Nissan,Qashqai,S,4,Gasoline,17746.0,10/12/2025,Quebec,17200
2021,Nissan,Qashqai,SL PLATINUM AWD,4,Gasoline,63317.0,10/12/2025,Ontario,17300
2021,Nissan,Qashqai,SL,4,Gasoline,102067.0,10/12/2025,Ontario,12900
2019,Nissan,Qashqai,SL,4,Gasoline,114693.0,10/12/2025,Ontario,12900
2018,Nissan,Qashqai,S,4,Gasoline,131816.0,10/12/2025,Ontario,6200
2024,Nissan,Rogue,S,3,Gasoline,105489.0,10/12/2025,Quebec,20200
2023,Nissan,Rogue,SV,3,Gasoline,27697.0,10/12/2025,Quebec,23900
2023,Nissan,Rogue,SV Midnight Edition,3,Gasoline,78952.0,10/12/2025,Quebec,22500
2023,Nissan,Rogue,SV,3,Gasoline,31394.0,10/12/2025,Quebec,23600
2024,Nissan,Rogue,SV Moonroof,3,Gasoline,62246.0,10/12/2025,Quebec,22800
2023,Nissan,Rogue,SV,3,Gasoline,23594.0,10/12/2025,Ontario,25100
2022,Nissan,Rogue,SV,3,Gasoline,34967.0,10/12/2025,Quebec,23200
2023,Nissan,Rogue,SV,3,Gasoline,32204.0,10/12/2025,Ontario,24100
2023,Nissan,Rogue,SV,3,Gasoline,15409.0,10/12/2025,Ontario,22250
2025,Nissan,Rogue,SV Moonroof,3,Gasoline,45887.0,10/12/2025,Alberta,27000
2023,Nissan,Rogue,SV,3,Gasoline,29445.0,10/12/2025,Quebec,23800
2023,Nissan,Rogue,SV Midnight Edition,3,Gasoline,47792.0,10/12/2025,Ontario,22500
2023,Nissan,Rogue,SV,3,Gasoline,33804.0,10/12/2025,Quebec,23700
2023,Nissan,Rogue,SV,3,Gasoline,62054.0,10/12/2025,Ontario,21750
2023,Nissan,Rogue,SV Moonroof,3,Gasoline,55092.0,10/12/2025,Ontario,22750
2023,Nissan,Rogue,SV,3,Gasoline,20823.0,10/12/2025,Quebec,25500
2025,Nissan,Rogue,SV Moonroof,3,Gasoline,32596.0,10/12/2025,Alberta,28000
2023,Nissan,Rogue,SV,3,Gasoline,14417.0,10/12/2025,Ontario,25500
2019,Nissan,Rogue,SV,4,Gasoline,109454.0,10/12/2025,Ontario,14000
2020,Nissan,Rogue,S,4,Gasoline,80084.0,10/12/2025,Quebec,10000
2019,Nissan,Rogue,SV AWD,4,Gasoline,85039.0,10/12/2025,Quebec,9200
2020,Nissan,Rogue,SL,4,Gasoline,115318.0,10/12/2025,Ontario,13500
2016,Nissan,Rogue,SV,4,Gasoline,194379.0,10/12/2025,Ontario,1400
2020,Nissan,Rogue,SV,4,Gasoline,82105.0,10/12/2025,Quebec,15200
2023,Nissan,Rogue,S,4,Gasoline,57355.0,10/12/2025,Quebec,19400
2023,Nissan,Rogue,S,4,Gasoline,23971.0,10/12/2025,Quebec,23200
2023,Nissan,Rogue,S,4,Gasoline,151725.0,10/12/2025,Ontario,16000
2023,Nissan,Armada,SL,8,Gasoline,101890.0,10/12/2025,Quebec,34000
2019,Nissan,Qashqai,S AWD,4,Gasoline,77151.0,10/12/2025,Quebec,13200
2023,Nissan,Rogue,SL,3,Gasoline,18947.0,10/12/2025,Quebec,26600
2023,Nissan,Rogue,SL,3,Gasoline,41060.0,10/12/2025,Ontario,25800
2024,Nissan,Rogue,SL,3,Gasoline,56118.0,10/12/2025,Quebec,26000
2024,Nissan,Rogue,SL,3,Gasoline,41655.0,10/12/2025,Ontario,24500
2024,Nissan,Rogue,SL,3,Gasoline,59320.0,10/12/2025,Quebec,26500
2023,Nissan,Rogue,SL,3,Gasoline,17530.0,10/12/2025,Quebec,27200
2023,Nissan,Rogue,SL,3,Gasoline,17679.0,10/12/2025,Ontario,27500
2023,Nissan,Rogue,SL,3,Gasoline,13869.0,10/12/2025,Quebec,26800
2023,Nissan,Rogue,Platinum,3,Gasoline,25926.0,10/12/2025,Ontario,21600
2022,Nissan,Rogue,Platinum,3,Gasoline,48955.0,10/12/2025,Ontario,22000
2023,Nissan,Rogue,Platinum,3,Gasoline,64801.0,10/12/2025,Ontario,25750
2023,Nissan,Rogue,Platinum,3,Gasoline,52937.0,10/12/2025,Ontario,25600
2014,Nissan,GTR,Premium,6,Gasoline,73658.0,10/12/2025,Ontario,84000
2023,Nissan,Qashqai,S,4,Gasoline,26412.0,10/12/2025,Ontario,16800
2023,Nissan,Qashqai,S,4,Gasoline,17746.0,10/12/2025,Quebec,17200
2021,Nissan,Qashqai,SL PLATINUM AWD,4,Gasoline,63317.0,10/12/2025,Ontario,17300
2021,Nissan,Qashqai,SL,4,Gasoline,102067.0,10/12/2025,Ontario,12900
2023,Nissan,Rogue,Platinum,3,Gasoline,64801.0,10/12/2025,Ontario,25750
2023,Nissan,Rogue,Platinum,3,Gasoline,52937.0,10/12/2025,Ontario,25600
2022,Nissan,Pathfinder,SV,6,Gasoline,95608.0,10/12/2025,Quebec,29300
2023,Nissan,Pathfinder,Platinum,6,Gasoline,32403.0,10/12/2025,Ontario,39000
2024,Nissan,Pathfinder,Platinum,6,Gasoline,36456.0,10/12/2025,Quebec,45200
2023,Nissan,Pathfinder,Platinum,6,Gasoline,54601.0,10/12/2025,Ontario,39000
2024,Nissan,Pathfinder,Platinum,6,Gasoline,39829.0,10/12/2025,Ontario,46000
2020,Nissan,Murano,S,6,Gasoline,82450.0,10/12/2025,Quebec,10000
2022,Nissan,Murano,SV,6,Gasoline,39337.0,10/12/2025,Quebec,27000
2023,Nissan,Rogue,SV,3,Gasoline,15409.0,10/12/2025,Ontario,22250
2025,Nissan,Rogue,SV Moonroof,3,Gasoline,45887.0,10/12/2025,Alberta,27000
2023,Nissan,Rogue,SV,3,Gasoline,29445.0,10/12/2025,Quebec,23800
2023,Nissan,Rogue,SV Midnight Edition,3,Gasoline,47792.0,10/12/2025,Ontario,22500
2023,Nissan,Rogue,SV,3,Gasoline,33804.0,10/12/2025,Quebec,23700
2023,Nissan,Rogue,SV,3,Gasoline,62054.0,10/12/2025,Ontario,21750
2023,Nissan,Rogue,SV Moonroof,3,Gasoline,55092.0,10/12/2025,Ontario,22750
2023,Nissan,Rogue,SV,3,Gasoline,20823.0,10/12/2025,Quebec,25500
2025,Nissan,Rogue,SV Moonroof,3,Gasoline,32596.0,10/12/2025,Alberta,28000
2023,Nissan,Rogue,SV,3,Gasoline,14417.0,10/12/2025,Ontario,25500
2023,Nissan,Rogue,SV,3,Gasoline,21924.0,09/12/2025,Quebec,24900
2023,Nissan,Rogue,SV,3,Gasoline,33291.0,09/12/2025,Quebec,23400
2024,Nissan,Kicks,SV,4,Gasoline,11350.0,09/12/2025,Ontario,19500
2024,Nissan,Kicks,S,4,Gasoline,20458.0,09/12/2025,Quebec,17900
2024,Nissan,Sentra,SV,4,Gasoline,29992.0,09/12/2025,Ontario,18500
2024,Nissan,Kicks,SV,4,Gasoline,4909.0,09/12/2025,Quebec,21200
2024,Nissan,Sentra,SV,4,Gasoline,37355.0,09/12/2025,British Columbia,15600
2023,Nissan,Maxima,Platinum,6,Gasoline,51620.0,09/12/2025,Ontario,33400
2024,Nissan,Sentra,SV,4,Gasoline,13461.0,09/12/2025,Quebec,19500
2024,Nissan,Sentra,SV,4,Gasoline,47935.0,09/12/2025,Nova Scotia,12500
2021,Nissan,Sentra,SR,4,Gasoline,94103.0,09/12/2025,Ontario,14000
2025,Nissan,Kicks,SV,4,Gasoline,5387.0,09/12/2025,Alberta,24500
2023,Nissan,Kicks,S,4,Gasoline,159684.0,09/12/2025,Nova Scotia,9000
2023,Nissan,Kicks,SV,4,Gasoline,26010.0,09/12/2025,Alberta,17700
2024,Nissan,Kicks,SV,4,Gasoline,18651.0,09/12/2025,Nova Scotia,17900
2024,Nissan,Kicks,SV,4,Gasoline,17232.0,09/12/2025,Alberta,18500
2021,Nissan,Kicks,SV,4,Gasoline,55938.0,09/12/2025,Nova Scotia,14900
2019,Nissan,Qashqai,SV AWD,4,Gasoline,89884.0,09/12/2025,Alberta,9100
2020,Nissan,Qashqai,SV,4,Gasoline,148914.0,09/12/2025,Alberta,8300
2023,Nissan,Qashqai,S,4,Gasoline,48647.0,09/12/2025,Nova Scotia,16900
2024,Nissan,Rogue,S,3,Gasoline,34220.0,09/12/2025,Alberta,23250
2024,Nissan,Rogue,S,3,Gasoline,33619.0,09/12/2025,Nova Scotia,22000
2023,Nissan,Rogue,SV,3,Gasoline,60391.0,09/12/2025,Alberta,22900
2023,Nissan,Rogue,SL,3,Gasoline,29633.0,09/12/2025,Alberta,27000
2023,Nissan,Rogue,Platinum,3,Gasoline,41150.0,09/12/2025,Nova Scotia,24400
2023,Nissan,Rogue,Platinum,3,Gasoline,14107.0,09/12/2025,Alberta,30500
2023,Nissan,Rogue,Platinum,3,Gasoline,42573.0,09/12/2025,Nova Scotia,27400
2023,Nissan,Rogue,Platinum,3,Gasoline,24658.0,09/12/2025,Alberta,28250
2023,Nissan,Qashqai,S,4,Gasoline,48647.0,09/12/2025,Nova Scotia,16900
2024,Nissan,Rogue,S,3,Gasoline,34220.0,09/12/2025,Alberta,23250
2024,Nissan,Rogue,S,3,Gasoline,33619.0,09/12/2025,Nova Scotia,22000
2023,Nissan,Rogue,SV,3,Gasoline,60391.0,09/12/2025,Alberta,22900
2023,Nissan,Rogue,SV Moonroof,3,Gasoline,28015.0,09/12/2025,Nova Scotia,25000
2023,Nissan,Rogue,SV,3,Gasoline,30786.0,09/12/2025,Nova Scotia,23300
2023,Nissan,Rogue,SV Moonroof,3,Gasoline,33523.0,09/12/2025,Alberta,23000
2024,Nissan,Kicks,SR,4,Gasoline,8847.0,08/12/2025,Quebec,23300
2024,Nissan,Kicks,SV,4,Gasoline,15847.0,08/12/2025,Quebec,21500
2021,Nissan,Murano,SV,6,Gasoline,63138.0,08/12/2025,Quebec,21400
2023,Nissan,Rogue,SV,3,Gasoline,23651.0,08/12/2025,Quebec,26900
2023,Nissan,Rogue,SL,3,Gasoline,29711.0,08/12/2025,Quebec,26600
2023,Nissan,Rogue,SV,3,Gasoline,37068.0,08/12/2025,Ontario,24900
2023,Nissan,Rogue,S,4,Gasoline,31895.0,08/12/2025,Quebec,21900
2023,Nissan,Rogue,SV,3,Gasoline,28019.0,08/12/2025,Quebec,24900
2023,Nissan,Rogue,SV Midnight Edition,3,Gasoline,42433.0,08/12/2025,Quebec,25200
2023,Nissan,Rogue,S,4,Gasoline,49840.0,08/12/2025,Quebec,21400
2023,Nissan,Rogue,SV,3,Gasoline,30093.0,08/12/2025,Ontario,24900
2023,Nissan,Rogue,SV,3,Gasoline,34722.0,08/12/2025,Ontario,26600
2023,Nissan,Rogue,SV,3,Gasoline,27873.0,08/12/2025,Ontario,24900
2023,Nissan,Rogue,SV Moonroof,3,Gasoline,48451.0,08/12/2025,Ontario,23800
2023,Nissan,Rogue,SV,3,Gasoline,41369.0,08/12/2025,Ontario,24600
2023,Nissan,Rogue,SV,3,Gasoline,29756.0,08/12/2025,Ontario,24400
2023,Nissan,Rogue,SV,3,Gasoline,33879.0,08/12/2025,Ontario,26400
2024,Nissan,Rogue,SV Moonroof,3,Gasoline,36467.0,05/12/2025,Ontario,28000
2024,Nissan,Kicks,SV,4,Gasoline,16780.0,05/12/2025,Quebec,20700
2023,Nissan,Rogue,SV Moonroof,3,Gasoline,37634.0,05/12/2025,New Brunswick,23400
2023,Nissan,Rogue,SV,3,Gasoline,34245.0,05/12/2025,New Brunswick,24100
2023,Nissan,Rogue,SV,3,Gasoline,29147.0,05/12/2025,Nova Scotia,24900
2023,Nissan,Rogue,SV Moonroof,3,Gasoline,27246.0,05/12/2025,Ontario,25400
2023,Nissan,Rogue,SV,3,Gasoline,8045.0,05/12/2025,Ontario,26200
2023,Nissan,Rogue,SV,3,Gasoline,38879.0,05/12/2025,Ontario,24400
2023,Nissan,Rogue,SV,3,Gasoline,23293.0,05/12/2025,Quebec,25400
2023,Nissan,Rogue,SV,3,Gasoline,28722.0,05/12/2025,Quebec,25200
2023,Nissan,Rogue,SV,3,Gasoline,38156.0,05/12/2025,Quebec,24200
2023,Nissan,Rogue,SV Midnight Edition,3,Gasoline,79162.0,05/12/2025,Ontario,21500
2023,Nissan,Rogue,SV,3,Gasoline,30666.0,05/12/2025,Ontario,24100
2023,Nissan,Rogue,SV,3,Gasoline,24118.0,05/12/2025,Quebec,24800
2023,Nissan,Rogue,S,4,Gasoline,31834.0,05/12/2025,Quebec,23400
2023,Nissan,Qashqai,S,4,Gasoline,32671.0,05/12/2025,Newfoundland and Labrador,17000
2024,Nissan,Rogue,S,3,Gasoline,61562.0,05/12/2025,Ontario,22900
2023,Nissan,Qashqai,Other,4,Gasoline,22578.0,05/12/2025,Ontario,19000
2021,Nissan,NV200 Compact Cargo,S,4,Gasoline,109820.0,05/12/2025,Newfoundland and Labrador,15000
2019,Nissan,Qashqai,SL,4,Gasoline,86422.0,05/12/2025,Newfoundland and Labrador,7600
2019,Nissan,Qashqai,S,4,Gasoline,123278.0,05/12/2025,Newfoundland and Labrador,12200
2020,Nissan,Qashqai,SV,4,Gasoline,154682.0,05/12/2025,British Columbia,10500
2018,Nissan,Rogue,SV,4,Gasoline,101222.0,05/12/2025,Newfoundland and Labrador,7900
2021,Nissan,Rogue,SV,4,Gasoline,81025.0,05/12/2025,Newfoundland and Labrador,18700
2019,Nissan,Qashqai,SL,4,Gasoline,86422.0,05/12/2025,Newfoundland and Labrador,7600
2019,Nissan,Qashqai,S,4,Gasoline,123278.0,05/12/2025,Newfoundland and Labrador,12200
2020,Nissan,Qashqai,SV,4,Gasoline,154682.0,05/12/2025,British Columbia,10500
2023,Nissan,Qashqai,Other,4,Gasoline,11974.0,04/12/2025,Quebec,22300
2021,Nissan,Murano,S,6,Gasoline,76991.0,04/12/2025,Ontario,17700
2023,Nissan,Rogue,Platinum,3,Gasoline,103792.0,04/12/2025,Saskatchewan,20600
2023,Nissan,Rogue,SV,3,Gasoline,6827.0,04/12/2025,Quebec,26400
